url,brand,name,sizes,image_article,status
https://loplabbet.no/226ers-high-fructose-gel-44gr-caffeine-cola-55mg-unisex-226-2134,226ers-226,226ERS HIGH FRUCTOSE GEL 44GR CAFFEINE COLA 55MG Unisex,,226ers-226-2134,ok
https://loplabbet.no/226ers-high-fructose-gel-44gr-strawberry-unisex-226-2135,226ers-226,226ERS HIGH FRUCTOSE GEL 44GR STRAWBERRY Unisex,,226ers-226-2135,ok
https://loplabbet.no/226ers-high-energy-gel-lemon-no-colour-unisex-226-5011,226ers-226,226ERS HIGH ENERGY GEL 76g LEMON No colour Unisex,,226ers-226-5011,ok
https://loplabbet.no/226ers-high-energy-gel-salty-strawberry-no-colour-unisex-226-5604,226ers-226,226ERS HIGH ENERGY GEL SALTY STRAWBERRY No colour Unisex,,226ers-226-5604,ok
https://loplabbet.no/226ers-isotonic-gel-68g-blueberry-mint-no-colour-unisex-226-5608,226ers-226,226ERS Isotonic Gel 68g BLUEBERRY MINT No colour Unisex,,226ers-226-5608,ok
https://loplabbet.no/226ers-high-fructose-gel-80-gr-cafeina-cola-no-colour-unisex-226-5640,226ers-226,226ERS HIGH FRUCTOSE GEL 80 GR. Cafeína Cola No colour Unisex,,226ers-226-5640,ok
https://loplabbet.no/226ers-high-fructose-gel-80-gr-fresa-no-colour-unisex-226-5655,226ers-226,226ERS HIGH FRUCTOSE GEL 80 GR. Fresa No colour Unisex,,226ers-226-5655,ok
https://loplabbet.no/226ers-hydrajelly-40g-salty-cherry-no-colour-unisex-226-5755,226ers-226,226ERS HYDRAJELLY 40g Salty Cherry No colour Unisex,,226ers-226-5755,ok
https://loplabbet.no/226ers-hydrajelly-40g-salty-caramel-no-colour-unisex-226-5756,226ers-226,226ERS HYDRAJELLY 40g Salty Caramel No colour Unisex,,226ers-226-5756,ok
https://loplabbet.no/226ers-high-fructose-gel-80g-lemon-unisex-226-5797,226ers-226,226ERS HIGH FRUCTOSE GEL 80g LEMON Unisex,,226ers-226-5797,ok
https://loplabbet.no/226ers-high-energy-gel-45g-lemon-unisex-226-5997,226ers-226,226ERS HIGH ENERGY GEL 45g LEMON Unisex,,226ers-226-5997,ok
https://loplabbet.no/abilica-gymmatte-185-x-60-x-15-cm-blue-unisex-372976,abilica,"ABILICA GymMatte 185 x 60 x 1,5 cm Blue Unisex",,abilica-372976,ok
https://loplabbet.no/abilica-balancepad-large-dark-grey-unisex-373285,abilica,ABILICA BalancePad Large Dark grey Unisex,,abilica-373285,ok
https://loplabbet.no/abilica-yogamat-jute-eco-green-unisex-373303,abilica,ABILICA YogaMat Jute ECO Green Unisex,,abilica-373303,ok
https://loplabbet.no/abilica-kettlebell-covered-4kg-sand-unisex-373344,abilica,ABILICA KettleBell covered 4kg Sand Unisex,,abilica-373344,ok
https://loplabbet.no/active-ankle-active-ankle-t-2-black-unisex-700062,active,ACTIVE ANKLE Active Ankle T-2 black Unisex,,active-700062,ok
https://loplabbet.no/adidas-fwd-02-night-grey-unisex-800013,adidas,ADIDAS FWD-02 Night grey Unisex,,adidas-800013,ok
https://loplabbet.no/adidas-rpt-sol-black-unisex-800015,adidas,ADIDAS RPT SOL Black Unisex,,adidas-800015,ok
https://loplabbet.no/adidas-adidas-adizero-avanti-2-unisex-conavyfconavyftwwhteqtgrn-unisex-af5635,adidas,"ADIDAS Adidas Adizero Avanti 2, unisex CONAVY/F/CONAVY/FTWWHT/EQTGRN Unisex",,adidas-conavyfconavyftwwhteqtgrn-unisex-af5635,ok
https://loplabbet.no/adidas-adizero-avanti-cblackfcblackftwwhtsholim-unisex-b22514,adidas,ADIDAS adizero avanti CBLACK/F/CBLACK/FTWWHT/SHOLIM Unisex,,adidas-b22514,ok
https://loplabbet.no/adidas-adizero-avanti-ftwwhtcftwwhtcblackshored-unisex-b37486,adidas,ADIDAS Adizero Avanti FTWWHT/C/FTWWHT/CBLACK/SHORED Unisex,,adidas-b37486,ok
https://loplabbet.no/adidas-distancestar-unisex-ftwwhtcftwwhtcblackshored-unisex,adidas,"ADIDAS Distancestar, unisex FTWWHT/C/FTWWHT/CBLACK/SHORED Unisex",,adidas-b37498,ok
https://loplabbet.no/adidas-adizero-avanti-ftwwhtsftwwhtsolredsilvmt-unisex-ba9878,adidas,ADIDAS adizero avanti FTWWHT/S/FTWWHT/SOLRED/SILVMT Unisex,,adidas-ba9878,ok
https://loplabbet.no/adidas-adizero-avanti-cblackfcblackftwwhtorange-unisex-cg3831,adidas,ADIDAS Adizero Avanti CBLACK/F/CBLACK/FTWWHT/ORANGE Unisex,,adidas-cg3831,ok
https://loplabbet.no/adidas-adizero-prime-sp-cblackfcblackftwwhtorange-unisex-cg3839,adidas,ADIDAS Adizero Prime SP CBLACK/F/CBLACK/FTWWHT/ORANGE Unisex,,adidas-cg3839,ok
https://loplabbet.no/adidas-adizero-avanti-2-solblublack1b-unisex-d67173,adidas,ADIDAS adizero avanti 2 SOLBLU/BLACK1/B Unisex,,adidas-d67173,ok
https://loplabbet.no/adidas-adizero-avanti-sigcorssigcorsilvmtftwwht-unisex-ee4613,adidas,ADIDAS adizero avanti SIGCOR/S/SIGCOR/SILVMT/FTWWHT Unisex,,adidas-ee4613,ok
https://loplabbet.no/adidas-distancestar-unisex-cblackfcblackftwwhtsigcor-unisex,adidas,"ADIDAS Distancestar, unisex CBLACK/F/CBLACK/FTWWHT/SIGCOR Unisex",,adidas-cblackfcblackftwwhtsigcor-unisex,ok
https://loplabbet.no/adidas-adidas-adizero-pro-dame-greoneltflorftwwht-dame,adidas,"ADIDAS Adidas Adizero Pro, dame GREONE/LTFLOR/FTWWHT Dame",,adidas-greoneltflorftwwht-dame,ok
https://loplabbet.no/adidas-adizero-ambition-scrgrnsoninksiggnr-unisex-fy4075,adidas,ADIDAS ADIZERO AMBITION SCRGRN/SONINK/SIGGNR Unisex,,adidas-fy4075,ok
https://loplabbet.no/adidas-adizero-boston-10-ftwwhtcblacksolred-herre-fy4079,adidas,ADIDAS Adizero Boston 10 FTWWHT/CBLACK/SOLRED Herre,,adidas-fy4079,ok
https://loplabbet.no/adidas-distancestar-ftwwhtcblacksolred-unisex-fy4094,adidas,ADIDAS Distancestar FTWWHT/CBLACK/SOLRED Unisex,,adidas-fy4094,ok
https://loplabbet.no/adidas-terrex-agravic-ultra-ftwwhtgretwocblack-herre-fy7629,adidas,ADIDAS Terrex Agravic Ultra FTWWHT/GRETWO/CBLACK Herre,,adidas-fy7629,ok
https://loplabbet.no/adidas-terrex-agravic-ultra-cblacksyellocrywht-dame-fy7660,adidas,ADIDAS Terrex Agravic Ultra CBLACK/SYELLO/CRYWHT Dame,,adidas-fy7660,ok
https://loplabbet.no/adidas-adizero-ambition-ftwwhtcblacksolred-unisex-fz2484,adidas,ADIDAS Adizero Ambition FTWWHT/CBLACK/SOLRED Unisex,,adidas-fz2484,ok
https://loplabbet.no/adidas-adizero-adios-7-ftwwhtcblackpulmin-herre-gv9059,adidas,ADIDAS Adizero Adios 7 FTWWHT/CBLACK/PULMIN Herre,,adidas-gv9059,ok
https://loplabbet.no/adidas-adidas-adizero-adios-7-dame-pulminsilvmtcblack-dame-gv9062,adidas,"ADIDAS Adidas Adizero Adios 7, dame PULMIN/SILVMT/CBLACK Dame",,adidas-gv9062,ok
https://loplabbet.no/adidas-solarboost-5-solredftwwhtaciora-herre-gv9137,adidas,ADIDAS Solarboost 5 SOLRED/FTWWHT/ACIORA Herre,,adidas-gv9137,ok
https://loplabbet.no/adidas-solarboost-5-corfuszeromtaciora-dame-gv9142,adidas,ADIDAS Solarboost 5 CORFUS/ZEROMT/ACIORA Dame,,adidas-gv9142,ok
https://loplabbet.no/adidas-adizero-adios-pro-3-pulmincblacklucblu-unisex-gw4249,adidas,ADIDAS ADIZERO ADIOS PRO 3 PULMIN/CBLACK/LUCBLU Unisex,,adidas-gw4249,ok
https://loplabbet.no/adidas-adizero-adios-pro-2-legindturboskyrus-unisex-gx3117,adidas,ADIDAS Adizero Adios Pro 2 LEGIND/TURBO/SKYRUS Unisex,,adidas-gx3117,ok
https://loplabbet.no/adidas-adizero-prime-x-legindturboskyrus-unisex-gx3134,adidas,ADIDAS Adizero Prime X LEGIND/TURBO/SKYRUS Unisex,,adidas-gx3134,ok
https://loplabbet.no/adidas-adizero-prime-x-pullimreateaflaora-unisex-gx3136,adidas,ADIDAS Adizero Prime X PULLIM/REATEA/FLAORA Unisex,,adidas-gx3136,ok
https://loplabbet.no/adidas-adizero-adios-pro-3-cblackbeamyesgreen-unisex-gx6251,adidas,ADIDAS Adizero Adios Pro 3 CBLACK/BEAMYE/SGREEN Unisex,,adidas-gx6251,ok
https://loplabbet.no/adidas-adizero-boston-11-dame-beampkftwwhtbeamgr-dame,adidas,"ADIDAS Adizero Boston 11, dame BEAMPK/FTWWHT/BEAMGR Dame",,adidas-gx6656,ok
https://loplabbet.no/adidas-adizero-takumi-sen-8-ftwwhtreateaflaora-unisex-gx8148,adidas,ADIDAS Adizero Takumi Sen 8 FTWWHT/REATEA/FLAORA Unisex,,adidas-gx8148,ok
https://loplabbet.no/adidas-adizero-adios-pro-3-solredzeromtcorfus-unisex-gx9777,adidas,ADIDAS Adizero Adios Pro 3 SOLRED/ZEROMT/CORFUS Unisex,,adidas-gx9777,ok
https://loplabbet.no/adidas-adizero-adios-6-legindftwwhtturbo-herre-gy0893,adidas,ADIDAS Adizero Adios 6 LEGIND/FTWWHT/TURBO Herre,,adidas-gy0893,ok
https://loplabbet.no/adidas-adizero-boston-10-turbosabemtlegind-dame-gy0905,adidas,ADIDAS Adizero Boston 10 TURBO/SABEMT/LEGIND Dame,,adidas-gy0905,ok
https://loplabbet.no/adidas-adizero-adios-6-turboskyruslegind-dame-gy0909,adidas,ADIDAS Adizero Adios 6 TURBO/SKYRUS/LEGIND Dame,,adidas-gy0909,ok
https://loplabbet.no/adidas-adizero-ambition-legindturboblurus-unisex-gy0911,adidas,ADIDAS Adizero Ambition LEGIND/TURBO/BLURUS Unisex,,adidas-gy0911,ok
https://loplabbet.no/adidas-adizero-ambition-pullimreateaflaora-unisex-gy0912,adidas,ADIDAS ADIZERO AMBITION PULLIM/REATEA/FLAORA Unisex,,adidas-gy0912,ok
https://loplabbet.no/adidas-adizero-finesse-legindturboblurus-unisex-gy0913,adidas,ADIDAS Adizero Finesse LEGIND/TURBO/BLURUS Unisex,,adidas-gy0913,ok
https://loplabbet.no/adidas-adizero-boston-10-legindturboskyrus-herre-gy0926,adidas,ADIDAS Adizero Boston 10 LEGIND/TURBO/SKYRUS Herre,,adidas-gy0926,ok
https://loplabbet.no/adidas-adizero-avanti-tyo-legindturboblurus-unisex-gy0939,adidas,ADIDAS Adizero Avanti Tyo LEGIND/TURBO/BLURUS Unisex,,adidas-gy0939,ok
https://loplabbet.no/adidas-distancestar-legindturboblurus-unisex-gy0946,adidas,ADIDAS Distancestar LEGIND/TURBO/BLURUS Unisex,,adidas-gy0946,ok
https://loplabbet.no/adidas-adizero-avanti-tyo-pullimreateaflaora-unisex-gy3524,adidas,ADIDAS ADIZERO AVANTI TYO PULLIM/REATEA/FLAORA Unisex,,adidas-gy3524,ok
https://loplabbet.no/adidas-adizero-avanti-tokyo-ftwwhtcblacksolred-unisex-gy7697,adidas,ADIDAS Adizero Avanti Tokyo FTWWHT/CBLACK/SOLRED Unisex,,adidas-gy7697,ok
https://loplabbet.no/adidas-adizero-finesse-cblackbeamyesgreen-unisex-gy8394,adidas,ADIDAS adizero finesse CBLACK/BEAMYE/SGREEN Unisex,,adidas-gy8394,ok
https://loplabbet.no/adidas-adizero-boston-11-crywhtngtmetlingrn-herre-gy8407,adidas,ADIDAS Adizero Boston 11 CRYWHT/NGTMET/LINGRN Herre,,adidas-gy8407,ok
https://loplabbet.no/adidas-adidas-adizero-adios-pro-3-unisex-pullilftwwhtsorang-unisex,adidas,"ADIDAS Adidas Adizero Adios Pro 3, unisex PULLIL/FTWWHT/SORANG Unisex",,adidas-pullilftwwhtsorang-unisex,ok
https://loplabbet.no/adidas-adizero-takumi-sen-8-legindturboskyrus-unisex-gz0182,adidas,ADIDAS Adizero Takumi Sen 8 LEGIND/TURBO/SKYRUS Unisex,,adidas-gz0182,ok
https://loplabbet.no/adidas-adizero-takumi-sen-8-gresixftwwhtcblack-unisex-h01121,adidas,ADIDAS Adizero Takumi Sen 8 GRESIX/FTWWHT/CBLACK Unisex,,adidas-h01121,ok
https://loplabbet.no/adidas-adizero-adios-8-wonbluluclemlucpnk-herre-h03615,adidas,ADIDAS Adizero Adios 8 WONBLU/LUCLEM/LUCPNK Herre,,adidas-h03615,ok
https://loplabbet.no/adidas-adizero-adios-6-cblackftwwhtgrefiv-herre-h67509,adidas,ADIDAS Adizero Adios 6 CBLACK/FTWWHT/GREFIV Herre,,adidas-h67509,ok
https://loplabbet.no/adidas-adizero-boston-10-cblackftwwhtgoldmt-dame-h67515,adidas,ADIDAS Adizero Boston 10 CBLACK/FTWWHT/GOLDMT Dame,,adidas-h67515,ok
https://loplabbet.no/adidas-adizero-boston-12-wonblusilvmtluclem-dame-hp9703,adidas,ADIDAS Adizero Boston 12 WONBLU/SILVMT/LUCLEM Dame,,adidas-hp9703,ok
https://loplabbet.no/adidas-adizero-boston-12-ftwwhtcblackluclem-herre-hp9705,adidas,ADIDAS Adizero Boston 12 FTWWHT/CBLACK/LUCLEM Herre,,adidas-hp9705,ok
https://loplabbet.no/adidas-adizero-prime-x-2-strung-luclemcblackarcngt-unisex-hp9708,adidas,ADIDAS Adizero Prime X 2 Strung LUCLEM/CBLACK/ARCNGT Unisex,,adidas-hp9708,ok
https://loplabbet.no/adidas-adizero-prime-x-2-strung-ftwwhtcblackluccya-unisex-hp9709,adidas,ADIDAS Adizero Prime X 2 Strung FTWWHT/CBLACK/LUCCYA Unisex,,adidas-hp9709,ok
https://loplabbet.no/adidas-adizero-adios-8-arcfusluclemlucpnk-dame-hp9722,adidas,ADIDAS Adizero Adios 8 ARCFUS/LUCLEM/LUCPNK Dame,,adidas-hp9722,ok
https://loplabbet.no/adidas-adizero-adios-pro-3-whitincblackcorfus-unisex-hq3688,adidas,ADIDAS Adizero Adios Pro 3 WHITIN/CBLACK/CORFUS Unisex,,adidas-hq3688,ok
https://loplabbet.no/adidas-boston-11-pulminftwwhtcrywht-dame-hq3696,adidas,ADIDAS Boston 11 PULMIN/FTWWHT/CRYWHT Dame,,adidas-hq3696,ok
https://loplabbet.no/adidas-adizero-prime-x-strung-pulmincblacklucfuc-unisex-hq3781,adidas,ADIDAS Adizero Prime X Strung PULMIN/CBLACK/LUCFUC Unisex,,adidas-hq3781,ok
https://loplabbet.no/adidas-adizero-prime-sp2-cblackbeamyesgreen-unisex-hr0225,adidas,ADIDAS Adizero Prime SP2 CBLACK/BEAMYE/SGREEN Unisex,,adidas-hr0225,ok
https://loplabbet.no/adidas-promo-singlet-wonbluwonsil-herre-hz2548,adidas,ADIDAS Promo Singlet WONBLU/WONSIL Herre,,adidas-hz2548,ok
https://loplabbet.no/adidas-promo-shorts-wonbluwonsil-herre-hz2550,adidas,ADIDAS Promo Shorts WONBLU/WONSIL Herre,,adidas-hz2550,ok
https://loplabbet.no/adidas-running-formotion-iconic-shorts-powpnk-dame-ia7570,adidas,ADIDAS Running Formotion Iconic Shorts POWPNK Dame,,adidas-ia7570,ok
https://loplabbet.no/adidas-adizero-prime-x-2-strung-aurblazeromtgrespa-unisex-id0263,adidas,ADIDAS Adizero Prime X 2 Strung AURBLA/ZEROMT/GRESPA Unisex,,adidas-id0263,ok
https://loplabbet.no/adidas-adizero-prime-x-2-strung-cblackzeromtspark-unisex-id0267,adidas,ADIDAS ADIZERO PRIME X 2 STRUNG CBLACK/ZEROMT/SPARK Unisex,,adidas-id0267,ok
https://loplabbet.no/adidas-adizero-prime-sp2-pulmincblacklucblu-unisex-id1736,adidas,ADIDAS Adizero Prime SP2 PULMIN/CBLACK/LUCBLU Unisex,,adidas-id1736,ok
https://loplabbet.no/adidas-adizero-adios-pro-3-w-pinspaaurmetsanpin-dame-id3612,adidas,ADIDAS ADIZERO ADIOS PRO 3 W PINSPA/AURMET/SANPIN Dame,,adidas-id3612,ok
https://loplabbet.no/adidas-adizero-prime-x-2-strung-ftwwhtcblackpinspa-unisex-id3617,adidas,ADIDAS ADIZERO PRIME X 2 STRUNG FTWWHT/CBLACK/PINSPA Unisex,,adidas-id3617,ok
https://loplabbet.no/adidas-adizero-adios-pro-3-cobbluzeromtluclem-unisex-id3635,adidas,ADIDAS ADIZERO ADIOS PRO 3 COBBLU/ZEROMT/LUCLEM Unisex,,adidas-id3635,ok
https://loplabbet.no/adidas-adizero-boston-12-wonbluluclemcarbon-herre-id4233,adidas,ADIDAS Adizero Boston 12 WONBLU/LUCLEM/CARBON Herre,,adidas-id4233,ok
https://loplabbet.no/adidas-adistar-byd-ftwwhtcblackluclem-herre-id6174,adidas,ADIDAS ADISTAR BYD FTWWHT/CBLACK/LUCLEM Herre,,adidas-id6174,ok
https://loplabbet.no/adidas-adistar-byd-ftwwhtngtmetflaaqu-dame-id6178,adidas,ADIDAS ADISTAR BYD FTWWHT/NGTMET/FLAAQU Dame,,adidas-id6178,ok
https://loplabbet.no/adidas-adistar-byd-prptntbluspasildaw-dame-id6179,adidas,ADIDAS ADISTAR BYD PRPTNT/BLUSPA/SILDAW Dame,,adidas-id6179,ok
https://loplabbet.no/adidas-adizero-boston-12-arcngtluclemcarbon-dame-id6898,adidas,ADIDAS Adizero Boston 12 ARCNGT/LUCLEM/CARBON Dame,,adidas-id6898,ok
https://loplabbet.no/adidas-adizero-adios-pro-3-luccyaftwwhtbrired-unisex-id8468,adidas,ADIDAS Adizero Adios Pro 3 LUCCYA/FTWWHT/BRIRED Unisex,,adidas-id8468,ok
https://loplabbet.no/adidas-adizero-adios-pro-3-luccyaftwwhtbrired-dame-id8473,adidas,ADIDAS ADIZERO ADIOS PRO 3 LUCCYA/FTWWHT/BRIRED Dame,,adidas-id8473,ok
https://loplabbet.no/adidas-adizero-prime-sp-wonbluluclemarcngt-unisex-ie2765,adidas,ADIDAS Adizero Prime SP WONBLU/LUCLEM/ARCNGT Unisex,,adidas-ie2765,ok
https://loplabbet.no/adidas-adizero-prime-sp-2-ftwwhtcblackgrespa-unisex-ie5485,adidas,ADIDAS Adizero Prime SP 2 FTWWHT/CBLACK/GRESPA Unisex,,adidas-ie5485,ok
https://loplabbet.no/adidas-terrex-agravic-speed-cblackgreoneambtin-dame-ie7671,adidas,ADIDAS TERREX AGRAVIC SPEED CBLACK/GREONE/AMBTIN Dame,,adidas-ie7671,ok
https://loplabbet.no/adidas-adizero-prime-sp2-cblackzeromtspark-unisex-ie8495,adidas,ADIDAS Adizero Prime SP2 CBLACK/ZEROMT/SPARK Unisex,,adidas-ie8495,ok
https://loplabbet.no/adidas-terrex-agravic-speed-ultra-imporacrywhtsemspa-herre-if6594,adidas,ADIDAS TERREX AGRAVIC SPEED ULTRA IMPORA/CRYWHT/SEMSPA Herre,,adidas-if6594,ok
https://loplabbet.no/adidas-terrex-agravic-speed-ultra-ambtincrywhtsemspa-dame-if6597,adidas,ADIDAS TERREX AGRAVIC SPEED ULTRA AMBTIN/CRYWHT/SEMSPA Dame,,adidas-if6597,ok
https://loplabbet.no/adidas-adizero-boston-12-ftwwhtaurmetsolred-herre-if9210,adidas,ADIDAS ADIZERO BOSTON 12 FTWWHT/AURMET/SOLRED Herre,,adidas-if9210,ok
https://loplabbet.no/adidas-adizero-boston-12-m-cobbluzeromtlucblu-herre-if9211,adidas,ADIDAS ADIZERO BOSTON 12 M COBBLU/ZEROMT/LUCBLU Herre,,adidas-if9211,ok
https://loplabbet.no/adidas-adizero-boston-12-sanpinaurmetsolred-dame-if9218,adidas,ADIDAS ADIZERO BOSTON 12 SANPIN/AURMET/SOLRED Dame,,adidas-if9218,ok
https://loplabbet.no/adidas-adizero-adios-9-ftwwhtcblacklucred-dame-if9418,adidas,ADIDAS ADIZERO ADIOS 9 FTWWHT/CBLACK/LUCRED Dame,,adidas-if9418,ok
https://loplabbet.no/adidas-adizero-adios-9-ftwwhtcblacksilvmt-herre-if9419,adidas,ADIDAS ADIZERO ADIOS 9 FTWWHT/CBLACK/SILVMT Herre,,adidas-if9419,ok
https://loplabbet.no/adidas-adizero-prime-x-2-strung-gretwolucredglogry-unisex-if9427,adidas,ADIDAS ADIZERO PRIME X 2 STRUNG GRETWO/LUCRED/GLOGRY Unisex,,adidas-if9427,ok
https://loplabbet.no/adidas-adistar-byd-m-imporalucblulucred-herre-if9562,adidas,ADIDAS ADISTAR BYD IMPORA/LUCBLU/LUCRED Herre,,adidas-if9562,ok
https://loplabbet.no/adidas-adizero-boston-12-precrizeromtprloin-dame-ig1535,adidas,ADIDAS ADIZERO BOSTON 12 PRECRI/ZEROMT/PRLOIN Dame,,adidas-ig1535,ok
https://loplabbet.no/adidas-adizero-adios-8-cblackzeromtspark-herre-ig1541,adidas,ADIDAS ADIZERO ADIOS 8 CBLACK/ZEROMT/SPARK Herre,,adidas-ig1541,ok
https://loplabbet.no/adidas-adizero-avanti-luclemcblackhalsil-unisex-ig1989,adidas,ADIDAS ADIZERO AVANTI LUCLEM/CBLACK/HALSIL Unisex,,adidas-ig1989,ok
https://loplabbet.no/adidas-adizero-adios-pro-3-wonblucblackluclem-unisex-ig3132,adidas,ADIDAS Adizero Adios Pro 3 WONBLU/CBLACK/LUCLEM Unisex,,adidas-ig3132,ok
https://loplabbet.no/adidas-adizero-boston-12-ivorycblacksolred-herre-ig3320,adidas,ADIDAS ADIZERO BOSTON 12 IVORY/CBLACK/SOLRED Herre,,adidas-ig3320,ok
https://loplabbet.no/adidas-adizero-boston-12-ivoryironmtsolred-dame-ig3325,adidas,ADIDAS ADIZERO BOSTON 12 IVORY/IRONMT/SOLRED Dame,,adidas-ig3325,ok
https://loplabbet.no/adidas-adizero-prime-sp-3-strung-cblackzeromtspark-unisex-ig4330,adidas,ADIDAS ADIZERO PRIME SP 3 STRUNG CBLACK/ZEROMT/SPARK Unisex,,adidas-ig4330,ok
https://loplabbet.no/adidas-adizero-adios-8-sparkcblackivory-herre-ig5646,adidas,ADIDAS Adizero Adios 8 SPARK/CBLACK/IVORY Herre,,adidas-ig5646,ok
https://loplabbet.no/adidas-adizero-adios-pro-3-cwhitesilvmtclpink-dame-ig6425,adidas,ADIDAS ADIZERO ADIOS PRO 3 CWHITE/SILVMT/CLPINK Dame,,adidas-ig6425,ok
https://loplabbet.no/adidas-adizero-adios-pro-3-ivoryironmtcrysan-dame-ig6427,adidas,ADIDAS ADIZERO ADIOS PRO 3 IVORY/IRONMT/CRYSAN Dame,,adidas-ig6427,ok
https://loplabbet.no/adidas-adizero-adios-pro-3-dame-cblackzeromtspark-dame-ig6431,adidas,"ADIDAS ADIZERO ADIOS PRO 3, dame CBLACK/ZEROMT/SPARK Dame",,adidas-cblackzeromtspark-dame-ig6431,ok
https://loplabbet.no/adidas-adizero-adios-pro-3-ftwwhtdkbluegoldmt-herre-ig6438,adidas,ADIDAS ADIZERO ADIOS PRO 3 FTWWHT/DKBLUE/GOLDMT Herre,,adidas-ig6438,ok
https://loplabbet.no/adidas-adizero-adios-pro-3-cblackzeromtspark-herre-ig6439,adidas,ADIDAS ADIZERO ADIOS PRO 3 CBLACK/ZEROMT/SPARK Herre,,adidas-ig6439,ok
https://loplabbet.no/adidas-adizero-adios-pro-3-m-crywhtluclemblubrs-unisex-ig6441,adidas,ADIDAS ADIZERO ADIOS PRO 3 M CRYWHT/LUCLEM/BLUBRS Unisex,,adidas-ig6441,ok
https://loplabbet.no/adidas-adizero-adios-pro-3-ivorycblackcrysan-unisex-ig6442,adidas,ADIDAS ADIZERO ADIOS PRO 3 IVORY/CBLACK/CRYSAN Unisex,,adidas-ig6442,ok
https://loplabbet.no/adidas-terrex-agravic-speed-cblackgreoneimpora-herre-ig8017,adidas,ADIDAS TERREX AGRAVIC SPEED CBLACK/GREONE/IMPORA Herre,,adidas-ig8017,ok
https://loplabbet.no/adidas-terrex-agravic-speed-ultra-pnkfuscrywhtpurbur-dame-ig8850,adidas,ADIDAS TERREX AGRAVIC SPEED ULTRA PNKFUS/CRYWHT/PURBUR Dame,,adidas-ig8850,ok
https://loplabbet.no/adidas-terrex-agravic-speed-pnkfuscblackpurbur-dame-ig8854,adidas,ADIDAS TERREX AGRAVIC SPEED PNKFUS/CBLACK/PURBUR Dame,,adidas-ig8854,ok
https://loplabbet.no/adidas-y-3-adios-pro-3-owhiteowhitecblack-unisex-ih0866,adidas,ADIDAS Y-3 ADIOS PRO 3 OWHITE/OWHITE/CBLACK Unisex,,adidas-ih0866,ok
https://loplabbet.no/adidas-terrex-agravic-speed-ultra-pulblugreoneseimor-herre-ih0979,adidas,ADIDAS TERREX AGRAVIC SPEED ULTRA PULBLU/GREONE/SEIMOR Herre,,adidas-ih0979,ok
https://loplabbet.no/adidas-terrex-agravic-speed-pulblucblackseimor-herre-ih0980,adidas,ADIDAS TERREX AGRAVIC SPEED PULBLU/CBLACK/SEIMOR Herre,,adidas-ih0980,ok
https://loplabbet.no/adidas-terrex-agravic-speed-ultra-ftwwhtimporadshgry-herre-ih3764,adidas,ADIDAS TERREX AGRAVIC SPEED ULTRA FTWWHT/IMPORA/DSHGRY Herre,,adidas-ih3764,ok
https://loplabbet.no/adidas-terrex-agravic-speed-ultra-ftwwhtimporadshgry-dame-ih3767,adidas,ADIDAS TERREX AGRAVIC SPEED ULTRA FTWWHT/IMPORA/DSHGRY Dame,,adidas-ih3767,ok
https://loplabbet.no/adidas-terrex-agravic-speed-ftwwhtimporadshgry-dame-ih3771,adidas,ADIDAS Terrex Agravic Speed FTWWHT/IMPORA/DSHGRY Dame,,adidas-ih3771,ok
https://loplabbet.no/adidas-adizero-adios-pro-3-m-lucpnkftwwhtcblack-herre-ih3808,adidas,ADIDAS ADIZERO ADIOS PRO 3 M LUCPNK/FTWWHT/CBLACK Herre,,adidas-ih3808,ok
https://loplabbet.no/adidas-adizero-adios-pro-evo-1-nonenonenone-unisex-ih5564,adidas,ADIDAS Adizero Adios Pro Evo 1 NONE/NONE/NONE Unisex,,adidas-ih5564,ok
https://loplabbet.no/adidas-adizero-prime-x-2-strung-luclemcblackhalsil-unisex-ih5683,adidas,ADIDAS ADIZERO PRIME X 2 STRUNG LUCLEM/CBLACK/HALSIL Unisex,,adidas-ih5683,ok
https://loplabbet.no/adidas-adizero-prime-x-2-strung-ftwwhtcblacklucred-unisex-ih5685,adidas,ADIDAS ADIZERO PRIME X 2 STRUNG FTWWHT/CBLACK/LUCRED Unisex,,adidas-ih5685,ok
https://loplabbet.no/adidas-adizero-adios-9-lucredftwwhtpursul-herre-ih5747,adidas,ADIDAS ADIZERO ADIOS 9 LUCRED/FTWWHT/PURSUL Herre,,adidas-ih5747,ok
https://loplabbet.no/adidas-adizero-ambition-luclemcblackhalsil-unisex-ih5798,adidas,ADIDAS ADIZERO AMBITION LUCLEM/CBLACK/HALSIL Unisex,,adidas-ih5798,ok
https://loplabbet.no/adidas-adizero-prime-sp-3-strung-luclemcblackhalsil-unisex-ih5800,adidas,ADIDAS ADIZERO PRIME SP 3 STRUNG LUCLEM/CBLACK/HALSIL Unisex,,adidas-ih5800,ok
https://loplabbet.no/adidas-adistar-byd-2-cryjadtegrmesiggnr-herre-ih7186,adidas,ADIDAS ADISTAR BYD 2 CRYJAD/TEGRME/SIGGNR Herre,,adidas-ih7186,ok
https://loplabbet.no/adidas-adistar-byd-2-fropurcwhitehireye-dame-ih7191,adidas,ADIDAS ADISTAR BYD 2 FROPUR/CWHITE/HIREYE Dame,,adidas-ih7191,ok
https://loplabbet.no/adidas-supernova-prima-crywhtsilvmthireye-herre-ih8637,adidas,ADIDAS SUPERNOVA PRIMA CRYWHT/SILVMT/HIREYE Herre,,adidas-ih8637,ok
https://loplabbet.no/adidas-promo-tank-wonbluwonsil-dame-ik3987,adidas,ADIDAS Promo Tank WONBLU/WONSIL Dame,,adidas-ik3987,ok
https://loplabbet.no/adidas-adizero-essentials-tank-tepore-dame-it1822,adidas,ADIDAS ADIZERO Essentials TANK TEPORE Dame,,adidas-it1822,ok
https://loplabbet.no/adidas-adizero-essentials-running-jacket-white-herre-it7586,adidas,ADIDAS ADIZERO ESSENTIALS RUNNING JACKET WHITE Herre,,adidas-it7586,ok
https://loplabbet.no/adidas-adizero-essentials-running-jacket-white-dame-it7596,adidas,ADIDAS ADIZERO ESSENTIALS RUNNING JACKET WHITE Dame,,adidas-it7596,ok
https://loplabbet.no/adidas-adizero-essentials-t-shirt-luclem-herre-ix2841,adidas,ADIDAS Adizero Essentials T-shirt LUCLEM Herre,,adidas-ix2841,ok
https://loplabbet.no/adidas-adizero-control-running-short-tights-black-herre-ix8976,adidas,ADIDAS Adizero Control Running Short Tights BLACK Herre,,adidas-ix8976,ok
https://loplabbet.no/adidas-adizero-short-tights-black-herre-ix8981,adidas,ADIDAS ADIZERO short tights BLACK Herre,,adidas-ix8981,ok
https://loplabbet.no/adidas-adizero-running-long-tights-black-herre-ix8984,adidas,ADIDAS Adizero Running Long Tights BLACK Herre,,adidas-ix8984,ok
https://loplabbet.no/adidas-adizero-tee-selure-herre-ix8987,adidas,ADIDAS ADIZERO TEE SELURE Herre,,adidas-ix8987,ok
https://loplabbet.no/adidas-adizero-tee-selure-dame-ix8992,adidas,ADIDAS ADIZERO TEE SELURE Dame,,adidas-ix8992,ok
https://loplabbet.no/adidas-adizero-long-sleeve-black-dame-jd3614,adidas,ADIDAS ADIZERO LONG SLEEVE BLACK Dame,,adidas-jd3614,ok
https://loplabbet.no/adidas-adizero-running-2-in-1-gel-pocket-short-black-dame-jd4224,adidas,ADIDAS Adizero Running 2-in-1 Gel Pocket Short BLACK Dame,,adidas-jd4224,ok
https://loplabbet.no/adidas-adizero-singlet-selurepurrub-herre-jf3462,adidas,ADIDAS ADIZERO SINGLET SELURE/PURRUB Herre,,adidas-jf3462,ok
https://loplabbet.no/adidas-adizero-tee-black-herre-jf3473,adidas,ADIDAS Adizero tee BLACK Herre,,adidas-jf3473,ok
https://loplabbet.no/adidas-adizero-takumi-sen-11-seflaqluclemflaaqu-dame-jh5223,adidas,ADIDAS ADIZERO TAKUMI SEN 11 SEFLAQ/LUCLEM/FLAAQU Dame,,adidas-jh5223,ok
https://loplabbet.no/adidas-adizero-avanti-flaaquzeromtluclem-unisex-jh5229,adidas,ADIDAS ADIZERO AVANTI FLAAQU/ZEROMT/LUCLEM Unisex,,adidas-jh5229,ok
https://loplabbet.no/adidas-adizero-adios-9-flaaquluclemzeromt-herre-jh5243,adidas,ADIDAS ADIZERO ADIOS 9 FLAAQU/LUCLEM/ZEROMT Herre,,adidas-jh5243,ok
https://loplabbet.no/adidas-adizero-adios-9-seflaqluclemminton-dame-jh5245,adidas,ADIDAS ADIZERO ADIOS 9 SEFLAQ/LUCLEM/MINTON Dame,,adidas-jh5245,ok
https://loplabbet.no/adidas-adizero-evo-sl-ftwwhtcblackftwwht-herre-jh6206,adidas,ADIDAS adizero Evo SL FTWWHT/CBLACK/FTWWHT Herre,,adidas-jh6206,ok
https://loplabbet.no/adidas-adizero-evo-sl-ftwwhtcblackftwwht-dame-jh6208,adidas,ADIDAS adizero Evo SL FTWWHT/CBLACK/FTWWHT Dame,,adidas-jh6208,ok
https://loplabbet.no/adidas-adizero-adios-pro-3-aurinkftwwhtcgreen-herre-jh9636,adidas,ADIDAS ADIZERO ADIOS PRO 3 AURINK/FTWWHT/CGREEN Herre,,adidas-jh9636,ok
https://loplabbet.no/adidas-terrex-agravic-speed-dshgryimporaftwwht-herre-ji0954,adidas,ADIDAS TERREX AGRAVIC SPEED DSHGRY/IMPORA/FTWWHT Herre,,adidas-ji0954,ok
https://loplabbet.no/adidas-adizero-prime-sp-4-luclemcblacksilvmt-unisex-ji1212,adidas,ADIDAS ADIZERO PRIME SP 4 LUCLEM/CBLACK/SILVMT Unisex,,adidas-ji1212,ok
https://loplabbet.no/adidas-adistar-byd-ftwwhtsilvmtflaaqu-dame-ji1228,adidas,ADIDAS ADISTAR BYD FTWWHT/SILVMT/FLAAQU Dame,,adidas-ji1228,ok
https://loplabbet.no/adidas-own-the-run-short-tights-warcla-dame-ji5666,adidas,ADIDAS Own the Run Short Tights WARCLA Dame,,adidas-ji5666,ok
https://loplabbet.no/adidas-own-the-run-short-tights-vioton-dame-ji5667,adidas,ADIDAS Own the Run Short Tights VIOTON Dame,,adidas-ji5667,ok
https://loplabbet.no/adidas-adizero-gel-shorts-black-dame-jm3648,adidas,ADIDAS ADIZERO GEL Shorts BLACK Dame,,adidas-jm3648,ok
https://loplabbet.no/adidas-adizero-gel-shorts-black-herre-jm3650,adidas,ADIDAS ADIZERO GEL Shorts BLACK Herre,,adidas-jm3650,ok
https://loplabbet.no/adidas-adizero-singlet-powteapretea-dame-jp3776,adidas,ADIDAS Adizero Singlet POWTEA/PRETEA Dame,,adidas-jp3776,ok
https://loplabbet.no/adidas-adi365-climawarm-tights-black-dame-jp3846,adidas,ADIDAS Adi365 Climawarm+ Tights BLACK Dame,,adidas-jp3846,ok
https://loplabbet.no/adidas-adizero-adios-pro-4-nyc-cwhitecpurplseblbu-dame-jp6397,adidas,ADIDAS ADIZERO ADIOS PRO 4 NYC CWHITE/CPURPL/SEBLBU Dame,,adidas-jp6397,ok
https://loplabbet.no/adidas-adizero-adios-pro-4-syelloaurplupowplu-herre-jp6623,adidas,ADIDAS Adizero Adios Pro 4 SYELLO/AURPLU/POWPLU Herre,,adidas-jp6623,ok
https://loplabbet.no/adidas-adizero-evo-sl-cblackironmtcblack-dame-jp7147,adidas,ADIDAS adizero Evo SL CBLACK/IRONMT/CBLACK Dame,,adidas-jp7147,ok
https://loplabbet.no/adidas-adizero-evo-sl-cblackftwwhtcblack-herre-jp7149,adidas,ADIDAS adizero Evo SL CBLACK/FTWWHT/CBLACK Herre,,adidas-jp7149,ok
https://loplabbet.no/adidas-adizero-prime-x3-strung-ftwwhtftwwhtlucred-unisex-jp9192,adidas,ADIDAS ADIZERO PRIME X3 STRUNG FTWWHT/FTWWHT/LUCRED Unisex,,adidas-jp9192,ok
https://loplabbet.no/adidas-adizero-boston-13-sko-owhitebeaoraaciora-dame-jp9249,adidas,ADIDAS Adizero Boston 13 OWHITE/BEAORA/ACIORA Dame,,adidas-jp9249,ok
https://loplabbet.no/adidas-adizero-boston-13-owhiteluorgrey-herre-jp9252,adidas,ADIDAS Adizero Boston 13 OWHITE/LUOR/GREY Herre,,adidas-jp9252,ok
https://loplabbet.no/adidas-adizero-prime-x3-strung-solblusilvmtlucred-unisex-jq0615,adidas,ADIDAS ADIZERO PRIME X3 STRUNG SOLBLU/SILVMT/LUCRED Unisex,,adidas-jq0615,ok
https://loplabbet.no/adidas-adizero-prime-sp-4-ftwwhtluorlucred-unisex-jq0795,adidas,ADIDAS ADIZERO PRIME SP 4 FTWWHT/LUOR/LUCRED Unisex,,adidas-jq0795,ok
https://loplabbet.no/adidas-adistar-byd-cblackluorauon-herre-jq0838,adidas,ADIDAS Adistar Byd CBLACK/LUOR/AUON Herre,,adidas-jq0838,ok
https://loplabbet.no/adidas-adizero-adios-9-silvmtsilvmtlucred-dame-jq1682,adidas,ADIDAS ADIZERO ADIOS 9 SILVMT/SILVMT/LUCRED Dame,,adidas-jq1682,ok
https://loplabbet.no/adidas-adizero-adios-9-silvmtsilvmtlucred-herre-jq1683,adidas,ADIDAS ADIZERO ADIOS 9 SILVMT/SILVMT/LUCRED Herre,,adidas-jq1683,ok
https://loplabbet.no/adidas-adizero-adios-pro-4-syelloaurplupowplu-dame-jq1690,adidas,ADIDAS ADIZERO ADIOS PRO 4 SYELLO/AURPLU/POWPLU Dame,,adidas-jq1690,ok
https://loplabbet.no/adidas-adizero-boston-12-ftwwhtcblacklucred-herre-jq2552,adidas,ADIDAS ADIZERO BOSTON 12 FTWWHT/CBLACK/LUCRED Herre,,adidas-jq2552,ok
https://loplabbet.no/adidas-adizero-boston-12-ftwwhtcblacklucred-dame-jq2554,adidas,ADIDAS ADIZERO BOSTON 12 FTWWHT/CBLACK/LUCRED Dame,,adidas-jq2554,ok
https://loplabbet.no/adidas-adizero-takumi-sen-11-flaaquzeromtminton-herre-jq2813,adidas,ADIDAS ADIZERO TAKUMI SEN 11 FLAAQU/ZEROMT/MINTON Herre,,adidas-jq2813,ok
https://loplabbet.no/adidas-adizero-evo-sl-woven-ftwwhtmagoldcblack-herre-jq4441,adidas,ADIDAS Adizero EVO SL WOVEN FTWWHT/MAGOLD/CBLACK Herre,,adidas-jq4441,ok
https://loplabbet.no/adidas-adizero-avanti-ftwwhtluorlucred-unisex-jq5934,adidas,ADIDAS ADIZERO AVANTI FTWWHT/LUOR/LUCRED Unisex,,adidas-jq5934,ok
https://loplabbet.no/adidas-adistar-byd-halminlimburflaaqu-dame-jr0273,adidas,ADIDAS ADISTAR BYD HALMIN/LIMBUR/FLAAQU Dame,,adidas-jr0273,ok
https://loplabbet.no/adidas-adistar-byd-m-limburmintonflaaqu-herre-jr0280,adidas,ADIDAS ADISTAR BYD LIMBUR/MINTON/FLAAQU Herre,,adidas-jr0280,ok
https://loplabbet.no/adidas-supernova-prima-2-nyc-cwhitecpurplseblbu-dame-jr0736,adidas,ADIDAS SUPERNOVA PRIMA 2 NYC CWHITE/CPURPL/SEBLBU Dame,,adidas-jr0736,ok
https://loplabbet.no/adidas-supernova-prima-2-nyc-cwhitecpurpllimbur-herre-jr0737,adidas,ADIDAS SUPERNOVA PRIMA 2 NYC CWHITE/CPURPL/LIMBUR Herre,,adidas-jr0737,ok
https://loplabbet.no/adidas-adizero-adios-pro-4-ftwwhtcblacksilvmt-herre-jr1094,adidas,ADIDAS ADIZERO ADIOS PRO 4 FTWWHT/CBLACK/SILVMT Herre,,adidas-jr1094,ok
https://loplabbet.no/adidas-adizero-adios-pro-4-ftwwhtcblacksilvmt-dame-jr1163,adidas,ADIDAS ADIZERO ADIOS PRO 4 FTWWHT/CBLACK/SILVMT Dame,,adidas-jr1163,ok
https://loplabbet.no/adidas-adizero-adios-pro-4-seflaqluclemminton-dame-jr1243,adidas,ADIDAS ADIZERO ADIOS PRO 4 SEFLAQ/LUCLEM/MINTON Dame,,adidas-jr1243,ok
https://loplabbet.no/adidas-adizero-adios-pro-4-m-flaaquluclemminton-herre-jr1251,adidas,ADIDAS ADIZERO ADIOS PRO 4 FLAAQU/LUCLEM/MINTON Herre,,adidas-jr1251,ok
https://loplabbet.no/adidas-adizero-adios-pro-4-ftwwhtpurteacarbon-herre-jr1267,adidas,ADIDAS ADIZERO ADIOS PRO 4 FTWWHT/PURTEA/CARBON Herre,,adidas-jr1267,ok
https://loplabbet.no/adidas-adizero-adios-pro-4-nyc-cwhitecpurpllimbur-herre-jr1656,adidas,ADIDAS ADIZERO ADIOS PRO 4 NYC CWHITE/CPURPL/LIMBUR Herre,,adidas-jr1656,ok
https://loplabbet.no/adidas-adizero-prime-x3-strung-ftwwhtcblacklucred-unisex-jr2597,adidas,ADIDAS Adizero Prime X3 STRUNG Løpesko FTWWHT/CBLACK/LUCRED Unisex,,adidas-jr2597,ok
https://loplabbet.no/adidas-adizero-prime-x3-strung-flaaquzeromtluclem-unisex-jr2598,adidas,ADIDAS ADIZERO PRIME X3 STRUNG FLAAQU/ZEROMT/LUCLEM Unisex,,adidas-jr2598,ok
https://loplabbet.no/adidas-adizero-evo-sl-dkbluesslimelucred-herre-jr3415,adidas,ADIDAS adizero Evo SL DKBLUE/SSLIME/LUCRED Herre,,adidas-jr3415,ok
https://loplabbet.no/adidas-adizero-evo-sl-lucblusilvmtluclem-herre-jr3417,adidas,ADIDAS adizero Evo SL LUCBLU/SILVMT/LUCLEM Herre,,adidas-jr3417,ok
https://loplabbet.no/adidas-adizero-evo-sl-orbgryzeromthalsil-herre-jr3418,adidas,ADIDAS adizero Evo SL ORBGRY/ZEROMT/HALSIL Herre,,adidas-jr3418,ok
https://loplabbet.no/adidas-adizero-boston-13-ftwwhtpurteagrey-herre-jr4791,adidas,ADIDAS ADIZERO BOSTON 13 FTWWHT/PURTEA/GREY Herre,,adidas-jr4791,ok
https://loplabbet.no/adidas-adizero-boston-13-ftwwhtpurteagrey-dame-jr4793,adidas,ADIDAS ADIZERO BOSTON 13 FTWWHT/PURTEA/GREY Dame,,adidas-jr4793,ok
https://loplabbet.no/adidas-adizero-adios-pro-4-solblusilvmtlucred-herre-jr4796,adidas,ADIDAS ADIZERO ADIOS PRO 4 SOLBLU/SILVMT/LUCRED Herre,,adidas-jr4796,ok
https://loplabbet.no/adidas-adizero-adios-pro-4-solblusilvmtlucred-dame-jr4797,adidas,ADIDAS ADIZERO ADIOS PRO 4 SOLBLU/SILVMT/LUCRED Dame,,adidas-jr4797,ok
https://loplabbet.no/adidas-adizero-boston-13-solblusilvmtdksobl-herre-jr4868,adidas,ADIDAS ADIZERO BOSTON 13 SOLBLU/SILVMT/DKSOBL Herre,,adidas-jr4868,ok
https://loplabbet.no/adidas-adizero-evo-sl-cblackironmtgrefou-herre-jr4888,adidas,ADIDAS adizero Evo SL CBLACK/IRONMT/GREFOU Herre,,adidas-jr4888,ok
https://loplabbet.no/adidas-adizero-evo-sl-wonwhicybemtwarvan-dame-jr5841,adidas,ADIDAS adizero Evo SL WONWHI/CYBEMT/WARVAN Dame,,adidas-jr5841,ok
https://loplabbet.no/adidas-adizero-evo-sl-cblackluclemironmt-dame-jr5842,adidas,ADIDAS Adizero EVO SL CBLACK/LUCLEM/IRONMT Dame,,adidas-jr5842,ok
https://loplabbet.no/adidas-adizero-adios-pro-4-owhitebetscacblack-dame-jr6350,adidas,ADIDAS ADIZERO ADIOS PRO 4 OWHITE/BETSCA/CBLACK Dame,,adidas-jr6350,ok
https://loplabbet.no/adidas-adizero-adios-pro-4-ftwwhtzeromtcrywht-dame-jr6355,adidas,ADIDAS ADIZERO ADIOS PRO 4 FTWWHT/ZEROMT/CRYWHT Dame,,adidas-jr6355,ok
https://loplabbet.no/adidas-adizero-adios-pro-4-owhitebetscacblack-herre-jr6363,adidas,ADIDAS ADIZERO ADIOS PRO 4 OWHITE/BETSCA/CBLACK Herre,,adidas-jr6363,ok
https://loplabbet.no/adidas-adizero-adios-pro-4-ftwwhtzeromtcrywht-herre-jr6366,adidas,ADIDAS ADIZERO ADIOS PRO 4 FTWWHT/ZEROMT/CRYWHT Herre,,adidas-jr6366,ok
https://loplabbet.no/adidas-adizero-adios-pro-4-lucredcblacklucred-herre-jr6368,adidas,ADIDAS ADIZERO ADIOS PRO 4 LUCRED/CBLACK/LUCRED Herre,,adidas-jr6368,ok
https://loplabbet.no/adidas-adizero-adios-pro-4-silvmtlucredgrey-herre-jr6372,adidas,ADIDAS ADIZERO ADIOS PRO 4 SILVMT/LUCRED/GREY Herre,,adidas-jr6372,ok
https://loplabbet.no/adidas-adizero-adios-pro-4-ftwwhtbeaoralucred-dame-jr7087,adidas,ADIDAS Adizero Adios Pro 4 FTWWHT/BEAORA/LUCRED Dame,,adidas-jr7087,ok
https://loplabbet.no/adidas-adizero-adios-pro-evo-2-silvmtlucredgretwo-unisex-jr7259,adidas,ADIDAS Adizero Adios Pro Evo 2 SILVMT/LUCRED/GRETWO Unisex,,adidas-jr7259,ok
https://loplabbet.no/adidas-terrex-agravic-speed-ultra-2-blueftwwhtlimbur-herre-jr9100,adidas,ADIDAS TERREX AGRAVIC SPEED ULTRA 2 BLUE/FTWWHT/LIMBUR Herre,,adidas-jr9100,ok
https://loplabbet.no/adidas-terrex-agravic-speed-ultra-2-ftwwhtcblackrefsil-dame-jr9110,adidas,ADIDAS TERREX AGRAVIC SPEED ULTRA 2 FTWWHT/CBLACK/REFSIL Dame,,adidas-jr9110,ok
https://loplabbet.no/adidas-adistar-byd-clgreybeaorahalsil-dame-jr9916,adidas,ADIDAS ADISTAR BYD CLGREY/BEAORA/HALSIL Dame,,adidas-jr9916,ok
https://loplabbet.no/adidas-terrex-agravic-speed-ultra-2-ftwwhtcblackseimor-herre-js3534,adidas,ADIDAS TERREX AGRAVIC SPEED ULTRA 2 FTWWHT/CBLACK/SEIMOR Herre,,adidas-js3534,ok
https://loplabbet.no/adidas-terrex-agravic-speed-ultra-2-blubrsowhitelimbur-dame-js3535,adidas,ADIDAS TERREX AGRAVIC SPEED ULTRA 2 BLUBRS/OWHITE/LIMBUR Dame,,adidas-js3535,ok
https://loplabbet.no/adidas-adizero-evo-sl-ftwwhtpurteagretwo-dame-js4451,adidas,ADIDAS adizero Evo SL FTWWHT/PURTEA/GRETWO Dame,,adidas-js4451,ok
https://loplabbet.no/adidas-adizero-evo-sl-ftwwhtblufusowhite-dame-js4454,adidas,ADIDAS adizero Evo SL FTWWHT/BLUFUS/OWHITE Dame,,adidas-js4454,ok
https://loplabbet.no/adidas-adizero-evo-sl-ftwwhtroyblupurrub-herre-js4494,adidas,ADIDAS adizero Evo SL FTWWHT/ROYBLU/PURRUB Herre,,adidas-js4494,ok
https://loplabbet.no/adidas-adizero-evo-sl-flaaquluclemminton-herre-js4506,adidas,ADIDAS adizero Evo SL FLAAQU/LUCLEM/MINTON Herre,,adidas-js4506,ok
https://loplabbet.no/adidas-adizero-boston-13-flaaquftwwhtluclem-herre-js4945,adidas,ADIDAS ADIZERO BOSTON 13 FLAAQU/FTWWHT/LUCLEM Herre,,adidas-js4945,ok
https://loplabbet.no/adidas-adizero-boston-13-nyc-cwhitecblacklimbur-herre-js4946,adidas,ADIDAS ADIZERO BOSTON 13 NYC CWHITE/CBLACK/LIMBUR Herre,,adidas-js4946,ok
https://loplabbet.no/adidas-adizero-boston-13-ftwwhtmsilvedshgry-dame-js4948,adidas,ADIDAS Adizero Boston 13 FTWWHT/MSILVE/DSHGRY Dame,,adidas-js4948,ok
https://loplabbet.no/adidas-adizero-boston-13-cwhitecpurpllimbur-dame-js4953,adidas,ADIDAS ADIZERO BOSTON 13 NYC CWHITE/CPURPL/LIMBUR Dame,,adidas-js4953,ok
https://loplabbet.no/adidas-adizero-boston-13-seflaqzeromtluclem-dame-js4957,adidas,ADIDAS ADIZERO BOSTON 13 SEFLAQ/ZEROMT/LUCLEM Dame,,adidas-js4957,ok
https://loplabbet.no/adidas-adizero-singlet-powteapretea-herre-jv7161,adidas,ADIDAS Adizero Singlet POWTEA/PRETEA Herre,,adidas-jv7161,ok
https://loplabbet.no/adidas-adizero-tee-powplu-dame-jv7173,adidas,ADIDAS ADIZERO TEE POWPLU Dame,,adidas-jv7173,ok
https://loplabbet.no/adidas-adizero-long-sleeve-aurplu-herre-jv7179,adidas,ADIDAS ADIZERO NYC LONG SLEEVE AURPLU Herre,,adidas-jv7179,ok
https://loplabbet.no/adidas-adizero-nyc-running-gel-shorts-aurplu-herre-jy6992,adidas,ADIDAS Adizero NYC Running Gel Shorts AURPLU Herre,,adidas-jy6992,ok
https://loplabbet.no/adidas-adizero-archive-short-tight-aurplu-dame-jy6996,adidas,ADIDAS Adizero NYC Short Tight AURPLU Dame,,adidas-jy6996,ok
https://loplabbet.no/adidas-adi365-performance-tights-black-herre-jz2270,adidas,ADIDAS ADI365 Performance Tights BLACK Herre,,adidas-jz2270,ok
https://loplabbet.no/adidas-adizero-short-tight-black-dame-ka0149,adidas,ADIDAS Adizero Short Tight BLACK Dame,,adidas-ka0149,ok
https://loplabbet.no/adidas-adizero-tee-puta-dame-ka2945,adidas,ADIDAS ADIZERO TEE PUTA Dame,,adidas-ka2945,ok
https://loplabbet.no/adidas-adizero-ekiden-4-gel-shorts-crsk-dame-kb1484,adidas,ADIDAS Adizero Ekiden 4” Gel Shorts CRSK Dame,,adidas-kb1484,ok
https://loplabbet.no/adidas-adizero-ekiden-5-gel-shorts-duin-herre-kb1491,adidas,ADIDAS Adizero Ekiden 5” Gel Shorts DUIN Herre,,adidas-kb1491,ok
https://loplabbet.no/adidas-adizero-ekiden-running-jacket-duinmsilve-herre-kb1492,adidas,ADIDAS Adizero Ekiden Running Jacket DUIN/MSILVE Herre,,adidas-kb1492,ok
https://loplabbet.no/adidas-adizero-ekiden-running-pants-duin-herre-kb1506,adidas,ADIDAS Adizero Ekiden Running Pants DUIN Herre,,adidas-kb1506,ok
https://loplabbet.no/adidas-adizero-ekiden-longsleeve-halsil-herre-kb1510,adidas,ADIDAS Adizero Ekiden Longsleeve HALSIL Herre,,adidas-kb1510,ok
https://loplabbet.no/adidas-adizero-ekiden-running-jacket-crsksilvmt-dame-kb1517,adidas,ADIDAS Adizero Ekiden Running Jacket CRSK/SILVMT Dame,,adidas-kb1517,ok
https://loplabbet.no/adidas-adizero-ekiden-running-t-shirt-crsk-dame-kb1543,adidas,ADIDAS Adizero Ekiden Running T-shirt CRSK Dame,,adidas-kb1543,ok
https://loplabbet.no/adidas-adizero-ekiden-tee-halsil-herre-kb1544,adidas,ADIDAS Adizero Ekiden Tee HALSIL Herre,,adidas-kb1544,ok
https://loplabbet.no/adidas-adizero-gel-5-shorts-tecind-herre-kb3895,adidas,ADIDAS Adizero Gel 5” Shorts TECIND Herre,,adidas-kb3895,ok
https://loplabbet.no/adidas-adizero-singlet-putapuor-herre-kc7923,adidas,ADIDAS Adizero Singlet PUTA/PUOR Herre,,adidas-kc7923,ok
https://loplabbet.no/adidas-adi365-climacool-short-tights-black-dame-kd9193,adidas,ADIDAS ADI365 Climacool Running Short Tights BLACK Dame,,adidas-kd9193,ok
https://loplabbet.no/adidas-adi365-long-sleeve-tee-white-herre-ke6830,adidas,ADIDAS ADI365 /// Long Sleeve Tee WHITE Herre,,adidas-ke6830,ok
https://loplabbet.no/adidas-adi365-long-sleeve-tee-crsk-dame-ke6838,adidas,ADIDAS ADI365 /// Long Sleeve Tee CRSK Dame,,adidas-ke6838,ok
https://loplabbet.no/adidas-adi365-iconic-tank-clpink-dame-ke6845,adidas,ADIDAS Adi365 /// Iconic Tank CLPINK Dame,,adidas-ke6845,ok
https://loplabbet.no/adidas-adizero-archive-jacket-dualinselurewhite-dame-kg9746,adidas,ADIDAS Adizero Archive Jacket DUALIN/SELURE/WHITE Dame,,adidas-kg9746,ok
https://loplabbet.no/adidas-adizero-archive-running-shorts-dualinselurewhite-herre-kg9749,adidas,ADIDAS Adizero Archive Running Shorts DUALIN/SELURE/WHITE Herre,,adidas-kg9749,ok
https://loplabbet.no/adidas-adizero-a-tee-whitedualin-dame-kh1051,adidas,ADIDAS ADIZERO A TEE WHITE/DUALIN Dame,,adidas-kh1051,ok
https://loplabbet.no/adidas-adizero-archive-running-shorts-dualinselurewhite-dame-kh1059,adidas,ADIDAS Adizero Archive Running Shorts DUALIN/SELURE/WHITE Dame,,adidas-kh1059,ok
https://loplabbet.no/adidas-adizero-archive-crop-top-dualinselurewhite-dame-kh2315,adidas,ADIDAS Adizero Archive Crop Top DUALIN/SELURE/WHITE Dame,,adidas-kh2315,ok
https://loplabbet.no/adidas-adizero-prime-x-evo-ftwwhtcblacklucred-unisex-kh7677,adidas,ADIDAS ADIZERO PRIME X EVO FTWWHT/CBLACK/LUCRED Unisex,,adidas-kh7677,ok
https://loplabbet.no/adidas-adizero-boston-13-dshgrypulminhazcor-dame-kh8867,adidas,ADIDAS ADIZERO BOSTON 13 DSHGRY/PULMIN/HAZCOR Dame,,adidas-kh8867,ok
https://loplabbet.no/adidas-hyperboost-edge-ftwwhtpurrubzeromt-herre-ki1913,adidas,ADIDAS HYPERBOOST EDGE FTWWHT/PURRUB/ZEROMT Herre,,adidas-ki1913,ok
https://loplabbet.no/adidas-hyperboost-edge-ftwwhtpurrubzeromt-dame-ki1916,adidas,ADIDAS HYPERBOOST EDGE FTWWHT/PURRUB/ZEROMT Dame,,adidas-ki1916,ok
https://loplabbet.no/adidas-adizero-evo-sl-woven-ftwwhtlucredcrywht-herre-ki2823,adidas,ADIDAS Adizero EVO SL WOVEN FTWWHT/LUCRED/CRYWHT Herre,,adidas-ki2823,ok
https://loplabbet.no/adidas-adizero-evo-sl-woven-prlofishafigmaroon-dame-ki2831,adidas,ADIDAS Adizero EVO SL WOVEN PRLOFI/SHAFIG/MAROON Dame,,adidas-ki2831,ok
https://loplabbet.no/adidas-adizero-evo-sl-silvmtlucredironmt-herre-ki3381,adidas,ADIDAS adizero Evo SL SILVMT/LUCRED/IRONMT Herre,,adidas-ki3381,ok
https://loplabbet.no/adidas-adizero-evo-sl-silvmtlucredironmt-dame-ki3383,adidas,ADIDAS adizero Evo SL SILVMT/LUCRED/IRONMT Dame,,adidas-ki3383,ok
https://loplabbet.no/adidas-adizero-evo-sl-woven-greonegreonekhathr-dame-ki4264,adidas,ADIDAS Adizero EVO SL WOVEN GREONE/GREONE/KHATHR Dame,,adidas-ki4264,ok
https://loplabbet.no/adidas-adizero-evo-sl-atr-khasixshaolikhathr-herre-ki7833,adidas,ADIDAS ADIZERO EVO SL ATR KHASIX/SHAOLI/KHATHR Herre,,adidas-ki7833,ok
https://loplabbet.no/adidas-adizero-evo-sl-atr-greoneicepurwhitin-dame-ki7843,adidas,ADIDAS ADIZERO EVO SL ATR GREONE/ICEPUR/WHITIN Dame,,adidas-ki7843,ok
https://loplabbet.no/adidas-hyperboost-edge-w-owhiteclpinkclpink-dame-kj0392,adidas,ADIDAS HYPERBOOST EDGE OWHITE/CLPINK/CLPINK Dame,,adidas-kj0392,ok
https://loplabbet.no/adidas-adizero-evo-sl-cblackgrefouimpora-herre-kj1363,adidas,ADIDAS adizero Evo SL CBLACK/GREFOU/IMPORA Herre,,adidas-kj1363,ok
https://loplabbet.no/adidas-adizero-evo-sl-woven-carboncblackluor-herre-kj1995,adidas,ADIDAS Adizero EVO SL WOVEN CARBON/CBLACK/LUOR Herre,,adidas-kj1995,ok
https://loplabbet.no/adidas-adizero-evo-sl-woven-gretwolucfucgrethr-dame-kj2000,adidas,ADIDAS Adizero EVO SL WOVEN GRETWO/LUCFUC/GRETHR Dame,,adidas-kj2000,ok
https://loplabbet.no/adidas-adizero-evo-sl-woven-putmauchacoaironmt-dame-kj2001,adidas,ADIDAS Adizero EVO SL WOVEN PUTMAU/CHACOA/IRONMT Dame,,adidas-kj2001,ok
https://loplabbet.no/adidas-adizero-evo-sl-atr-lbrownlbrownsilpeb-herre-kk0309,adidas,ADIDAS ADIZERO EVO SL ATR LBROWN/LBROWN/SILPEB Herre,,adidas-kk0309,ok
https://loplabbet.no/adidas-adizero-evo-sl-atr-wosaaurinkwonsil-herre-kk2680,adidas,ADIDAS ADIZERO EVO SL ATR WOSA/AURINK/WONSIL Herre,,adidas-kk2680,ok
https://loplabbet.no/adidas-adizero-evo-sl-atr-wocagrestrcrli-dame-kk2719,adidas,ADIDAS ADIZERO EVO SL ATR WOCA/GRESTR/CRLI Dame,,adidas-kk2719,ok
https://loplabbet.no/adidas-adizero-boston-13-hiraquironmtgreone-herre-kk4990,adidas,ADIDAS ADIZERO BOSTON 13 HIRAQU/IRONMT/GREONE Herre,,adidas-kk4990,ok
https://loplabbet.no/adidas-iconic-running-tank-fropurwhite-dame-kr2970,adidas,ADIDAS Iconic running tank FROPUR/WHITE Dame,,adidas-kr2970,ok
https://loplabbet.no/adidas-adizero-archive-jacket-dualinselurewhite-herre-kt4856,adidas,ADIDAS Adizero Archive Jacket DUALIN/SELURE/WHITE Herre,,adidas-kt4856,ok
https://loplabbet.no/adidas-adizero-a-tee-whitedualin-herre-kt4862,adidas,ADIDAS ADIZERO A TEE WHITE/DUALIN Herre,,adidas-kt4862,ok
https://loplabbet.no/adidas-adizero-blaze-jacket-black-herre-kv4212,adidas,ADIDAS Adizero Blaze Jacket BLACK Herre,,adidas-kv4212,ok
https://loplabbet.no/adidas-adizero-evo-sl-woven-fropursolpureqtgrn-herre-kz9021,adidas,ADIDAS Adizero EVO SL WOVEN FROPUR/SOLPUR/EQTGRN Herre,,adidas-kz9021,ok
https://loplabbet.no/aerth-ms-track-series-short-oxyblack-herre-aem222tss,aerth,AERTH M&#x27;S TRACK SERIES SHORT Oxyblack Herre,,aerth-aem222tss,ok
https://loplabbet.no/aerth-running-pant-spaceship-blue-herre-aem251rp,aerth,AERTH Running Pant Spaceship Blue Herre,,aerth-aem251rp,ok
https://loplabbet.no/aerth-ms-track-series-short-smoke-shadow-herre-aem251tss,aerth,AERTH M&#x27;S TRACK SERIES SHORT Smoke Shadow Herre,,aerth-aem251tss,ok
https://loplabbet.no/aerth-aeroteam-tee-galactica-herre-aeu261att,aerth,AERTH Aeroteam Tee Galactica Herre,,aerth-aeu261att,ok
https://loplabbet.no/aerth-streamracer-top-white-star-herre-aeu261stt,aerth,AERTH Streamracer Top White Star Herre,,aerth-aeu261stt,ok
https://loplabbet.no/aerth-teamracer-short-galactica-herre-aeu261trs,aerth,AERTH Teamracer Short Galactica Herre,,aerth-aeu261trs,ok
https://loplabbet.no/aerth-teamracer-tee-ivy-planet-herre-aeu261trt,aerth,AERTH Teamracer Tee Ivy Planet Herre,,aerth-aeu261trt,ok
https://loplabbet.no/aerth-varsitech-tee-white-star-herre-aeu261vat,aerth,AERTH Varsitech Tee White Star Herre,,aerth-aeu261vat,ok
https://loplabbet.no/airtrim-kuldemaske-unisex-75-010,airtrim,AIRTRIM Kuldemaske Unisex,,airtrim-75-010,ok
https://loplabbet.no/alkotip-injeksjonstork-100-stk-60x25mm-unisex-20015243,alkotip,ALKOTIP Injeksjonstørk. 100 stk. 60x25mm Unisex,,alkotip-20015243,ok
https://loplabbet.no/altra-lone-peak-45-dame-446navylight-blue-dame,altra,"ALTRA Lone Peak 4.5, dame 446/NAVY/LIGHT BLUE Dame",,altra-446navylight-blue-dame,ok
https://loplabbet.no/altra-lone-peak-45-dame-604dark-port-dame,altra,"ALTRA Lone Peak 4.5, dame 604/DARK PORT Dame",,altra-604dark-port-dame,ok
https://loplabbet.no/altra-lone-peak-50-431bluelime-herre-al0a4vqe,altra,ALTRA Lone Peak 5.0 431/BLUE/LIME Herre,,altra-al0a4vqe,ok
https://loplabbet.no/altra-rivera-herre-444light-blue-herre,altra,"ALTRA Rivera, herre 444/LIGHT BLUE Herre",,altra-444light-blue-herre,ok
https://loplabbet.no/altra-olympus-4-herre-010blackwhite-herre,altra,"ALTRA Olympus 4, herre 010/Black/White Herre",,altra-010blackwhite-herre,ok
https://loplabbet.no/altra-altra-rivera-dame-324tealgreen-dame,altra,"ALTRA Altra Rivera, dame 324/TEAL/GREEN Dame",,altra-al0a4vqv,ok
https://loplabbet.no/altra-olympus-4-dame-010blackwhite-dame,altra,"ALTRA Olympus 4, dame 010/Black/White Dame",,altra-al0a4vqw,ok
https://loplabbet.no/altra-olympus-4-dame-406moroccan-blue-dame,altra,"ALTRA Olympus 4, dame 406/MOROCCAN BLUE Dame",,altra-al0a4vqw,ok
https://loplabbet.no/altra-altra-paradigm-50-dame-460bluecoral-dame,altra,"ALTRA Altra Paradigm 5.0, dame 460/BLUE/CORAL Dame",,altra-460bluecoral-dame,ok
https://loplabbet.no/altra-lone-peak-50-327balsam-green-dame-al0a4vr7,altra,ALTRA Lone Peak 5.0 327/BALSAM GREEN Dame,,altra-al0a4vr7,ok
https://loplabbet.no/altra-paradigm-6-424estate-blue-herre-al0a5471,altra,ALTRA Paradigm 6 424/Estate Blue Herre,,altra-al0a5471,ok
https://loplabbet.no/altra-paradigm-6-black-herre-al0a5471,altra,ALTRA Paradigm 6 BLACK Herre,,altra-al0a5471,ok
https://loplabbet.no/altra-lone-peak-60-880orange-herre-al0a547l,altra,ALTRA Lone Peak 6.0 880/Orange Herre,,altra-al0a547l,ok
https://loplabbet.no/altra-lone-peak-60-dusty-teal-herre-al0a547l,altra,ALTRA Lone Peak 6.0 DUSTY TEAL Herre,,altra-al0a547l,ok
https://loplabbet.no/altra-escalante-racer-boston-993boston-dame-al0a547t,altra,ALTRA Escalante Racer Boston 993/Boston Dame,,altra-al0a547t,ok
https://loplabbet.no/altra-paradigm-6-502mountain-purple-dame-al0a5484,altra,ALTRA Paradigm 6 502/Mountain Purple Dame,,altra-al0a5484,ok
https://loplabbet.no/altra-paradigm-6-dark-blue-dame-al0a5484,altra,ALTRA Paradigm 6 DARK BLUE Dame,,altra-al0a5484,ok
https://loplabbet.no/altra-lone-peak-60-dusty-olive-dame-al0a548e,altra,ALTRA Lone Peak 6.0 DUSTY OLIVE Dame,,altra-al0a548e,ok
https://loplabbet.no/altra-lone-peak-60-dusty-teal-dame-al0a548e,altra,ALTRA Lone Peak 6.0 DUSTY TEAL Dame,,altra-al0a548e,ok
https://loplabbet.no/altra-vanish-tempo-graylime-herre-al0a7r6g,altra,ALTRA Vanish Tempo GRAY/LIME Herre,,altra-al0a7r6g,ok
https://loplabbet.no/altra-vanish-tempo-whitecoral-herre-al0a7r6g,altra,ALTRA Vanish Tempo WHITE/CORAL Herre,,altra-al0a7r6g,ok
https://loplabbet.no/altra-olympus-5-herre-brown-herre,altra,"ALTRA Olympus 5, herre BROWN Herre",,altra-brown-herre,ok
https://loplabbet.no/altra-olympus-5-dame-dusty-teal-dame,altra,"ALTRA Olympus 5, dame Dusty Teal Dame",,altra-dusty-teal-dame,ok
https://loplabbet.no/altra-vanish-tempo-grayyellow-dame-al0a7r7f,altra,ALTRA Vanish Tempo GRAY/YELLOW Dame,,altra-al0a7r7f,ok
https://loplabbet.no/altra-vanish-tempo-whitecoral-dame-al0a7r7f,altra,ALTRA Vanish Tempo WHITE/CORAL Dame,,altra-al0a7r7f,ok
https://loplabbet.no/altra-lone-peak-7-dark-purple-dame-al0a7r7g,altra,ALTRA Lone Peak 7 DARK PURPLE Dame,,altra-al0a7r7g,ok
https://loplabbet.no/altra-paradigm-7-whiteblue-herre-al0a82c5,altra,ALTRA Paradigm 7 WHITE/BLUE Herre,,altra-al0a82c5,ok
https://loplabbet.no/altra-paradigm-7-blue-dame-al0a82cg4401,altra,ALTRA Paradigm 7 BLUE Dame,,altra-al0a82cg4401,ok
https://loplabbet.no/amacx-sportsdrikk-30g-carb-lemon-or-1kg-lemon-unisex-8714411000116,amacx,AMACX Sportsdrikk 30g Carb Lemon | 1KG Lemon Unisex,,amacx-8714411000116,ok
https://loplabbet.no/amacx-turbo-chew-bar-lemon-sitron-unisex-8714411000154,amacx,AMACX Turbo Chew Bar Lemon - 1 stk Sitron Unisex,,amacx-8714411000154,ok
https://loplabbet.no/amacx-turbo-chew-bar-lemon-sitron-unisex-8714411000161,amacx,AMACX Turbo Chew Bar Lemon - 12 stk Sitron Unisex,,amacx-8714411000161,ok
https://loplabbet.no/amacx-drink-gel-orange-orange-unisex-8714411000222,amacx,AMACX Drink Gel Orange - 12 stk Orange Unisex,,amacx-8714411000222,ok
https://loplabbet.no/amacx-drink-gel-rasberry-raspberry-unisex-8714411000239,amacx,AMACX Drink Gel Rasberry - 12 stk Raspberry Unisex,,amacx-8714411000239,ok
https://loplabbet.no/amacx-hydro-brustabletter-lime-3-pk-lime-unisex-8714411000338,amacx,AMACX Hydro brustabletter Lime – 3 PK Lime Unisex,,amacx-8714411000338,ok
https://loplabbet.no/amacx-hydro-brustabletter-orange-3-pk-orange-unisex-8714411000369,amacx,AMACX Hydro brustabletter Orange – 3 PK Orange Unisex,,amacx-8714411000369,ok
https://loplabbet.no/amacx-turbo-energy-drink-lemon-lemon-unisex-8714411000376,amacx,AMACX Turbo Energy Drink Lemon Lemon Unisex,,amacx-8714411000376,ok
https://loplabbet.no/amacx-hydro-brustabletter-3-pk-forest-fruit-unisex-8714411000383,amacx,AMACX Hydro brustabletter – 3 PK Forest Fruit Unisex,,amacx-8714411000383,ok
https://loplabbet.no/amacx-energy-fruit-chew-cassis-cassis-unisex-8714411000413,amacx,AMACX Energy Fruit Chew Cassis - 1 stk Cassis Unisex,,amacx-8714411000413,ok
https://loplabbet.no/amacx-energy-fruit-chew-cassis-or-12-pk-cassis-unisex-8714411000437,amacx,AMACX Energy Fruit Chew Cassis | 12 PK Cassis Unisex,,amacx-8714411000437,ok
https://loplabbet.no/amacx-turbo-gel-cassis-coffein-cassis-koffein-unisex-8714411000505,amacx,AMACX Turbo Gel Cassis Coffein - 1 stk Cassis koffein Unisex,,amacx-8714411000505,ok
https://loplabbet.no/amacx-turbo-gel-cassis-caffeine-cassis-koffein-unisex-8714411000529,amacx,AMACX Turbo Gel Cassis Caffeine - 12 stk Cassis koffein Unisex,,amacx-8714411000529,ok
https://loplabbet.no/amacx-turbo-gel-cola-lime-cola-lime-unisex-8714411000581,amacx,AMACX Turbo Gel Cola lime - 1 stk Cola / Lime Unisex,,amacx-8714411000581,ok
https://loplabbet.no/amacx-turbo-drinkon-the-go-lemon-1-stk-lemon-unisex-8714411000710,amacx,AMACX Turbo drinkOn the go Lemon - 1 stk Lemon Unisex,,amacx-8714411000710,ok
https://loplabbet.no/amacx-drink-gel-citrus-1-stk-citrus-unisex-8714411000727,amacx,AMACX Drink Gel Citrus - 1 stk Citrus Unisex,,amacx-8714411000727,ok
https://loplabbet.no/amacx-drink-gel-orange-orange-unisex-8714411000741,amacx,AMACX Drink Gel Orange - 1 stk Orange Unisex,,amacx-8714411000741,ok
https://loplabbet.no/amacx-drink-gel-raspberry-raspberry-unisex-8714411000758,amacx,AMACX Drink Gel Raspberry - 1 stk Raspberry Unisex,,amacx-8714411000758,ok
https://loplabbet.no/amacx-drink-gel-cola-caf-1-stk-cola-mkoffein-unisex-8714411000772,amacx,AMACX Drink Gel Cola Caf - 1 stk Cola m/koffein Unisex,,amacx-8714411000772,ok
https://loplabbet.no/amacx-amaxc-daiya-drikkeflaske-550-ml-bla-unisex-8714411001281,amacx,AMACX AMAXC Daiya drikkeflaske 550 ml Blå Unisex,,amacx-8714411001281,ok
https://loplabbet.no/amacx-amacx-test-pack-or-14-produkter-miks-pakke-unisex-8714411001342,amacx,AMACX Amacx Test Pack | 14 produkter Miks pakke Unisex,,amacx-8714411001342,ok
https://loplabbet.no/amacx-koffein-tabletter-or-90-stk-koffein-unisex-8714411001502,amacx,AMACX Koffein Tabletter | 90 stk Koffein Unisex,,amacx-8714411001502,ok
https://loplabbet.no/amacx-amacx-beet-shot-12-pack-rodbetter-unisex-8714411001533,amacx,"AMACX Amacx Beet Shot, 12 pack Rødbetter Unisex",,amacx-8714411001533,ok
https://loplabbet.no/amacx-amacx-vitamin-d3-5ml-blank-unisex-8714411002264,amacx,"AMACX Amacx Vitamin D3, 5ml blank Unisex",,amacx-8714411002264,ok
https://loplabbet.no/amacx-amacx-vitamin-d3-5ml-tabl-unisex-8714411002264,amacx,"AMACX Amacx Vitamin D3, 5ml Tabl Unisex",,amacx-8714411002264,ok
https://loplabbet.no/amacx-amacx-jern-90-kapsler-blaknk-unisex-8714411002271,amacx,"AMACX Amacx Jern, 90 kapsler Blaknk Unisex",,amacx-8714411002271,ok
https://loplabbet.no/amacx-turbo-gel-cola-lime-cola-lime-unisex-8714411002288,amacx,AMACX Turbo Gel Cola Lime - 12 stk Cola / Lime Unisex,,amacx-8714411002288,ok
https://loplabbet.no/amacx-amacx-sportsdrikk-on-the-go-lemon-1-stk-lemon-unisex-8714411002318,amacx,AMACX Amacx Sportsdrikk On The Go Lemon - 1 stk Lemon Unisex,,amacx-8714411002318,ok
https://loplabbet.no/amacx-energy-drink-on-the-go-forest-fruit-forest-fruit-unisex-8714411002325,amacx,AMACX Energy Drink On The Go Forest fruit - 1 stk Forest Fruit Unisex,,amacx-8714411002325,ok
https://loplabbet.no/amacx-amacx-zinc-90-tabletter-blank-unisex-8714411002370,amacx,"AMACX Amacx Zinc, 90 tabletter Blank Unisex",,amacx-8714411002370,ok
https://loplabbet.no/amacx-amacx-omega-3-90-kapsler-blank-unisex-8714411002387,amacx,"AMACX Amacx Omega 3, 90 kapsler blank Unisex",,amacx-8714411002387,ok
https://loplabbet.no/amacx-energy-drink-on-the-lemon-or-12-pk-lemon-unisex-8714411002394,amacx,AMACX Energy Drink On The Go Lemon | 12 PK Lemon Unisex,,amacx-8714411002394,ok
https://loplabbet.no/amacx-amacx-sportsdrikk-on-the-go-forest-fruit-12-pk-forest-fruit-unisex-8714411002400,amacx,AMACX Amacx Sportsdrikk On The Go Forest Fruit - 12 pk Forest Fruit Unisex,,amacx-8714411002400,ok
https://loplabbet.no/amacx-turbo-sportsdrikk-vannmelon-850-g-vannmelon-unisex-8714411002448,amacx,AMACX Turbo Sportsdrikk Vannmelon - 850 g Vannmelon Unisex,,amacx-8714411002448,ok
https://loplabbet.no/amacx-turbo-drink-on-the-go-watermelon-vannmelon-unisex-8714411002813,amacx,AMACX Turbo Drink On the go Watermelon - 1 stk Vannmelon Unisex,,amacx-8714411002813,ok
https://loplabbet.no/amacx-turbo-energy-drink-on-the-go-watermelon-vannmelon-unisex-8714411002851,amacx,AMACX Turbo Energy Drink On the Go Watermelon - 12 stk Vannmelon Unisex,,amacx-8714411002851,ok
https://loplabbet.no/amacx-energy-oat-bar-sweet-figs-sweet-figs-unisex-8714411010382,amacx,AMACX Energy Oat Bar Sweet Figs - 1 stk Sweet figs Unisex,,amacx-8714411010382,ok
https://loplabbet.no/amacx-energy-oat-bar-banana-banana-unisex-8714411011778,amacx,AMACX Energy Oat Bar Banana -1 stk Banana Unisex,,amacx-8714411011778,ok
https://loplabbet.no/amacx-energy-oat-bar-sweet-figs-or-12-pk-sweet-figs-unisex-8714411999939,amacx,AMACX Energy Oat Bar Sweet Figs | 12-PK Sweet figs Unisex,,amacx-8714411999939,ok
https://loplabbet.no/amacx-energy-oat-bar-banana-or-12-pk-banana-unisex-8714411999953,amacx,AMACX Energy Oat Bar Banana | 12-PK Banana Unisex,,amacx-8714411999953,ok
https://loplabbet.no/amacx-energy-drink-forest-fruit-or-1-kg-forest-fruit-unisex-8714411999977,amacx,AMACX Energy Drink Forest Fruit | 1 KG Forest Fruit Unisex,,amacx-8714411999977,ok
https://loplabbet.no/asics-idk-butte-pigger-5-mm-unisex-100743,asics,ASICS IDK butte Pigger 5 mm Unisex,,asics-100743,ok
https://loplabbet.no/asics-metaracer-herre-digital-aquafrench-blue-herre,asics,"ASICS Metaracer, herre DIGITAL AQUA/FRENCH BLUE Herre",,asics-digital-aquafrench-blue-herre,ok
https://loplabbet.no/asics-metaracer-herre-whitesunrise-red-herre,asics,"ASICS Metaracer, herre WHITE/SUNRISE RED Herre",,asics-whitesunrise-red-herre,ok
https://loplabbet.no/asics-magic-speed-2-hazard-greenmidnight-herre-1011b443,asics,ASICS Magic Speed 2 HAZARD GREEN/MIDNIGHT Herre,,asics-1011b443,ok
https://loplabbet.no/asics-magic-speed-2-safety-yellowwhite-herre-1011b443,asics,ASICS Magic Speed 2 SAFETY YELLOW/WHITE Herre,,asics-1011b443,ok
https://loplabbet.no/asics-novablast-3-blackamber-herre-1011b458,asics,ASICS Novablast 3 BLACK/AMBER Herre,,asics-1011b458,ok
https://loplabbet.no/asics-novablast-3-herre-blackisland-blue-herre,asics,"ASICS Novablast 3, herre BLACK/ISLAND BLUE Herre",,asics-blackisland-blue-herre,ok
https://loplabbet.no/asics-novablast-3-whiteblack-herre-1011b458,asics,ASICS Novablast 3 WHITE/BLACK Herre,,asics-1011b458,ok
https://loplabbet.no/asics-asics-gel-kayano-lite-3-azureamber-herre-1011b463,asics,ASICS Asics Gel-Kayano Lite 3 AZURE/AMBER Herre,,asics-1011b463,ok
https://loplabbet.no/asics-asics-gel-kayano-lite-3-indigo-blueblack-herre-1011b463,asics,ASICS Asics Gel-Kayano Lite 3 INDIGO BLUE/BLACK Herre,,asics-1011b463,ok
https://loplabbet.no/asics-magic-speed-2-ekiden-new-leafblack-herre-1011b497,asics,ASICS Magic Speed 2 Ekiden NEW LEAF/BLACK Herre,,asics-1011b497,ok
https://loplabbet.no/asics-gel-nimbus-25-blackglow-yellow-herre-1011b547,asics,ASICS Gel-Nimbus 25 BLACK/GLOW YELLOW Herre,,asics-1011b547,ok
https://loplabbet.no/asics-gel-nimbus-25-foggy-tealpure-aqua-herre-1011b547,asics,ASICS Gel-Nimbus 25 FOGGY TEAL/PURE AQUA Herre,,asics-1011b547,ok
https://loplabbet.no/asics-gel-nimbus-25-island-bluesun-peach-herre-1011b547,asics,ASICS Gel-Nimbus 25 ISLAND BLUE/SUN PEACH Herre,,asics-1011b547,ok
https://loplabbet.no/asics-gel-kayano-30-blackglow-yellow-herre-1011b548,asics,ASICS Gel-Kayano 30 BLACK/GLOW YELLOW Herre,,asics-1011b548,ok
https://loplabbet.no/asics-gel-kayano-30-blackillusion-blue-herre-1011b548,asics,ASICS Gel-Kayano 30 BLACK/ILLUSION BLUE Herre,,asics-1011b548,ok
https://loplabbet.no/asics-gel-kayano-30-blacksheet-rock-herre-1011b548,asics,ASICS Gel-Kayano 30 BLACK/SHEET ROCK Herre,,asics-1011b548,ok
https://loplabbet.no/asics-gel-kayano-30-waterscapeelectric-lime-herre-1011b548,asics,ASICS Gel-Kayano 30 WATERSCAPE/ELECTRIC LIME Herre,,asics-1011b548,ok
https://loplabbet.no/asics-gel-kayano-30-wide-blacksheet-rock-herre-1011b685,asics,ASICS Gel-Kayano 30 Wide BLACK/SHEET ROCK Herre,,asics-1011b685,ok
https://loplabbet.no/asics-novablast-4-blackblue-expanse-herre-1011b693,asics,ASICS Novablast 4 BLACK/BLUE EXPANSE Herre,,asics-1011b693,ok
https://loplabbet.no/asics-novablast-4-illuminate-greenlime-burst-herre-1011b693,asics,ASICS Novablast 4 ILLUMINATE GREEN/LIME BURST Herre,,asics-1011b693,ok
https://loplabbet.no/asics-magic-speed-3-sunrise-redblack-herre-1011b703,asics,ASICS Magic Speed 3 SUNRISE RED/BLACK Herre,,asics-1011b703,ok
https://loplabbet.no/asics-magic-speed-3-whiteblack-herre-1011b703,asics,ASICS Magic Speed 3 WHITE/BLACK Herre,,asics-1011b703,ok
https://loplabbet.no/asics-gel-nimbus-26-cool-matchawhite-herre-1011b794,asics,ASICS Gel-Nimbus 26 COOL MATCHA/WHITE Herre,,asics-1011b794,ok
https://loplabbet.no/asics-gel-nimbus-26-french-blueelectric-lime-herre-1011b794,asics,ASICS Gel-Nimbus 26 FRENCH BLUE/ELECTRIC LIME Herre,,asics-1011b794,ok
https://loplabbet.no/asics-gel-nimbus-26-rich-navyfaded-orange-herre-1011b794,asics,ASICS Gel-Nimbus 26 RICH NAVY/FADED ORANGE Herre,,asics-1011b794,ok
https://loplabbet.no/asics-gel-nimbus-26-whitebirch-herre-1011b794,asics,ASICS Gel-Nimbus 26 WHITE/BIRCH Herre,,asics-1011b794,ok
https://loplabbet.no/asics-magic-speed-3-herre-whitesunrise-red-herre-1011b848,asics,"ASICS Magic Speed 3, herre WHITE/SUNRISE RED Herre",,asics-whitesunrise-red-herre-1011b848,ok
https://loplabbet.no/asics-gel-kayano-31-blackrainy-lake-herre-1011b867,asics,ASICS GEL-KAYANO 31 BLACK/RAINY LAKE Herre,,asics-1011b867,ok
https://loplabbet.no/asics-gel-kayano-31-cool-matchaceladon-herre-1011b867,asics,ASICS GEL-KAYANO 31 COOL MATCHA/CELADON Herre,,asics-1011b867,ok
https://loplabbet.no/asics-magic-speed-4-flash-redwhite-herre-1011b875,asics,ASICS MAGIC SPEED 4 FLASH RED/WHITE Herre,,asics-1011b875,ok
https://loplabbet.no/asics-magic-speed-4-safety-yellowblack-herre-1011b875,asics,ASICS MAGIC SPEED 4 SAFETY YELLOW/BLACK Herre,,asics-1011b875,ok
https://loplabbet.no/asics-magic-speed-4-whiteblack-herre-1011b875,asics,ASICS MAGIC SPEED 4 WHITE/BLACK Herre,,asics-1011b875,ok
https://loplabbet.no/asics-magic-speed-4-whiteblue-expanse-herre-1011b875,asics,ASICS MAGIC SPEED 4 WHITE/BLUE EXPANSE Herre,,asics-1011b875,ok
https://loplabbet.no/asics-fuji-lite-5-blacksafety-yellow-herre-1011b889,asics,ASICS Fuji Lite 5 BLACK/SAFETY YELLOW Herre,,asics-1011b889,ok
https://loplabbet.no/asics-gel-nimbus-26-paris-cool-greysafety-yellow-herre-1011b928,asics,ASICS GEL-NIMBUS 26 PARIS COOL GREY/SAFETY YELLOW Herre,,asics-1011b928,ok
https://loplabbet.no/asics-gel-kayano-31-paris-light-celadonsafety-yellow-herre-1011b929,asics,ASICS GEL-KAYANO 31 PARIS LIGHT CELADON/SAFETY YELLOW Herre,,asics-1011b929,ok
https://loplabbet.no/asics-novablast-4-paris-cool-matchasafety-yellow-herre-1011b955,asics,ASICS NOVABLAST 4 PARIS COOL MATCHA/SAFETY YELLOW Herre,,asics-1011b955,ok
https://loplabbet.no/asics-gel-nimbus-27-wave-tealsaxon-green-herre-1011b958,asics,ASICS GEL-NIMBUS 27 WAVE TEAL/SAXON GREEN Herre,,asics-1011b958,ok
https://loplabbet.no/asics-gel-nimbus-27-whitefawn-herre-1011b958,asics,ASICS GEL-NIMBUS 27 WHITE/FAWN Herre,,asics-1011b958,ok
https://loplabbet.no/asics-gel-nimbus-27-whitehuddle-yellow-herre-1011b958,asics,ASICS GEL-NIMBUS 27 WHITE/HUDDLE YELLOW Herre,,asics-1011b958,ok
https://loplabbet.no/asics-novablast-5-blackcarrier-grey-herre-1011b974,asics,ASICS NOVABLAST 5 BLACK/CARRIER GREY Herre,,asics-1011b974,ok
https://loplabbet.no/asics-novablast-5-blackcobalt-burst-herre-1011b974,asics,ASICS NOVABLAST 5 BLACK/COBALT BURST Herre,,asics-1011b974,ok
https://loplabbet.no/asics-novablast-5-greyish-purplecoral-reef-herre-1011b974,asics,ASICS NOVABLAST 5 GREYISH PURPLE/CORAL REEF Herre,,asics-1011b974,ok
https://loplabbet.no/asics-novablast-5-whitepiedmont-grey-herre-1011b974,asics,ASICS NOVABLAST 5 WHITE/PIEDMONT GREY Herre,,asics-1011b974,ok
https://loplabbet.no/asics-novablast-5-winter-seastillwater-herre-1011b974,asics,ASICS NOVABLAST 5 WINTER SEA/STILLWATER Herre,,asics-1011b974,ok
https://loplabbet.no/asics-trabuco-max-4-cold-mossnova-orange-herre-1011b976,asics,ASICS Trabuco Max 4 COLD MOSS/NOVA ORANGE Herre,,asics-1011b976,ok
https://loplabbet.no/asics-trabuco-max-4-creamkhaki-herre-1011b976,asics,ASICS Trabuco Max 4 CREAM/KHAKI Herre,,asics-1011b976,ok
https://loplabbet.no/asics-trabuco-max-4-wheat-yellowdark-red-planet-herre-1011b976,asics,ASICS Trabuco Max 4 WHEAT YELLOW/DARK RED PLANET Herre,,asics-1011b976,ok
https://loplabbet.no/asics-gel-kayano-32-blackwhite-herre-1011c051,asics,ASICS GEL-KAYANO 32 BLACK/WHITE Herre,,asics-1011c051,ok
https://loplabbet.no/asics-gel-kayano-32-blackgraphite-grey-herre-1011c052,asics,ASICS GEL-KAYANO 32 BLACK/GRAPHITE GREY Herre,,asics-1011c052,ok
https://loplabbet.no/asics-gel-kayano-32-blackwhite-herre-1011c052,asics,ASICS GEL-KAYANO 32 BLACK/WHITE Herre,,asics-1011c052,ok
https://loplabbet.no/asics-gel-kayano-32-cold-mossvital-green-herre-1011c052,asics,ASICS GEL-KAYANO 32 COLD MOSS/VITAL GREEN Herre,,asics-1011c052,ok
https://loplabbet.no/asics-gel-kayano-32-whiteorange-glow-herre-1011c052,asics,ASICS GEL-KAYANO 32 WHITE/ORANGE GLOW Herre,,asics-1011c052,ok
https://loplabbet.no/asics-sonicblast-creamblue-fade-herre-1011c083,asics,ASICS SONICBLAST CREAM/BLUE FADE Unisex,,asics-1011c083,ok
https://loplabbet.no/asics-sonicblast-vital-greenblack-herre-1011c083,asics,ASICS SONICBLAST VITAL GREEN/BLACK Unisex,,asics-1011c083,ok
https://loplabbet.no/asics-gel-nimbus-28-cold-mossilluminate-green-herre-1011c127,asics,ASICS GEL-NIMBUS 28 COLD MOSS/ILLUMINATE GREEN Herre,,asics-1011c127,ok
https://loplabbet.no/asics-gel-nimbus-28-energy-aquamidnight-herre-1011c127,asics,ASICS GEL-NIMBUS 28 ENERGY AQUA/MIDNIGHT Herre,,asics-1011c127,ok
https://loplabbet.no/asics-novablast-5-tokyo-blue-fadeedo-purple-herre-1011c139,asics,ASICS NOVABLAST 5 TOKYO BLUE FADE/EDO PURPLE Herre,,asics-1011c139,ok
https://loplabbet.no/asics-trabuco-max-5-cobalt-burstblack-herre-1011c164,asics,ASICS TRABUCO MAX 5 COBALT BURST/BLACK Herre,,asics-1011c164,ok
https://loplabbet.no/asics-trabuco-max-5-umeboshiblack-herre-1011c164,asics,ASICS TRABUCO MAX 5 UMEBOSHI/BLACK Herre,,asics-1011c164,ok
https://loplabbet.no/asics-gel-kayano-33-d-herre-1011c167,asics,ASICS GEL-KAYANO 33 d Herre,,asics-1011c167,ok
https://loplabbet.no/asics-novablast-5-vital-greenblack-herre-1011c224,asics,ASICS NOVABLAST 5 VITAL GREEN/BLACK Herre,,asics-1011c224,ok
https://loplabbet.no/asics-metaracer-dame-hot-pinkfrench-blue-dame,asics,"ASICS Metaracer, dame HOT PINK/FRENCH BLUE Dame",,asics-hot-pinkfrench-blue-dame,ok
https://loplabbet.no/asics-metaracer-tokyo-dame-700sunrise-redblack-dame,asics,"ASICS Metaracer Tokyo, dame 700/SUNRISE RED/BLACK Dame",,asics-1012a946,ok
https://loplabbet.no/asics-metaspeed-sky-dame-shocking-orangeblack-dame,asics,ASICS Metaspeed Sky SHOCKING ORANGE/BLACK Dame,,asics-1012b069,ok
https://loplabbet.no/asics-gel-kayano-lite-2-piedmont-greylake-drive-dame-1012b071,asics,ASICS Gel-Kayano Lite 2 PIEDMONT GREY/LAKE DRIVE Dame,,asics-1012b071,ok
https://loplabbet.no/asics-gel-kayano-lite-2-thunder-blueblazing-coral-dame-1012b071,asics,ASICS Gel-Kayano Lite 2 THUNDER BLUE/BLAZING CORAL Dame,,asics-1012b071,ok
https://loplabbet.no/asics-metaspeed-edge-shocking-orangeblack-dame-1012b258,asics,ASICS Metaspeed Edge SHOCKING ORANGE/BLACK Dame,,asics-1012b258,ok
https://loplabbet.no/asics-magic-speed-2-dame-skymidnight-dame,asics,"ASICS Magic Speed 2, dame SKY/MIDNIGHT Dame",,asics-skymidnight-dame,ok
https://loplabbet.no/asics-novablast-3-blackdusty-purple-dame-1012b288,asics,ASICS Novablast 3 BLACK/DUSTY PURPLE Dame,,asics-1012b288,ok
https://loplabbet.no/asics-novablast-3-blacksoft-sky-dame-1012b288,asics,ASICS Novablast 3 BLACK/SOFT SKY Dame,,asics-1012b288,ok
https://loplabbet.no/asics-novablast-3-french-bluehot-pink-dame-1012b288,asics,ASICS Novablast 3 FRENCH BLUE/HOT PINK Dame,,asics-1012b288,ok
https://loplabbet.no/asics-novablast-3-ocean-hazefoggy-teal-dame-1012b288,asics,ASICS Novablast 3 OCEAN HAZE/FOGGY TEAL Dame,,asics-1012b288,ok
https://loplabbet.no/asics-gel-kayano-lite-3-dive-blueorchid-dame-1012b293,asics,ASICS Gel-Kayano Lite 3 DIVE BLUE/ORCHID Dame,,asics-1012b293,ok
https://loplabbet.no/asics-gel-kayano-lite-3-dusty-purplesummer-dune-dame-1012b293,asics,ASICS Gel-Kayano Lite 3 DUSTY PURPLE/SUMMER DUNE Dame,,asics-1012b293,ok
https://loplabbet.no/asics-magic-speed-2-ekiden-aquariumblack-dame-1012b322,asics,ASICS Magic Speed 2 Ekiden AQUARIUM/BLACK Dame,,asics-1012b322,ok
https://loplabbet.no/asics-gel-nimbus-25-blackglow-yellow-dame-1012b356,asics,ASICS Gel-Nimbus 25 BLACK/GLOW YELLOW Dame,,asics-1012b356,ok
https://loplabbet.no/asics-gel-nimbus-25-papayadusty-purple-dame-1012b356,asics,ASICS Gel-Nimbus 25 PAPAYA/DUSTY PURPLE Dame,,asics-1012b356,ok
https://loplabbet.no/asics-gel-kayano-30-blackglow-yellow-dame-1012b357,asics,ASICS Gel-Kayano 30 BLACK/GLOW YELLOW Dame,,asics-1012b357,ok
https://loplabbet.no/asics-gel-kayano-30-pale-mintmint-tint-dame-1012b357,asics,ASICS Gel-Kayano 30 PALE MINT/MINT TINT Dame,,asics-1012b357,ok
https://loplabbet.no/asics-novablast-4-cool-greyblue-expanse-dame-1012b510,asics,ASICS Novablast 4 COOL GREY/BLUE EXPANSE Dame,,asics-1012b510,ok
https://loplabbet.no/asics-novablast-4-oatmealmoonrock-dame-1012b510,asics,ASICS Novablast 4 OATMEAL/MOONROCK Dame,,asics-1012b510,ok
https://loplabbet.no/asics-magic-speed-3-sunrise-redwhite-dame-1012b518,asics,ASICS Magic Speed 3 SUNRISE RED/WHITE Dame,,asics-1012b518,ok
https://loplabbet.no/asics-magic-speed-3-whiteblack-dame-1012b518,asics,ASICS Magic Speed 3 WHITE/BLACK Dame,,asics-1012b518,ok
https://loplabbet.no/asics-gel-nimbus-26-blackcool-matcha-dame-1012b601,asics,ASICS Gel-Nimbus 26 BLACK/COOL MATCHA Dame,,asics-1012b601,ok
https://loplabbet.no/asics-gel-nimbus-26-blue-expanseaurora-green-dame-1012b601,asics,ASICS Gel-Nimbus 26 BLUE EXPANSE/AURORA GREEN Dame,,asics-1012b601,ok
https://loplabbet.no/asics-gel-nimbus-26-light-celadonsafety-yellow-dame-1012b601,asics,ASICS Gel-Nimbus 26 LIGHT CELADON/SAFETY YELLOW Dame,,asics-1012b601,ok
https://loplabbet.no/asics-gel-nimbus-26-mint-tintpale-mint-dame-1012b601,asics,ASICS Gel-Nimbus 26 MINT TINT/PALE MINT Dame,,asics-1012b601,ok
https://loplabbet.no/asics-gel-nimbus-26-whitesoothing-sea-dame-1012b601,asics,ASICS Gel-Nimbus 26 WHITE/SOOTHING SEA Dame,,asics-1012b601,ok
https://loplabbet.no/asics-novablast-4-whitesunrise-red-dame-1012b650,asics,ASICS NOVABLAST 4 WHITE/SUNRISE RED Dame,,asics-1012b650,ok
https://loplabbet.no/asics-magic-speed-3-dame-whitesunrise-red-dame-1012b652,asics,"ASICS Magic Speed 3, dame WHITE/SUNRISE RED Dame",,asics-whitesunrise-red-dame-1012b652,ok
https://loplabbet.no/asics-gel-kayano-31-blackbold-magenta-dame-1012b670,asics,ASICS GEL-KAYANO 31 BLACK/BOLD MAGENTA Dame,,asics-1012b670,ok
https://loplabbet.no/asics-gel-kayano-31-cool-matchalight-celadon-dame-1012b670,asics,ASICS GEL-KAYANO 31 COOL MATCHA/LIGHT CELADON Dame,,asics-1012b670,ok
https://loplabbet.no/asics-gel-kayano-31-light-ubewhite-dame-1012b670,asics,ASICS GEL-KAYANO 31 LIGHT UBE/WHITE Dame,,asics-1012b670,ok
https://loplabbet.no/asics-magic-speed-4-flash-redwhite-dame-1012b676,asics,ASICS MAGIC SPEED 4 FLASH RED/WHITE Dame,,asics-1012b676,ok
https://loplabbet.no/asics-magic-speed-4-safety-yellowblack-dame-1012b676,asics,ASICS MAGIC SPEED 4 SAFETY YELLOW/BLACK Dame,,asics-1012b676,ok
https://loplabbet.no/asics-magic-speed-4-whiteblack-dame-1012b676,asics,ASICS MAGIC SPEED 4 WHITE/BLACK Dame,,asics-1012b676,ok
https://loplabbet.no/asics-magic-speed-4-whiteceladon-dame-1012b676,asics,ASICS MAGIC SPEED 4 WHITE/CELADON Dame,,asics-1012b676,ok
https://loplabbet.no/asics-fuji-lite-5-blackoatmeal-dame-1012b690,asics,ASICS Fuji Lite 5 BLACK/OATMEAL Dame,,asics-1012b690,ok
https://loplabbet.no/asics-gel-nimbus-26-paris-cool-greysafety-yellow-dame-1012b743,asics,ASICS GEL-NIMBUS 26 PARIS COOL GREY/SAFETY YELLOW Dame,,asics-1012b743,ok
https://loplabbet.no/asics-gel-kayano-31-paris-light-celadonsafety-yellow-dame-1012b745,asics,ASICS GEL-KAYANO 31 PARIS LIGHT CELADON/SAFETY YELLOW Dame,,asics-1012b745,ok
https://loplabbet.no/asics-novablast-4-paris-cool-matchasafety-yellow-dame-1012b751,asics,ASICS NOVABLAST 4 PARIS COOL MATCHA/SAFETY YELLOW Dame,,asics-1012b751,ok
https://loplabbet.no/asics-gel-nimbus-27-creammineral-beige-dame-1012b753,asics,ASICS GEL-NIMBUS 27 CREAM/MINERAL BEIGE Dame,,asics-1012b753,ok
https://loplabbet.no/asics-gel-nimbus-27-monument-bluewhisper-green-dame-1012b753,asics,ASICS GEL-NIMBUS 27 MONUMENT BLUE/WHISPER GREEN Dame,,asics-1012b753,ok
https://loplabbet.no/asics-gel-nimbus-27-wave-tealilluminate-mint-dame-1012b753,asics,ASICS GEL-NIMBUS 27 WAVE TEAL/ILLUMINATE MINT Dame,,asics-1012b753,ok
https://loplabbet.no/asics-gel-nimbus-27-whitefawn-dame-1012b753,asics,ASICS GEL-NIMBUS 27 WHITE/FAWN Dame,,asics-1012b753,ok
https://loplabbet.no/asics-novablast-5-cobalt-burstwhite-dame-1012b765,asics,ASICS NOVABLAST 5 COBALT BURST/WHITE Dame,,asics-1012b765,ok
https://loplabbet.no/asics-novablast-5-gravelblue-fade-dame-1012b765,asics,ASICS NOVABLAST 5 GRAVEL/BLUE FADE Dame,,asics-1012b765,ok
https://loplabbet.no/asics-novablast-5-greyish-purplecoral-reef-dame-1012b765,asics,ASICS NOVABLAST 5 GREYISH PURPLE/CORAL REEF Dame,,asics-1012b765,ok
https://loplabbet.no/asics-novablast-5-whisper-greenmonument-blue-dame-1012b765,asics,ASICS NOVABLAST 5 WHISPER GREEN/MONUMENT BLUE Dame,,asics-1012b765,ok
https://loplabbet.no/asics-novablast-5-whitepiedmont-grey-dame-1012b765,asics,ASICS NOVABLAST 5 WHITE/PIEDMONT GREY Dame,,asics-1012b765,ok
https://loplabbet.no/asics-trabuco-max-4-cold-mossnova-orange-dame-1012b769,asics,ASICS Trabuco Max 4 COLD MOSS/NOVA ORANGE Dame,,asics-1012b769,ok
https://loplabbet.no/asics-trabuco-max-4-creamdusty-steppe-dame-1012b769,asics,ASICS Trabuco Max 4 CREAM/DUSTY STEPPE Dame,,asics-1012b769,ok
https://loplabbet.no/asics-gel-kayano-32-blackgraphite-grey-dame-1012b838,asics,ASICS GEL-KAYANO 32 BLACK/GRAPHITE GREY Dame,,asics-1012b838,ok
https://loplabbet.no/asics-gel-kayano-32-blackpearl-pink-dame-1012b838,asics,ASICS GEL-KAYANO 32 BLACK/PEARL PINK Dame,,asics-1012b838,ok
https://loplabbet.no/asics-gel-kayano-32-blackwhite-dame-1012b838,asics,ASICS GEL-KAYANO 32 BLACK/WHITE Dame,,asics-1012b838,ok
https://loplabbet.no/asics-gel-kayano-32-whiteorange-glow-dame-1012b838,asics,ASICS GEL-KAYANO 32 WHITE/ORANGE GLOW Dame,,asics-1012b838,ok
https://loplabbet.no/asics-gel-kayano-32-whiteseashell-dame-1012b838,asics,ASICS GEL-KAYANO 32 WHITE/SEASHELL Dame,,asics-1012b838,ok
https://loplabbet.no/asics-sonicblast-creamblue-fade-dame-1012b862,asics,ASICS SONICBLAST CREAM/BLUE FADE Dame,,asics-1012b862,ok
https://loplabbet.no/asics-sonicblast-whitevital-green-dame-1012b862,asics,ASICS SONICBLAST WHITE/VITAL GREEN Dame,,asics-1012b862,ok
https://loplabbet.no/asics-gel-nimbus-28-arctic-bluevelvet-purple-dame-1012b899,asics,ASICS GEL-NIMBUS 28 ARCTIC BLUE/VELVET PURPLE Dame,,asics-1012b899,ok
https://loplabbet.no/asics-gel-nimbus-28-pearl-pinkmorganite-dame-1012b899,asics,ASICS GEL-NIMBUS 28 PEARL PINK/MORGANITE Dame,,asics-1012b899,ok
https://loplabbet.no/asics-gel-nimbus-28-solid-aircalm-indigo-dame-1012b899,asics,ASICS GEL-NIMBUS 28 SOLID AIR/CALM INDIGO Dame,,asics-1012b899,ok
https://loplabbet.no/asics-novablast-5-tokyo-vaporedo-purple-dame-1012b912,asics,ASICS NOVABLAST 5 TOKYO VAPOR/EDO PURPLE Dame,,asics-1012b912,ok
https://loplabbet.no/asics-trabuco-max-5-amethystblack-dame-1012b937,asics,ASICS TRABUCO MAX 5 AMETHYST/BLACK Dame,,asics-1012b937,ok
https://loplabbet.no/asics-gel-kayano-33-whitehazy-lilac-dame-1012b939,asics,ASICS GEL-KAYANO 33 WHITE/HAZY LILAC Dame,,asics-1012b939,ok
https://loplabbet.no/asics-novablast-5-vital-greenblack-dame-1012b991,asics,ASICS NOVABLAST 5 VITAL GREEN/BLACK Dame,,asics-1012b991,ok
https://loplabbet.no/asics-metaspeed-sky-blacknew-leaf-unisex-1013a115,asics,ASICS Metaspeed Sky+ BLACK/NEW LEAF Unisex,,asics-1013a115,ok
https://loplabbet.no/asics-metaspeed-sky-diva-pinkwhite-unisex-1013a115,asics,ASICS Metaspeed Sky+ DIVA PINK/WHITE Unisex,,asics-1013a115,ok
https://loplabbet.no/asics-metaspeed-sky-hazard-greensky-unisex-1013a115,asics,ASICS Metaspeed Sky+ HAZARD GREEN/SKY Unisex,,asics-1013a115,ok
https://loplabbet.no/asics-metaspeed-sky-orange-popisland-blue-unisex-1013a115,asics,ASICS Metaspeed Sky+ ORANGE POP/ISLAND BLUE Unisex,,asics-1013a115,ok
https://loplabbet.no/asics-metaspeed-sky-whiteblack-unisex-1013a115,asics,ASICS METASPEED SKY+ WHITE/BLACK Unisex,,asics-1013a115,ok
https://loplabbet.no/asics-metaspeed-edge-diva-pinkwhite-unisex-1013a116,asics,ASICS Metaspeed Edge+ DIVA PINK/WHITE Unisex,,asics-1013a116,ok
https://loplabbet.no/asics-metaspeed-edge-island-blueorange-pop-unisex-1013a116,asics,ASICS Metaspeed Edge+ ISLAND BLUE/ORANGE POP Unisex,,asics-1013a116,ok
https://loplabbet.no/asics-metaspeed-edge-skyhazard-green-unisex-1013a116,asics,ASICS Metaspeed Edge+ SKY/HAZARD GREEN Unisex,,asics-1013a116,ok
https://loplabbet.no/asics-metaspeed-edge-velvet-pinesafety-yellow-unisex-1013a116,asics,ASICS Metaspeed Edge+ VELVET PINE/SAFETY YELLOW Unisex,,asics-1013a116,ok
https://loplabbet.no/asics-metaspeed-edge-whiteblack-unisex-1013a116,asics,ASICS Metaspeed Edge+ WHITE/BLACK Unisex,,asics-1013a116,ok
https://loplabbet.no/asics-metaspeed-sky-paris-illuminate-mintblack-unisex-1013a123,asics,ASICS METASPEED SKY PARIS ILLUMINATE MINT/BLACK Unisex,,asics-1013a123,ok
https://loplabbet.no/asics-metaspeed-sky-paris-light-blueblack-unisex-1013a123,asics,ASICS METASPEED SKY PARIS LIGHT BLUE/BLACK Unisex,,asics-1013a123,ok
https://loplabbet.no/asics-metaspeed-sky-paris-safety-yellowblack-unisex-1013a123,asics,ASICS METASPEED SKY PARIS SAFETY YELLOW/BLACK Unisex,,asics-1013a123,ok
https://loplabbet.no/asics-metaspeed-sky-paris-sunrise-redblack-unisex-1013a123,asics,ASICS METASPEED SKY PARIS SUNRISE RED/BLACK Unisex,,asics-1013a123,ok
https://loplabbet.no/asics-metaspeed-edge-paris-illuminate-mintblack-unisex-1013a124,asics,ASICS METASPEED EDGE PARIS ILLUMINATE MINT/BLACK Unisex,,asics-1013a124,ok
https://loplabbet.no/asics-metaspeed-edge-paris-light-blueblack-unisex-1013a124,asics,ASICS METASPEED EDGE PARIS LIGHT BLUE/BLACK Unisex,,asics-1013a124,ok
https://loplabbet.no/asics-metaspeed-edge-paris-safety-yellowblack-unisex-1013a124,asics,ASICS METASPEED EDGE PARIS SAFETY YELLOW/BLACK Unisex,,asics-1013a124,ok
https://loplabbet.no/asics-metaspeed-edge-paris-sunrise-redblack-unisex-1013a124,asics,ASICS METASPEED EDGE PARIS SUNRISE RED/BLACK Unisex,,asics-1013a124,ok
https://loplabbet.no/asics-superblast-glow-yellowaquamarine-unisex-1013a127,asics,ASICS Superblast GLOW YELLOW/AQUAMARINE Unisex,,asics-1013a127,ok
https://loplabbet.no/asics-metafuji-trail-cobalt-burstapricot-crush-unisex-1013a141,asics,ASICS METAFUJI TRAIL COBALT BURST/APRICOT CRUSH Unisex,,asics-1013a141,ok
https://loplabbet.no/asics-metafuji-trail-cool-matchablack-unisex-1013a141,asics,ASICS METAFUJI TRAIL COOL MATCHA/BLACK Unisex,,asics-1013a141,ok
https://loplabbet.no/asics-metafuji-trail-creamorange-glow-unisex-1013a141,asics,ASICS METAFUJI TRAIL CREAM/ORANGE GLOW Unisex,,asics-1013a141,ok
https://loplabbet.no/asics-metafuji-trail-light-ubepure-aqua-unisex-1013a141,asics,ASICS METAFUJI TRAIL LIGHT UBE/PURE AQUA Unisex,,asics-1013a141,ok
https://loplabbet.no/asics-superblast-2-blue-fadeedo-purple-unisex-1013a142,asics,ASICS SUPERBLAST 2 BLUE FADE/EDO PURPLE Unisex,,asics-1013a142,ok
https://loplabbet.no/asics-superblast-2-greyish-purplecoral-reef-unisex-1013a142,asics,ASICS SUPERBLAST 2 GREYISH PURPLE/CORAL REEF Unisex,,asics-1013a142,ok
https://loplabbet.no/asics-superblast-2-wave-tealilluminate-mint-unisex-1013a142,asics,ASICS SUPERBLAST 2 WAVE TEAL/ILLUMINATE MINT Unisex,,asics-1013a142,ok
https://loplabbet.no/asics-superblast-2-whitecool-grey-unisex-1013a142,asics,ASICS SUPERBLAST 2 WHITE/COOL GREY Unisex,,asics-1013a142,ok
https://loplabbet.no/asics-superblast-2-winter-seawhite-unisex-1013a142,asics,ASICS SUPERBLAST 2 WINTER SEA/WHITE Unisex,,asics-1013a142,ok
https://loplabbet.no/asics-superblast-whitesunrise-red-unisex-1013a143,asics,ASICS Superblast WHITE/SUNRISE RED Unisex,,asics-1013a143,ok
https://loplabbet.no/asics-superblast-2-paris-cool-greysafety-yellow-unisex-1013a150,asics,ASICS SUPERBLAST 2 PARIS COOL GREY/SAFETY YELLOW Unisex,,asics-1013a150,ok
https://loplabbet.no/asics-metaspeed-sky-tokyo-flash-redblack-unisex-1013a162,asics,ASICS METASPEED SKY TOKYO FLASH RED/BLACK Unisex,,asics-1013a162,ok
https://loplabbet.no/asics-metaspeed-sky-tokyo-green-geckoblack-unisex-1013a162,asics,ASICS METASPEED SKY TOKYO GREEN GECKO/BLACK Unisex,,asics-1013a162,ok
https://loplabbet.no/asics-metaspeed-sky-tokyo-whitecobalt-burst-unisex-1013a162,asics,ASICS METASPEED SKY TOKYO WHITE/COBALT BURST Unisex,,asics-1013a162,ok
https://loplabbet.no/asics-metaspeed-edge-tokyo-aquariumwhite-unisex-1013a163,asics,ASICS METASPEED EDGE TOKYO AQUARIUM/WHITE Unisex,,asics-1013a163,ok
https://loplabbet.no/asics-metaspeed-edge-tokyo-flash-redblack-unisex-1013a163,asics,ASICS METASPEED EDGE TOKYO FLASH RED/BLACK Unisex,,asics-1013a163,ok
https://loplabbet.no/asics-metaspeed-edge-tokyo-green-geckoblack-unisex-1013a163,asics,ASICS METASPEED EDGE TOKYO GREEN GECKO/BLACK Unisex,,asics-1013a163,ok
https://loplabbet.no/asics-metaspeed-edge-tokyo-whitecobalt-burst-unisex-1013a163,asics,ASICS METASPEED EDGE TOKYO WHITE/COBALT BURST Unisex,,asics-1013a163,ok
https://loplabbet.no/asics-megablast-blackwhite-unisex-1013a170,asics,ASICS MEGABLAST BLACK/WHITE Unisex,,asics-1013a170,ok
https://loplabbet.no/asics-megablast-edo-purpleblack-unisex-1013a170,asics,ASICS MEGABLAST EDO PURPLE/BLACK Unisex,,asics-1013a170,ok
https://loplabbet.no/asics-megablast-energy-aquablue-fade-unisex-1013a170,asics,ASICS MEGABLAST ENERGY AQUA/BLUE FADE Unisex,,asics-1013a170,ok
https://loplabbet.no/asics-megablast-vital-greenblack-unisex-1013a170,asics,ASICS MEGABLAST VITAL GREEN/BLACK Unisex,,asics-1013a170,ok
https://loplabbet.no/asics-megablast-whitepiedmont-grey-unisex-1013a170,asics,ASICS MEGABLAST WHITE/PIEDMONT GREY Unisex,,asics-1013a170,ok
https://loplabbet.no/asics-metaspeed-ray-green-geckoblack-unisex-1013a176,asics,ASICS METASPEED RAY GREEN GECKO/BLACK Unisex,,asics-1013a176,ok
https://loplabbet.no/asics-metaspeed-ray-whitecobalt-burst-unisex-1013a176,asics,ASICS METASPEED RAY WHITE/COBALT BURST Unisex,,asics-1013a176,ok
https://loplabbet.no/asics-metaspeed-ray-whiteflash-red-unisex-1013a176,asics,ASICS METASPEED RAY WHITE/FLASH RED Unisex,,asics-1013a176,ok
https://loplabbet.no/asics-superblast-3-cobalt-burstlight-orange-unisex-1013a177,asics,ASICS SUPERBLAST 3 COBALT BURST/LIGHT ORANGE Unisex,,asics-1013a177,ok
https://loplabbet.no/asics-superblast-3-illuminate-yellowenergy-aqua-unisex-1013a177,asics,ASICS SUPERBLAST 3 ILLUMINATE YELLOW/ENERGY AQUA Unisex,,asics-1013a177,ok
https://loplabbet.no/asics-superblast-3-seashellsun-coral-unisex-1013a177,asics,ASICS SUPERBLAST 3 SEASHELL/SUN CORAL Unisex,,asics-1013a177,ok
https://loplabbet.no/asics-superblast-3-whiteblack-unisex-1013a177,asics,ASICS SUPERBLAST 3 WHITE/BLACK Unisex,,asics-1013a177,ok
https://loplabbet.no/asics-magic-speed-5-orange-glowblack-unisex-1013a183,asics,ASICS MAGIC SPEED 5 ORANGE GLOW/BLACK Unisex,,asics-1013a183,ok
https://loplabbet.no/asics-magic-speed-5-vital-greencarrier-grey-unisex-1013a183,asics,ASICS MAGIC SPEED 5 VITAL GREEN/CARRIER GREY Unisex,,asics-1013a183,ok
https://loplabbet.no/asics-superblast-2-vital-greenblack-unisex-1013a185,asics,ASICS SUPERBLAST 2 VITAL GREEN/BLACK Unisex,,asics-1013a185,ok
https://loplabbet.no/asics-fuji-lite-7-kuriiro-brownilluminate-yellow-unisex-1013a232,asics,ASICS FUJI LITE 7 KURIIRO BROWN/ILLUMINATE YELLOW Unisex,,asics-1013a232,ok
https://loplabbet.no/asics-metaspeed-ld-diva-pinkwhite-unisex-1093a174,asics,ASICS Metaspeed LD DIVA PINK/WHITE Unisex,,asics-1093a174,ok
https://loplabbet.no/asics-metaspeed-ld-velvet-pinesafety-yellow-unisex-1093a174,asics,ASICS Metaspeed LD VELVET PINE/SAFETY YELLOW Unisex,,asics-1093a174,ok
https://loplabbet.no/asics-metarun-packable-vest-performance-black-herre-2011c980,asics,ASICS Metarun Packable Vest PERFORMANCE BLACK Herre,,asics-2011c980,ok
https://loplabbet.no/asics-road-5in-short-performance-blackgraphite-grey-herre-2011d247,asics,ASICS ROAD 5IN SHORT PERFORMANCE BLACK/GRAPHITE GREY Herre,,asics-2011d247,ok
https://loplabbet.no/asics-road-seamless-ss-top-cobalt-bursteggplant-herre-2011d355,asics,ASICS ROAD SEAMLESS SS TOP COBALT BURST/EGGPLANT Herre,,asics-2011d355,ok
https://loplabbet.no/asics-road-seamless-ls-top-vital-greenilluminate-green-herre-2011d356,asics,ASICS ROAD SEAMLESS LS TOP VITAL GREEN/ILLUMINATE GREEN Herre,,asics-2011d356,ok
https://loplabbet.no/asics-limited-series-wind-breaker-jacket-performance-blackcream-herre-2011d434,asics,ASICS LIMITED SERIES WIND BREAKER JACKET PERFORMANCE BLACK/CREAM Herre,,asics-2011d434,ok
https://loplabbet.no/asics-limited-series-metarun-4in-2-n-1-short-performance-blackcream-herre-2011d452,asics,ASICS LIMITED SERIES METARUN 4IN 2-N-1 SHORT PERFORMANCE BLACK/CREAM Herre,,asics-2011d452,ok
https://loplabbet.no/asics-road-tight-performance-black-herre-2011d454,asics,ASICS ROAD TIGHT PERFORMANCE BLACK Herre,,asics-2011d454,ok
https://loplabbet.no/asics-road-fade-ss-top-energy-aqua-herre-2011d512,asics,ASICS ROAD FADE SS TOP ENERGY AQUA Herre,,asics-2011d512,ok
https://loplabbet.no/asics-limited-series-metarun-ss-top-performance-black-herre-2011d513,asics,ASICS LIMITED SERIES METARUN SS TOP PERFORMANCE BLACK Herre,,asics-2011d513,ok
https://loplabbet.no/asics-road-35in-shorts-hazy-lilac-dame-2012c965,asics,ASICS ROAD 3.5IN SHORTS HAZY LILAC Dame,,asics-2012c965,ok
https://loplabbet.no/asics-road-high-waist-8in-sprinter-performance-black-dame-2012c967,asics,ASICS Road High Waist 8in Sprinter PERFORMANCE BLACK Dame,,asics-2012c967,ok
https://loplabbet.no/asics-road-high-waist-tight-performance-black-dame-2012c968,asics,ASICS ROAD HIGH WAIST TIGHT PERFORMANCE BLACK Dame,,asics-2012c968,ok
https://loplabbet.no/asics-metarun-packable-vest-cream-dame-2012c974,asics,ASICS Metarun Packable Vest CREAM Dame,,asics-2012c974,ok
https://loplabbet.no/asics-road-compression-bra-sun-coral-dame-2012c995,asics,ASICS ROAD COMPRESSION BRA SUN CORAL Dame,,asics-2012c995,ok
https://loplabbet.no/asics-road-seamless-ls-top-morganitedusty-red-dame-2012d290,asics,ASICS ROAD SEAMLESS LS TOP MORGANITE/DUSTY RED Dame,,asics-2012d290,ok
https://loplabbet.no/asics-road-seamless-ss-top-cobalt-bursteggplant-dame-2012d292,asics,ASICS ROAD SEAMLESS SS TOP COBALT BURST/EGGPLANT Dame,,asics-2012d292,ok
https://loplabbet.no/asics-limited-series-wind-breaker-jacket-cream-dame-2012d351,asics,ASICS LIMITED SERIES WIND BREAKER JACKET CREAM Dame,,asics-2012d351,ok
https://loplabbet.no/asics-road-ss-top-hazy-lilac-dame-2012d371,asics,ASICS ROAD SS TOP HAZY LILAC Dame,,asics-2012d371,ok
https://loplabbet.no/asics-limited-series-metarun-split-short-performance-black-dame-2012d415,asics,ASICS LIMITED SERIES METARUN SPLIT SHORT PERFORMANCE BLACK Dame,,asics-2012d415,ok
https://loplabbet.no/asics-road-fade-ss-top-dark-auberginehazy-lilac-dame-2012d420,asics,ASICS ROAD FADE SS TOP DARK AUBERGINE/HAZY LILAC Dame,,asics-2012d420,ok
https://loplabbet.no/asics-limited-series-metarun-ss-top-cream-dame-2012d421,asics,ASICS LIMITED SERIES METARUN SS TOP CREAM Dame,,asics-2012d421,ok
https://loplabbet.no/asics-performance-run-crew-sock-cobalt-burst-unisex-3013b283,asics,ASICS Performance Run Crew Sock COBALT BURST Unisex,,asics-3013b283,ok
https://loplabbet.no/asics-performance-run-crew-sock-vital-green-unisex-3013b283,asics,ASICS Performance Run Crew Sock VITAL GREEN Unisex,,asics-3013b283,ok
https://loplabbet.no/asics-performance-run-crew-sock-brilliant-whiteillum-greenvital-green-unisex-3013b285,asics,ASICS Performance Run Crew Sock BRILLIANT WHITE/ILLUM. GREEN/VITAL GREEN Unisex,,asics-3013b285,ok
https://loplabbet.no/asics-performance-run-crew-sock-illuminate-greenvital-green-unisex-3013b349,asics,ASICS Performance Run Crew Sock ILLUMINATE GREEN/VITAL GREEN Unisex,,asics-3013b349,ok
https://loplabbet.no/asics-skrunokkel-til-pigg-0045none-unisex-ttp964,asics,ASICS Skrunøkkel til pigg 0045/NONE Unisex,,asics-ttp964,ok
https://loplabbet.no/assist-ice-spray-150-ml-unisex-06101101,assist,ASSIST ICE SPRAY 150 ML - Unisex,,assist-06101101,ok
https://loplabbet.no/assist-ice-pack-sport-1-bla-unisex-06101515,assist,ASSIST ICE PACK SPORT 1 BLÅ Unisex,,assist-06101515,ok
https://loplabbet.no/assist-premium-sportstape-hvit-unisex-06112031,assist,ASSIST Premium Sportstape HVIT Unisex,,assist-06112031,ok
https://loplabbet.no/assist-premium-sportstape-2-pk-unisex-06112510,assist,ASSIST Premium Sportstape 2-pk - Unisex,,assist-06112510,ok
https://loplabbet.no/assist-kinesiology-tape-bla-bla-unisex-06113101,assist,ASSIST KINESIOLOGY TAPE - BLÅ BLÅ Unisex,,assist-06113101,ok
https://loplabbet.no/assist-assist-kinesiology-tape-sort-sort-unisex-06113103,assist,ASSIST ASSIST KINESIOLOGY TAPE - SORT SORT Unisex,,assist-06113103,ok
https://loplabbet.no/assist-assist-kinesiology-tape-rosa-rosa-unisex-06113104,assist,ASSIST ASSIST KINESIOLOGY TAPE - ROSA ROSA Unisex,,assist-06113104,ok
https://loplabbet.no/assist-trainer-sportstape-unisex-06115101,assist,ASSIST TRAINER SPORTSTAPE Unisex,,assist-06115101,ok
https://loplabbet.no/bergans-y-lightline-air-3l-shell-jacket-dark-shadow-grey-herre-1821,bergans,BERGANS Y LightLine Air 3L Shell Jacket Dark Shadow Grey Herre,,bergans-1821,ok
https://loplabbet.no/bergans-y-lightline-air-3l-shell-jacket-dark-shadow-grey-dame-1825,bergans,BERGANS Y LightLine Air 3L Shell Jacket Dark Shadow Grey Dame,,bergans-1825,ok
https://loplabbet.no/bergans-y-lightline-fast-7-shorts-dark-shadow-grey-herre-3455,bergans,BERGANS Y LightLine Fast 7&quot; Shorts Dark Shadow Grey Herre,,bergans-3455,ok
https://loplabbet.no/bergans-y-lightline-fast-7-shorts-elemental-bluedark-shadow-grey-herre-3455,bergans,BERGANS Y LightLine Fast 7&quot; Shorts Elemental Blue/Dark Shadow Grey Herre,,bergans-3455,ok
https://loplabbet.no/bergans-y-lightline-fast-5-shorts-dark-shadow-grey-dame-3456,bergans,BERGANS Y LightLine Fast 5&quot; Shorts Dark Shadow Grey Dame,,bergans-3456,ok
https://loplabbet.no/bergans-y-lightline-fast-tee-elemental-blue-herre-3473,bergans,BERGANS Y LightLine Fast Tee Elemental Blue Herre,,bergans-3473,ok
https://loplabbet.no/bergans-y-lightline-fast-tee-rock-taupe-herre-3473,bergans,BERGANS Y LightLine Fast Tee Rock Taupe Herre,,bergans-3473,ok
https://loplabbet.no/bergans-y-lightline-fast-tee-acai-smoothie-dame-3474,bergans,BERGANS Y LightLine Fast Tee Acai Smoothie Dame,,bergans-3474,ok
https://loplabbet.no/bergans-y-lightline-fast-tee-dark-shadow-grey-dame-3474,bergans,BERGANS Y LightLine Fast Tee Dark Shadow Grey Dame,,bergans-3474,ok
https://loplabbet.no/bergans-y-lightline-fast-tee-elemental-blue-dame-3474,bergans,BERGANS Y LightLine Fast Tee Elemental Blue Dame,,bergans-3474,ok
https://loplabbet.no/bergans-y-lightline-hydration-vest-5-black-unisex-3533,bergans,BERGANS Y LightLine Hydration Vest 5 Black Unisex,,bergans-3533,ok
https://loplabbet.no/bergans-y-lightline-hydration-vest-5-black-unisex-3792,bergans,BERGANS Y LightLine Hydration Vest 5 Black Unisex,,bergans-3792,ok
https://loplabbet.no/bergans-y-lightline-fastpack-ml-1-24-dark-shadow-greyblack-unisex-4584,bergans,BERGANS Y LightLine Fastpack M/L 1-24 Dark Shadow Grey/Black Unisex,,bergans-4584,ok
https://loplabbet.no/bergans-y-lightline-fastpack-ml-1-24-dark-shadow-greymango-yellow-unisex-4584,bergans,BERGANS Y LightLine Fastpack M/L 1-24 Dark Shadow Grey/Mango Yellow Unisex,,bergans-4584,ok
https://loplabbet.no/bergans-y-lightline-fastpack-sm-1-24-dark-shadow-greyblack-unisex-4585,bergans,BERGANS Y LightLine Fastpack S/M 1-24 Dark Shadow Grey/Black Unisex,,bergans-4585,ok
https://loplabbet.no/bergans-y-lightline-fastpack-sm-1-24-dark-shadow-greymango-yellow-unisex-4585,bergans,BERGANS Y LightLine Fastpack S/M 1-24 Dark Shadow Grey/Mango Yellow Unisex,,bergans-4585,ok
https://loplabbet.no/bergans-of-norway-y-lightline-fast-7-shorts-dark-shadow-grey-herre-3455,bergans,BERGANS OF NORWAY Y LightLine Fast 7&quot; Shorts Dark Shadow Grey Herre,,bergans-3455,ok
https://loplabbet.no/bergans-of-norway-y-lightline-fast-5-shorts-women-dark-shadow-grey-dame-3456,bergans,BERGANS OF NORWAY Y LightLine Fast 5&quot; Shorts Women Dark Shadow Grey Dame,,bergans-3456,ok
https://loplabbet.no/bergans-of-norway-y-lightline-fast-tee-elemental-blue-herre-3473,bergans,BERGANS OF NORWAY Y LightLine Fast Tee Elemental Blue Herre,,bergans-3473,ok
https://loplabbet.no/bergans-of-norway-y-lightline-fast-tee-rock-taupe-herre-3473,bergans,BERGANS OF NORWAY Y LightLine Fast Tee Rock Taupe Herre,,bergans-3473,ok
https://loplabbet.no/bergans-of-norway-y-lightline-fast-tee-acai-smoothie-dame-3474,bergans,BERGANS OF NORWAY Y LightLine Fast Tee Acai Smoothie Dame,,bergans-3474,ok
https://loplabbet.no/bergans-of-norway-y-lightline-fast-tee-elemental-blue-dame-3474,bergans,BERGANS OF NORWAY Y LightLine Fast Tee Elemental Blue Dame,,bergans-3474,ok
https://loplabbet.no/bergans-of-norway-y-lightline-hydration-vest-black-unisex-3533,bergans,BERGANS OF NORWAY Y LightLine Hydration Vest 5 Black Unisex,,bergans-3533,ok
https://loplabbet.no/bergans-of-norway-y-lightline-hydration-vest-5-black-unisex-3792,bergans,BERGANS OF NORWAY Y LightLine Hydration Vest 5 Black Unisex,,bergans-3792,ok
https://loplabbet.no/bergans-of-norway-y-lightline-fastpack-ml-1-24-dark-shadow-greyblack-unisex-4584,bergans,BERGANS OF NORWAY Y LightLine Fastpack M/L 1-24 Dark Shadow Grey/Black Unisex,,bergans-4584,ok
https://loplabbet.no/bergans-of-norway-y-lightline-fastpack-ml-1-24-dark-shadow-greymango-yellow-unisex-4584,bergans,BERGANS OF NORWAY Y LightLine Fastpack M/L 1-24 Dark Shadow Grey/Mango Yellow Unisex,,bergans-4584,ok
https://loplabbet.no/bergans-of-norway-y-lightline-fastpack-sm-1-24-dark-shadow-greymango-yellow-unisex-4585,bergans,BERGANS OF NORWAY Y LightLine Fastpack S/M 1-24 Dark Shadow Grey/Mango Yellow Unisex,,bergans-4585,ok
https://loplabbet.no/bestgrip-skrupigg-bg3000-unisex-bg3000,bestgrip,BESTGRIP Skrupigg BG3000 - Unisex,,bestgrip-bg3000,ok
https://loplabbet.no/bestgrip-skrupigg-bg3040-unisex-bg3040,bestgrip,BESTGRIP Skrupigg BG3040 - Unisex,,bestgrip-bg3040,ok
https://loplabbet.no/bjorn-borg-3p-performance-boxer-mp004-multipack-4-herre-10000900,bjorn,BJØRN BORG 3p PERFORMANCE BOXER MP004 - Multipack 4 Herre,,bjorn-10000900,ok
https://loplabbet.no/bjorn-borg-3p-performance-boxer-mp001-multipack-1-herre-10001280,bjorn,BJØRN BORG 3p PERFORMANCE BOXER MP001 - Multipack 1 Herre,,bjorn-10001280,ok
https://loplabbet.no/bjorn-borg-3p-performance-boxer-mp005-multipack-5-herre-10001280,bjorn,BJØRN BORG 3p PERFORMANCE BOXER MP005 - Multipack 5 Herre,,bjorn-10001280,ok
https://loplabbet.no/bjorn-borg-sports-lightweight-boxers-wash-bag-7-pack-mp001-multipack-1-herre-10005676,bj-rn-borg,BJØRN BORG Sports Lightweight Boxers + Wash Bag 7-pack MP001 - Multipack 1 Herre,,bj-rn-borg-10005676,ok
https://loplabbet.no/blackroll-standard-foam-roller-black-unisex-770000,blackroll,BLACKROLL Standard foam roller Black Unisex,,blackroll-770000,ok
https://loplabbet.no/blackroll-flow-standard-foam-roller-black-unisex-770013,blackroll,BLACKROLL FLOW STANDARD foam roller Black Unisex,,blackroll-770013,ok
https://loplabbet.no/blackroll-mini-foam-roller-orange-unisex-770016,blackroll,BLACKROLL Mini foam roller Orange Unisex,,blackroll-770016,ok
https://loplabbet.no/blackroll-mini-foam-roller-green-unisex-770020,blackroll,BLACKROLL Mini foam roller Green Unisex,,blackroll-770020,ok
https://loplabbet.no/blackroll-mini-foam-roller-blue-unisex-770022,blackroll,BLACKROLL Mini foam roller Blue Unisex,,blackroll-770022,ok
https://loplabbet.no/blackroll-ball-08-yellow-unisex-770026,blackroll,BLACKROLL Ball 08 Yellow Unisex,,blackroll-770026,ok
https://loplabbet.no/blackroll-ball-8-cm-orange-unisex-770027,blackroll,BLACKROLL Ball 8 cm Orange Unisex,,blackroll-770027,ok
https://loplabbet.no/blackroll-ball-08-green-unisex-770028,blackroll,BLACKROLL Ball 08 Green Unisex,,blackroll-770028,ok
https://loplabbet.no/blackroll-ball-08-pink-unisex-770029,blackroll,BLACKROLL Ball 08 Pink Unisex,,blackroll-770029,ok
https://loplabbet.no/blackroll-duoball-8-cm-black-unisex-770036,blackroll,BLACKROLL Duoball 8 cm Black Unisex,,blackroll-770036,ok
https://loplabbet.no/blackroll-twister-black-unisex-770038,blackroll,BLACKROLL Twister Black Unisex,,blackroll-770038,ok
https://loplabbet.no/blackroll-mini-flow-black-unisex-770057,blackroll,BLACKROLL Mini Flow Black Unisex,,blackroll-770057,ok
https://loplabbet.no/blackroll-resist-band-sterk-grey-unisex-770061,blackroll,BLACKROLL Resist Band - sterk Grey Unisex,,blackroll-770061,ok
https://loplabbet.no/blackroll-resist-band-extrem-black-unisex-770062,blackroll,BLACKROLL Resist Band - extrem Black Unisex,,blackroll-770062,ok
https://loplabbet.no/blackroll-loop-band-set-greenblueorange-unisex-770066,blackroll,BLACKROLL Loop Band Set GreenBlueOrange Unisex,,blackroll-770066,ok
https://loplabbet.no/blackroll-slim-foam-roller-black-unisex-770068,blackroll,BLACKROLL SLIM foam roller Black Unisex,,blackroll-770068,ok
https://loplabbet.no/blackroll-super-band-set-greenblueorange-unisex-770073,blackroll,BLACKROLL Super Band Set GreenBlueOrange Unisex,,blackroll-770073,ok
https://loplabbet.no/blackroll-loop-band-red-unisex-770077,blackroll,BLACKROLL Loop Band Red Unisex,,blackroll-770077,ok
https://loplabbet.no/blackroll-loop-band-black-unisex-770078,blackroll,BLACKROLL Loop Band Black Unisex,,blackroll-770078,ok
https://loplabbet.no/blackroll-loop-band-yellow-unisex-770079,blackroll,BLACKROLL Loop Band Yellow Unisex,,blackroll-770079,ok
https://loplabbet.no/blackroll-twin-black-unisex-770090,blackroll,BLACKROLL Twin Black Unisex,,blackroll-770090,ok
https://loplabbet.no/blackroll-running-box-black-unisex-770116,blackroll,BLACKROLL Running Box Black Unisex,,blackroll-770116,ok
https://loplabbet.no/blackroll-recovery-slopes-black-unisex-77013,blackroll,BLACKROLL RECOVERY SLOPES Black Unisex,,blackroll-77013,ok
https://loplabbet.no/blackroll-mini-unisex-br-1001,blackroll-br,BLACKROLL Mini Unisex,,blackroll-br-1001,ok
https://loplabbet.no/blackroll-ball-12-cm-unisex-la-5001,blackroll,BLACKROLL Ball 12 cm Unisex,,blackroll-la-5001,ok
https://loplabbet.no/bodyglide-the-original-42-g-blue-unisex-noab1,bodyglide,BODYGLIDE The Original 42 g Blue Unisex,,bodyglide-noab1,ok
https://loplabbet.no/bodyglide-the-original-22-g-blue-unisex-noab8,bodyglide,BODYGLIDE The Original 22 g Blue Unisex,,bodyglide-noab8,ok
https://loplabbet.no/bodyglide-foot-glide-22-g-lilac-unisex-nofg8,bodyglide,BODYGLIDE Foot Glide 22 g Lilac Unisex,,bodyglide-nofg8,ok
https://loplabbet.no/bodyglide-for-her-42-g-cerise-dame-nofh1,bodyglide,BODYGLIDE For Her 42 g Cerise Dame,,bodyglide-nofh1,ok
https://loplabbet.no/bodyglide-for-her-22-g-cerise-dame-nofh8,bodyglide,BODYGLIDE For Her 22 g Cerise Dame,,bodyglide-nofh8,ok
https://loplabbet.no/bodyglide-skin-glide-45-g-green-unisex-nolpt,bodyglide,BODYGLIDE Skin Glide 45 g Green Unisex,,bodyglide-nolpt,ok
https://loplabbet.no/brooks-hyperion-elite-5-pink-clayatomizer-blue-unisex-1000491d,brooks,BROOKS Hyperion Elite 5 Pink Clay/Atomizer Blue Unisex,,brooks-1000491d,ok
https://loplabbet.no/brooks-hyperion-elite-4-pb-bluewashgreen-geckocobalt-unisex-1000531d,brooks,BROOKS Hyperion Elite 4 PB Bluewash/Green Gecko/Cobalt Unisex,,brooks-1000531d,ok
https://loplabbet.no/brooks-hyperion-tempo-099-greyblacknightlife-herre-110339,brooks,BROOKS Hyperion Tempo 099 Grey/Black/Nightlife Herre,,brooks-110339,ok
https://loplabbet.no/brooks-hyperion-tempo-herre-365-greenkayakingdusty-blue-herre,brooks,BROOKS Hyperion Tempo 365 Green/Kayaking/Dusty Blue Herre,,brooks-365-greenkayakingdusty-blue-herre,ok
https://loplabbet.no/brooks-hyperion-tempo-082082-blackiced-aquablue-herre-1103391d082,brooks,BROOKS Hyperion Tempo 082/082 Black/Iced Aqua/Blue Herre,,brooks-1103391d082,ok
https://loplabbet.no/brooks-catamount-herre-436-bluelimebiscuit-herre,brooks,"BROOKS Catamount, herre 436 Blue/Lime/Biscuit Herre",,brooks-436-bluelimebiscuit-herre,ok
https://loplabbet.no/brooks-adrenaline-gts-22-020-blackblackebony-herre-1103661d,brooks,BROOKS Adrenaline GTS 22 020 Black/Black/Ebony Herre,,brooks-1103661d,ok
https://loplabbet.no/brooks-adrenaline-gts-22-435-peacoatindia-inkgrenadine-herre-1103661d,brooks,BROOKS Adrenaline GTS 22 435 Peacoat/India Ink/Grenadine Herre,,brooks-1103661d,ok
https://loplabbet.no/brooks-adrenaline-gts-22-458-peacoatorangewhite-herre-1103661d,brooks,BROOKS Adrenaline GTS 22 458 Peacoat/Orange/White Herre,,brooks-1103661d,ok
https://loplabbet.no/brooks-adrenaline-gts-22-wide-020-blackblackebony-herre-1103662e,brooks,BROOKS Adrenaline GTS 22 Wide 020 Black/Black/Ebony Herre,,brooks-1103662e,ok
https://loplabbet.no/brooks-adrenaline-gts-22-wide-435-peacoatindia-inkgrenadine-herre-1103662e,brooks,BROOKS Adrenaline GTS 22 Wide 435 Peacoat/India Ink/Grenadine Herre,,brooks-1103662e,ok
https://loplabbet.no/brooks-adrenaline-gts-22-extra-wide-012-alloygreyblack-herre-1103664e,brooks,BROOKS Adrenaline GTS 22 extra wide 012 Alloy/Grey/Black Herre,,brooks-1103664e,ok
https://loplabbet.no/brooks-ghost-14-gtx-020-blackblackebony-herre-1103681d,brooks,BROOKS Ghost 14 GTX 020 Black/Black/Ebony Herre,,brooks-1103681d,ok
https://loplabbet.no/brooks-ghost-14-047-blackpearlnightlife-herre-1103691d,brooks,BROOKS Ghost 14 047 Black/Pearl/Nightlife Herre,,brooks-1103691d,ok
https://loplabbet.no/brooks-ghost-14-488-titantealflame-herre-1103691d,brooks,BROOKS Ghost 14 488 Titan/Teal/Flame Herre,,brooks-1103691d,ok
https://loplabbet.no/brooks-ghost-14-bred-063-blackredwhite-herre-1103692e,brooks,BROOKS Ghost 14 bred 063 Black/Red/White Herre,,brooks-1103692e,ok
https://loplabbet.no/brooks-caldera-6-035-blackfiery-redblazing-yellow-herre-1103791d,brooks,BROOKS Caldera 6 035 Black/Fiery Red/Blazing Yellow Herre,,brooks-1103791d,ok
https://loplabbet.no/brooks-glycerin-gts-20-035-blackclassic-blue-orange-herre-1103831d,brooks,BROOKS Glycerin GTS 20 035 Black/Classic Blue/ Orange Herre,,brooks-1103831d,ok
https://loplabbet.no/brooks-glycerin-gts-20-090-blackblackened-pearlfiery-red-herre-1103831d,brooks,BROOKS Glycerin GTS 20 090 Black/Blackened Pearl/Fiery Red Herre,,brooks-1103831d,ok
https://loplabbet.no/brooks-hyperion-max-019-blackgreyorange-clown-fish-herre-1103901d,brooks,BROOKS Hyperion Max 019 Black/Grey/Orange Clown Fish Herre,,brooks-1103901d,ok
https://loplabbet.no/brooks-hyperion-max-196-whiteblacknightlife-herre-1103901d,brooks,BROOKS Hyperion Max 196 White/Black/Nightlife Herre,,brooks-1103901d,ok
https://loplabbet.no/brooks-hyperion-max-426-blue-surfcherrynightlife-herre-1103901d,brooks,BROOKS Hyperion Max 426 Blue Surf/Cherry/Nightlife Herre,,brooks-1103901d,ok
https://loplabbet.no/brooks-adrenaline-gts-23-006-blackhawaiian-oceangreen-herre-1103911d,brooks,BROOKS Adrenaline GTS 23 006 Black/Hawaiian Ocean/Green Herre,,brooks-1103911d,ok
https://loplabbet.no/brooks-adrenaline-gts-23-486-peacoatultramarinaorange-herre-1103911d,brooks,BROOKS Adrenaline GTS 23 486 Peacoat/Ultramarina/Orange Herre,,brooks-1103911d,ok
https://loplabbet.no/brooks-adrenaline-gts-23-blackgreenwhite-herre-1103911d,brooks,BROOKS Adrenaline GTS 23 Black/Green/White Herre,,brooks-1103911d,ok
https://loplabbet.no/brooks-adrenaline-gts-23-wide-006-blackhawaiian-oceangreen-herre-1103912e,brooks,BROOKS Adrenaline GTS 23 wide 006 Black/Hawaiian Ocean/Green Herre,,brooks-1103912e,ok
https://loplabbet.no/brooks-adrenaline-gts-23-wide-blackblackebony-herre-1103912e,brooks,BROOKS Adrenaline GTS 23 wide Black/Black/Ebony Herre,,brooks-1103912e,ok
https://loplabbet.no/brooks-adrenaline-gts-23-extra-wide-blackblackebony-herre-1103914e,brooks,BROOKS Adrenaline GTS 23 extra wide Black/Black/Ebony Herre,,brooks-1103914e,ok
https://loplabbet.no/brooks-ghost-15-006-blackhawaiian-oceangreen-herre-1103931d,brooks,BROOKS Ghost 15 006 Black/Hawaiian Ocean/Green Herre,,brooks-1103931d,ok
https://loplabbet.no/brooks-ghost-15-012-blackblackened-pearlwhite-herre-1103931d,brooks,BROOKS Ghost 15 012 Black/Blackened Pearl/White Herre,,brooks-1103931d,ok
https://loplabbet.no/brooks-ghost-15-439-peacoatblueorange-pop-herre-1103931d,brooks,BROOKS Ghost 15 439 Peacoat/Blue/Orange Pop Herre,,brooks-1103931d,ok
https://loplabbet.no/brooks-ghost-15-442-peacoatredyellow-herre-1103931d,brooks,BROOKS Ghost 15 442 Peacoat/Red/Yellow Herre,,brooks-1103931d,ok
https://loplabbet.no/brooks-ghost-15-482-bluenightlifewhite-herre-1103931d,brooks,BROOKS Ghost 15 482 Blue/Nightlife/White Herre,,brooks-1103931d,ok
https://loplabbet.no/brooks-ghost-15-2e-020-blackblackebony-herre-1103932e,brooks,BROOKS Ghost 15 2E 020 Black/Black/Ebony Herre,,brooks-1103932e,ok
https://loplabbet.no/brooks-ghost-15-bred-439-peacoatblueorange-pop-herre-1103932e,brooks,BROOKS Ghost 15 bred 439 Peacoat/Blue/Orange Pop Herre,,brooks-1103932e,ok
https://loplabbet.no/brooks-ghost-15-extra-wide-020-blackblackebony-herre-1103934e,brooks,BROOKS Ghost 15 extra wide 020 Black/Black/Ebony Herre,,brooks-1103934e,ok
https://loplabbet.no/brooks-ghost-15-extra-wide-098-alloyoysterblack-herre-1103934e,brooks,BROOKS Ghost 15 extra wide 098 Alloy/Oyster/Black Herre,,brooks-1103934e,ok
https://loplabbet.no/brooks-ghost-15-gtx-022-blackblackened-pearlalloy-herre-1103941d,brooks,BROOKS Ghost 15 GTX 022 Black/Blackened Pearl/Alloy Herre,,brooks-1103941d,ok
https://loplabbet.no/brooks-brooks-catamount-2-406-navyfirecrackersharp-green-herre-1103991d,brooks,BROOKS Brooks Catamount 2 406 Navy/Firecracker/Sharp Green Herre,,brooks-1103991d,ok
https://loplabbet.no/brooks-brooks-catamount-2-490-peacoatatomic-bluerooibos-herre-1103991d,brooks,BROOKS Brooks Catamount 2 490 Peacoat/Atomic Blue/Rooibos Herre,,brooks-1103991d,ok
https://loplabbet.no/brooks-ghost-max-060-blackatomic-bluejasmine-herre-1104061d,brooks,BROOKS Ghost Max 060 Black/Atomic Blue/Jasmine Herre,,brooks-1104061d,ok
https://loplabbet.no/brooks-hyperion-gts-497-bluefiery-coralorange-herre-1104081d,brooks,BROOKS Hyperion GTS 497 Blue/Fiery Coral/Orange Herre,,brooks-1104081d,ok
https://loplabbet.no/brooks-catamount-3-096ebonymosaic-blueorange-herre-1104161d,brooks,BROOKS Catamount 3 096/Ebony/Mosaic Blue/Orange Herre,,brooks-1104161d,ok
https://loplabbet.no/brooks-catamount-3-333-lemon-chromesedona-sage-herre-1104161d,brooks,BROOKS Catamount 3 333 Lemon Chrome/Sedona Sage Herre,,brooks-1104161d,ok
https://loplabbet.no/brooks-ghost-16-blackmandarin-redgreen-herre-1104181d,brooks,BROOKS Ghost 16 Black/Mandarin Red/Green Herre,,brooks-1104181d,ok
https://loplabbet.no/brooks-ghost-16-bred-blackblackebony-herre-1104182e,brooks,BROOKS Ghost 16 bred Black/Black/Ebony Herre,,brooks-1104182e,ok
https://loplabbet.no/brooks-ghost-16-extra-wide-blackblackebony-herre-1104184e,brooks,BROOKS Ghost 16 extra wide Black/Black/Ebony Herre,,brooks-1104184e,ok
https://loplabbet.no/brooks-glycerin-gts-21-474-blue-opalblacknasturtium-herre-1104201d,brooks,BROOKS Glycerin GTS 21 474 Blue Opal/Black/Nasturtium Herre,,brooks-1104201d,ok
https://loplabbet.no/brooks-glycerin-gts-21-bluepeacoatlemon-herre-1104201d,brooks,BROOKS Glycerin GTS 21 Blue/Peacoat/Lemon Herre,,brooks-1104201d,ok
https://loplabbet.no/brooks-ghost-16-gtx-blackblackebony-herre-1104301d,brooks,BROOKS Ghost 16 GTX Black/Black/Ebony Herre,,brooks-1104301d,ok
https://loplabbet.no/brooks-ghost-max-2-moroccan-blueaquaorange-pop-herre-1104311d,brooks,BROOKS Ghost Max 2 Moroccan Blue/Aqua/Orange Pop Herre,,brooks-1104311d,ok
https://loplabbet.no/brooks-ghost-max-2-blackblackebony-herre-1104312e,brooks,BROOKS Ghost Max 2 Black/Black/Ebony Herre,,brooks-1104312e,ok
https://loplabbet.no/brooks-ghost-max-2-moroccan-blueaquaorange-pop-herre-1104312e,brooks,BROOKS Ghost Max 2 Moroccan Blue/Aqua/Orange Pop Herre,,brooks-1104312e,ok
https://loplabbet.no/brooks-hyperion-gts-2-cobaltgreen-geckolimpett-herre-1104331d,brooks,BROOKS Hyperion GTS 2 Cobalt/Green Gecko/Limpett Herre,,brooks-1104331d,ok
https://loplabbet.no/brooks-hyperion-gts-2-illusioncoralblack-herre-1104331d,brooks,BROOKS Hyperion GTS 2 Illusion/Coral/Black Herre,,brooks-1104331d,ok
https://loplabbet.no/brooks-hyperion-max-2-blackgoldpink-herre-1104341d,brooks,BROOKS Hyperion Max 2 Black/Gold/Pink Herre,,brooks-1104341d,ok
https://loplabbet.no/brooks-hyperion-max-2-cobaltgreen-geckolimpett-herre-1104341d,brooks,BROOKS Hyperion Max 2 Cobalt/Green Gecko/Limpett Herre,,brooks-1104341d,ok
https://loplabbet.no/brooks-hyperion-max-2-crystal-seasdiva-pinkblack-herre-1104341d,brooks,BROOKS Hyperion Max 2 Crystal Seas/Diva Pink/Black Herre,,brooks-1104341d,ok
https://loplabbet.no/brooks-hyperion-max-2-illusioncoralblack-herre-1104341d,brooks,BROOKS Hyperion Max 2 Illusion/Coral/Black Herre,,brooks-1104341d,ok
https://loplabbet.no/brooks-adrenaline-gts-24-blackebonycloissonne-herre-1104371d,brooks,BROOKS Adrenaline GTS 24 Black/Ebony/Cloissonne Herre,,brooks-1104371d,ok
https://loplabbet.no/brooks-adrenaline-gts-24-cobaltneo-yellowpeacoat-herre-1104371d,brooks,BROOKS Adrenaline GTS 24 Cobalt/Neo Yellow/Peacoat Herre,,brooks-1104371d,ok
https://loplabbet.no/brooks-catamount-4-blacklimeblue-herre-1104411d,brooks,BROOKS Catamount 4 Black/Lime/Blue Herre,,brooks-1104411d,ok
https://loplabbet.no/brooks-catamount-4-legion-bluecelestialflame-herre-1104411d,brooks,BROOKS Catamount 4 Legion Blue/Celestial/Flame Herre,,brooks-1104411d,ok
https://loplabbet.no/brooks-ghost-17-whiteblacktea-herre-1104421d,brooks,BROOKS Ghost 17 White/Black/Tea Herre,,brooks-1104421d,ok
https://loplabbet.no/brooks-ghost-17-whitepink-claygecko-herre-1104421d,brooks,BROOKS Ghost 17 White/Pink Clay/Gecko Herre,,brooks-1104421d,ok
https://loplabbet.no/brooks-glycerin-gts-22-blackatomizerblazing-orange-herre-1104461d,brooks,BROOKS Glycerin GTS 22 Black/Atomizer/Blazing Orange Herre,,brooks-1104461d,ok
https://loplabbet.no/brooks-glycerin-gts-22-blackcobaltneo-yellow-herre-1104461d,brooks,BROOKS Glycerin GTS 22 Black/Cobalt/Neo Yellow Herre,,brooks-1104461d,ok
https://loplabbet.no/brooks-glycerin-gts-22-blackblackebony-herre-1104462e,brooks,BROOKS Glycerin GTS 22 Black/Black/Ebony Herre,,brooks-1104462e,ok
https://loplabbet.no/brooks-glycerin-max-blackebonywinter-sky-herre-1104471d,brooks,BROOKS Glycerin Max Black/Ebony/Winter Sky Herre,,brooks-1104471d,ok
https://loplabbet.no/brooks-glycerin-max-blazing-orangebluewhite-herre-1104471d,brooks,BROOKS Glycerin Max Blazing Orange/Blue/White Herre,,brooks-1104471d,ok
https://loplabbet.no/brooks-glycerin-max-greyblacknightlife-herre-1104471d,brooks,BROOKS Glycerin Max Grey/Black/Nightlife Herre,,brooks-1104471d,ok
https://loplabbet.no/brooks-glycerin-max-limenavy-peonywhite-herre-1104471d,brooks,BROOKS Glycerin Max Lime/Navy Peony/White Herre,,brooks-1104471d,ok
https://loplabbet.no/brooks-hyperion-3-atomizerblackpink-clay-herre-1104651d,brooks,BROOKS Hyperion 3 Atomizer/Black/Pink Clay Herre,,brooks-1104651d,ok
https://loplabbet.no/brooks-hyperion-max-3-coconutgreen-geckopink-clay-herre-1104671d,brooks,BROOKS Hyperion Max 3 Coconut/Green Gecko/Pink Clay Herre,,brooks-1104671d,ok
https://loplabbet.no/brooks-hyperion-max-3-fiery-coralblackatomizer-herre-1104671d,brooks,BROOKS Hyperion Max 3 Fiery Coral/Black/Atomizer Herre,,brooks-1104671d,ok
https://loplabbet.no/brooks-hyperion-tempo-110-ice-flownavypink-dame-120328,brooks,BROOKS Hyperion Tempo 110 Ice Flow/Navy/Pink Dame,,brooks-120328,ok
https://loplabbet.no/brooks-hyperion-tempo-082082-blackiced-aquablue-dame-1203281b082,brooks,BROOKS Hyperion Tempo 082/082 Black/Iced Aqua/Blue Dame,,brooks-1203281b082,ok
https://loplabbet.no/brooks-brooks-adrenaline-gts-21-dame-013-blackpinkyucca-dame,brooks,"BROOKS Brooks Adrenaline GTS 21, dame 013 Black/Pink/Yucca Dame",,brooks-013-blackpinkyucca-dame,ok
https://loplabbet.no/brooks-ghost-13-gtx-072-blackblack-dame-120333,brooks,BROOKS Ghost 13 GTX 072 Black/Black Dame,,brooks-120333,ok
https://loplabbet.no/brooks-catamount-dame-447-bluenightlifebiscuit-dame,brooks,"BROOKS Catamount, dame 447 Blue/Nightlife/Biscuit Dame",,brooks-447-bluenightlifebiscuit-dame,ok
https://loplabbet.no/brooks-adrenaline-gts-22-020-blackblackebony-dame-1203531b,brooks,BROOKS Adrenaline GTS 22 020 Black/Black/Ebony Dame,,brooks-1203531b,ok
https://loplabbet.no/brooks-adrenaline-gts-22-080-blackpurplecoral-dame-1203531b,brooks,BROOKS Adrenaline GTS 22 080 Black/Purple/Coral Dame,,brooks-1203531b,ok
https://loplabbet.no/brooks-adrenaline-gts-22-514-peacoatblue-irisrhapsody-dame-1203531b,brooks,BROOKS Adrenaline GTS 22 514 Peacoat/Blue Iris/Rhapsody Dame,,brooks-1203531b,ok
https://loplabbet.no/brooks-adrenaline-gts-22-wide-020-blackblackebony-dame-1203531d,brooks,BROOKS Adrenaline GTS 22 wide 020 Black/Black/Ebony Dame,,brooks-1203531d,ok
https://loplabbet.no/brooks-ghost-14-gtx-015-blackblackened-pearlaquaglass-dame-1203551b,brooks,BROOKS Ghost 14 GTX 015 Black/Blackened Pearl/Aquaglass Dame,,brooks-1203551b,ok
https://loplabbet.no/brooks-ghost-14-gtx-066-blackblackened-pearl-dame-1203551b,brooks,BROOKS Ghost 14 GTX 066 Black/Blackened Pearl Dame,,brooks-1203551b,ok
https://loplabbet.no/brooks-ghost-14-058-pearlblackpink-dame-1203561b,brooks,BROOKS Ghost 14 058 Pearl/Black/Pink Dame,,brooks-1203561b,ok
https://loplabbet.no/brooks-ghost-14-544-purple-impressiondutchlime-dame-1203561b,brooks,BROOKS Ghost 14 544 Purple Impression/Dutch/Lime Dame,,brooks-1203561b,ok
https://loplabbet.no/brooks-ghost-14-wide-091-blackcoralwhite-dame-1203561d,brooks,BROOKS Ghost 14 Wide 091 Black/Coral/White Dame,,brooks-1203561d,ok
https://loplabbet.no/brooks-caldera-6-068-blackebonyporcelain-dame-1203661b,brooks,BROOKS Caldera 6 068 Black/Ebony/Porcelain Dame,,brooks-1203661b,ok
https://loplabbet.no/brooks-glycerin-gts-20-416-light-bluepeacoatnightlife-dame-1203701b,brooks,BROOKS Glycerin GTS 20 416 Light Blue/Peacoat/Nightlife Dame,,brooks-1203701b,ok
https://loplabbet.no/brooks-glycerin-gts-20-499-peacoatoceanpastel-lilac-dame-1203701b,brooks,BROOKS Glycerin GTS 20 499 Peacoat/Ocean/Pastel Lilac Dame,,brooks-1203701b,ok
https://loplabbet.no/brooks-hyperion-max-196-whiteblacknightlife-dame-1203771b,brooks,BROOKS Hyperion Max 196 White/Black/Nightlife Dame,,brooks-1203771b,ok
https://loplabbet.no/brooks-hyperion-max-426-blue-surfcherrynightlife-dame-1203771b,brooks,BROOKS Hyperion Max 426 Blue Surf/Cherry/Nightlife Dame,,brooks-1203771b,ok
https://loplabbet.no/brooks-hyperion-max-441-peacoatmarina-bluepink-glo-dame-1203771b,brooks,BROOKS Hyperion Max 441 Peacoat/Marina Blue/Pink Glo Dame,,brooks-1203771b,ok
https://loplabbet.no/brooks-ghost-15-020-blackblackebony-dame-1203801b,brooks,BROOKS Ghost 15 020 Black/Black/Ebony Dame,,brooks-1203801b,ok
https://loplabbet.no/brooks-ghost-15-083-blackebonysharp-green-dame-1203801b,brooks,BROOKS Ghost 15 083 Black/Ebony/Sharp Green Dame,,brooks-1203801b,ok
https://loplabbet.no/brooks-ghost-15-420-peacoatcanal-bluerose-dame-1203801b,brooks,BROOKS Ghost 15 420 Peacoat/Canal Blue/Rose Dame,,brooks-1203801b,ok
https://loplabbet.no/brooks-ghost-15-450-peacoatpearlsalt-air-dame-1203801b,brooks,BROOKS Ghost 15 450 Peacoat/Pearl/Salt Air Dame,,brooks-1203801b,ok
https://loplabbet.no/brooks-ghost-15-460-peacoatbluepink-dame-1203801b,brooks,BROOKS Ghost 15 460 Peacoat/Blue/Pink Dame,,brooks-1203801b,ok
https://loplabbet.no/brooks-ghost-15-bred-020-blackblackebony-dame-1203801d,brooks,BROOKS Ghost 15 bred 020 Black/Black/Ebony Dame,,brooks-1203801d,ok
https://loplabbet.no/brooks-ghost-15-bred-450-peacoatpearlsalt-air-dame-1203801d,brooks,BROOKS Ghost 15 bred 450 Peacoat/Pearl/Salt Air Dame,,brooks-1203801d,ok
https://loplabbet.no/brooks-ghost-15-smal-450-peacoatpearlsalt-air-dame-1203802a,brooks,BROOKS Ghost 15 smal 450 Peacoat/Pearl/Salt Air Dame,,brooks-1203802a,ok
https://loplabbet.no/brooks-adrenaline-gts-23-037-blackgunmetalsharp-green-dame-1203811b,brooks,BROOKS Adrenaline GTS 23 037 Black/Gunmetal/Sharp Green Dame,,brooks-1203811b,ok
https://loplabbet.no/brooks-adrenaline-gts-23-795-apricotestate-blueorchid-dame-1203811b,brooks,BROOKS Adrenaline GTS 23 795 Apricot/Estate Blue/Orchid Dame,,brooks-1203811b,ok
https://loplabbet.no/brooks-adrenaline-gts-23-whiteoystersilver-dame-1203811b,brooks,BROOKS Adrenaline GTS 23 White/Oyster/Silver Dame,,brooks-1203811b,ok
https://loplabbet.no/brooks-adrenaline-gts-23-wide-037-blackgunmetalsharp-green-dame-1203811d,brooks,BROOKS Adrenaline GTS 23 wide 037 Black/Gunmetal/Sharp Green Dame,,brooks-1203811d,ok
https://loplabbet.no/brooks-adrenaline-gts-23-wide-blackblackebony-dame-1203811d,brooks,BROOKS Adrenaline GTS 23 wide Black/Black/Ebony Dame,,brooks-1203811d,ok
https://loplabbet.no/brooks-adrenaline-gts-23-narrow-2a-blackgunmetalsharp-green-dame-1203812a,brooks,"BROOKS Adrenaline GTS 23, narrow 2A Black/Gunmetal/Sharp Green Dame",,brooks-1203812a,ok
https://loplabbet.no/brooks-ghost-15-gtx-022-blackblackened-pearlalloy-dame-1203821b,brooks,BROOKS Ghost 15 GTX 022 Black/Blackened Pearl/Alloy Dame,,brooks-1203821b,ok
https://loplabbet.no/brooks-catamount-2-425-peacoatpinkbiscuit-dame-1203881b,brooks,BROOKS Catamount 2 425 Peacoat/Pink/Biscuit Dame,,brooks-1203881b,ok
https://loplabbet.no/brooks-catamount-2-517-violetnavyoyster-dame-1203881b,brooks,BROOKS Catamount 2 517 Violet/Navy/Oyster Dame,,brooks-1203881b,ok
https://loplabbet.no/brooks-ghost-max-082-ebonyopen-airlilac-rose-dame-1203951b,brooks,BROOKS Ghost Max 082 Ebony/Open Air/Lilac Rose Dame,,brooks-1203951b,ok
https://loplabbet.no/brooks-ghost-max-marinabittersweetopen-air-dame-1203951b,brooks,BROOKS Ghost Max Marina/Bittersweet/Open Air Dame,,brooks-1203951b,ok
https://loplabbet.no/brooks-hyperion-gts-008-gunmetalblackwhite-dame-1203971b,brooks,BROOKS Hyperion GTS 008 Gunmetal/Black/White Dame,,brooks-1203971b,ok
https://loplabbet.no/brooks-catamount-3-007-blackdiva-pinklemon-chrome-dame-1204051b,brooks,BROOKS Catamount 3 007 Black/Diva Pink/Lemon Chrome Dame,,brooks-1204051b,ok
https://loplabbet.no/brooks-catamount-3-sunny-limepeacoatcitadel-dame-1204051b,brooks,BROOKS Catamount 3 Sunny Lime/Peacoat/Citadel Dame,,brooks-1204051b,ok
https://loplabbet.no/brooks-ghost-16-coconutzephyrwhite-dame-1204071b,brooks,BROOKS Ghost 16 Coconut/Zephyr/White Dame,,brooks-1204071b,ok
https://loplabbet.no/brooks-ghost-16-bred-blackblackebony-dame-1204071d,brooks,BROOKS Ghost 16 bred Black/Black/Ebony Dame,,brooks-1204071d,ok
https://loplabbet.no/brooks-ghost-16-bred-blackpinkyellow-dame-1204071d,brooks,BROOKS Ghost 16 bred Black/Pink/Yellow Dame,,brooks-1204071d,ok
https://loplabbet.no/brooks-ghost-16-smal-blackblackebony-dame-1204072a,brooks,BROOKS Ghost 16 smal Black/Black/Ebony Dame,,brooks-1204072a,ok
https://loplabbet.no/brooks-ghost-16-smal-blackpinkyellow-dame-1204072a,brooks,BROOKS Ghost 16 smal Black/Pink/Yellow Dame,,brooks-1204072a,ok
https://loplabbet.no/brooks-glycerin-gts-21-090-blackgreywhite-dame-1204091b,brooks,BROOKS Glycerin GTS 21 090 Black/Grey/White Dame,,brooks-1204091b,ok
https://loplabbet.no/brooks-glycerin-gts-21-blueicy-pinkrose-dame-1204091b,brooks,BROOKS Glycerin GTS 21 Blue/Icy Pink/Rose Dame,,brooks-1204091b,ok
https://loplabbet.no/brooks-glycerin-gts-21-moroccan-blueaquapink-dame-1204091b,brooks,BROOKS Glycerin GTS 21 Moroccan Blue/Aqua/Pink Dame,,brooks-1204091b,ok
https://loplabbet.no/brooks-ghost-16-gtx-blackblackebony-dame-1204191b,brooks,BROOKS Ghost 16 GTX Black/Black/Ebony Dame,,brooks-1204191b,ok
https://loplabbet.no/brooks-ghost-max-2-blackblackebony-dame-1204201b,brooks,BROOKS Ghost Max 2 Black/Black/Ebony Dame,,brooks-1204201b,ok
https://loplabbet.no/brooks-ghost-max-2-coconut-milkgrayzephyr-dame-1204201b,brooks,BROOKS Ghost Max 2 Coconut Milk/Gray/Zephyr Dame,,brooks-1204201b,ok
https://loplabbet.no/brooks-ghost-max-2-storm-blueknockout-pinkaqua-dame-1204201b,brooks,BROOKS Ghost Max 2 Storm Blue/Knockout Pink/Aqua Dame,,brooks-1204201b,ok
https://loplabbet.no/brooks-ghost-max-2-blackblackebony-dame-1204201d,brooks,BROOKS Ghost Max 2 Black/Black/Ebony Dame,,brooks-1204201d,ok
https://loplabbet.no/brooks-hyperion-gts-2-illusioncoralblack-dame-1204221b,brooks,BROOKS Hyperion GTS 2 Illusion/Coral/Black Dame,,brooks-1204221b,ok
https://loplabbet.no/brooks-hyperion-gts-2-whitepeachcoral-dame-1204221b,brooks,BROOKS Hyperion GTS 2 White/Peach/Coral Dame,,brooks-1204221b,ok
https://loplabbet.no/brooks-hyperion-max-2-blackgoldpink-dame-1204231b,brooks,BROOKS Hyperion Max 2 Black/Gold/Pink Dame,,brooks-1204231b,ok
https://loplabbet.no/brooks-hyperion-max-2-illusioncoralblack-dame-1204231b,brooks,BROOKS Hyperion Max 2 Illusion/Coral/Black Dame,,brooks-1204231b,ok
https://loplabbet.no/brooks-adrenaline-gts-24-coconutrose-goldwhite-dame-1204261b,brooks,BROOKS Adrenaline GTS 24 Coconut/Rose Gold/White Dame,,brooks-1204261b,ok
https://loplabbet.no/brooks-adrenaline-gts-24-whitelimpet-shellamparo-dame-1204261b,brooks,BROOKS Adrenaline GTS 24 White/Limpet Shell/Amparo Dame,,brooks-1204261b,ok
https://loplabbet.no/brooks-catamount-4-bit-of-blueflamelegion-blue-dame-1204301b,brooks,BROOKS Catamount 4 Bit of Blue/Flame/Legion Blue Dame,,brooks-1204301b,ok
https://loplabbet.no/brooks-catamount-4-greyblacklime-dame-1204301b,brooks,BROOKS Catamount 4 Grey/Black/Lime Dame,,brooks-1204301b,ok
https://loplabbet.no/brooks-ghost-17-oysterapricotpink-dame-1204311b,brooks,BROOKS Ghost 17 Oyster/Apricot/Pink Dame,,brooks-1204311b,ok
https://loplabbet.no/brooks-ghost-17-whiteblackrose-gold-dame-1204311b,brooks,BROOKS Ghost 17 White/Black/Rose Gold Dame,,brooks-1204311b,ok
https://loplabbet.no/brooks-glycerin-gts-22-blackblue-heronorange-dame-1204351b,brooks,BROOKS Glycerin GTS 22 Black/Blue Heron/Orange Dame,,brooks-1204351b,ok
https://loplabbet.no/brooks-glycerin-gts-22-whitelimpet-shellamparo-blue-dame-1204351b,brooks,BROOKS Glycerin GTS 22 White/Limpet Shell/Amparo Blue Dame,,brooks-1204351b,ok
https://loplabbet.no/brooks-glycerin-gts-22-blackgreywhite-dame-1204351d,brooks,BROOKS Glycerin GTS 22 Black/Grey/White Dame,,brooks-1204351d,ok
https://loplabbet.no/brooks-glycerin-max-blue-herondiva-pinkwhite-dame-1204361b,brooks,BROOKS Glycerin Max Blue Heron/Diva Pink/White Dame,,brooks-1204361b,ok
https://loplabbet.no/brooks-glycerin-max-peacoatblue-ribbonhot-coral-dame-1204361b,brooks,BROOKS Glycerin Max Peacoat/Blue Ribbon/Hot Coral Dame,,brooks-1204361b,ok
https://loplabbet.no/brooks-glycerin-max-sunny-limeblackwhite-dame-1204361b,brooks,BROOKS Glycerin Max Sunny Lime/Black/White Dame,,brooks-1204361b,ok
https://loplabbet.no/brooks-glycerin-max-whiteblackdiva-pink-dame-1204361b,brooks,BROOKS Glycerin Max White/Black/Diva Pink Dame,,brooks-1204361b,ok
https://loplabbet.no/brooks-hyperion-3-whitepink-clayatomizer-dame-1204531b,brooks,BROOKS Hyperion 3 White/Pink Clay/Atomizer Dame,,brooks-1204531b,ok
https://loplabbet.no/brooks-hyperion-max-3-coconutfiery-coralatomizer-dame-1204551b,brooks,BROOKS Hyperion Max 3 Coconut/Fiery Coral/Atomizer Dame,,brooks-1204551b,ok
https://loplabbet.no/brooks-hyperion-max-3-coconutgreen-geckopink-clay-dame-1204551b,brooks,BROOKS Hyperion Max 3 Coconut/Green Gecko/Pink Clay Dame,,brooks-1204551b,ok
https://loplabbet.no/brooks-run-visible-convertible-jacket-134-whiteasphaltnightlife-herre-211406,brooks,BROOKS Run Visible Convertible Jacket 134 White/Asphalt/Nightlife Herre,,brooks-211406,ok
https://loplabbet.no/brooks-run-visible-insulated-vest-134-whiteasphaltnightlife-herre-211407,brooks,BROOKS Run Visible Insulated Vest 134 White/Asphalt/Nightlife Herre,,brooks-211407,ok
https://loplabbet.no/brooks-run-visible-insulated-vest-20-ecrufluoro-flashblack-herre-211518,brooks,BROOKS Run Visible Insulated Vest 2.0 Ecru/Fluoro Flash/Black Herre,,brooks-211518,ok
https://loplabbet.no/brooks-run-visible-jacket-20-ecrufluoro-flashblack-herre-211519,brooks,BROOKS Run Visible Jacket 2.0 Ecru/Fluoro Flash/Black Herre,,brooks-211519,ok
https://loplabbet.no/brooks-method-78-tight-287-dark-oatmeal-dame-221524,brooks,BROOKS Method 7/8 Tight 287 Dark Oatmeal Dame,,brooks-221524,ok
https://loplabbet.no/brooks-distance-graphic-long-sleeve-532-heather-violet-dashstripe-dame-221540,brooks,BROOKS Distance Graphic Long Sleeve 532 Heather Violet Dash/Stripe Dame,,brooks-221540,ok
https://loplabbet.no/brooks-run-visible-convertible-jacket-134-whiteasphaltnightlife-dame-221560,brooks,BROOKS Run Visible Convertible Jacket 134 White/Asphalt/Nightlife Dame,,brooks-221560,ok
https://loplabbet.no/brooks-run-visible-insulated-vest-134-whiteasphaltnightlife-dame-221561,brooks,BROOKS Run Visible Insulated Vest 134 White/Asphalt/Nightlife Dame,,brooks-221561,ok
https://loplabbet.no/brooks-run-visible-insulated-vest-20-ecrufluoro-flashblack-dame-221688,brooks,BROOKS Run Visible Insulated Vest 2.0 Ecru/Fluoro Flash/Black Dame,,brooks-221688,ok
https://loplabbet.no/brooks-run-visible-jacket-20-ecrufluoro-flashblack-dame-221689,brooks,BROOKS Run Visible Jacket 2.0 Ecru/Fluoro Flash/Black Dame,,brooks-221689,ok
https://loplabbet.no/brooks-notch-thermal-beanie-flickerfluoro-flash-unisex-280439,brooks,BROOKS Notch Thermal Beanie Flicker/Fluoro Flash Unisex,,brooks-280439,ok
https://loplabbet.no/brooks-heritage-pom-beanie-fluoro-flash-run-happy-unisex-280476,brooks,BROOKS Heritage Pom Beanie Fluoro Flash Run Happy Unisex,,brooks-280476,ok
https://loplabbet.no/brooks-fusion-midweight-glove-20-fluoro-flashblack-unisex-280525,brooks,BROOKS Fusion Midweight Glove 2.0 Fluoro Flash/Black Unisex,,brooks-280525,ok
https://loplabbet.no/brooks-sports-hyperion-elite-5-luminaryyellowgray-unisex-1000491d,brooks,BROOKS SPORTS Hyperion Elite 5 Luminary/Yellow/Gray Unisex,,brooks-sports-1000491d,ok
https://loplabbet.no/brooks-sports-hyperion-elite-5-pink-clayatomizer-blue-unisex-1000491d,brooks,BROOKS SPORTS Hyperion Elite 5 Pink Clay/Atomizer Blue Unisex,,brooks-sports-1000491d,ok
https://loplabbet.no/brooks-sports-hyperion-elite-ld-2-luminarycyber-yellowblack-unisex-1000511d,brooks,BROOKS SPORTS Hyperion Elite LD 2 Luminary/Cyber Yellow/Black Unisex,,brooks-1000511d,ok
https://loplabbet.no/brooks-sports-hyperion-elite-md-2-luminarycyber-yellowblack-unisex-1000521d,brooks,BROOKS SPORTS Hyperion Elite MD 2 Luminary/Cyber Yellow/Black Unisex,,brooks-1000521d,ok
https://loplabbet.no/brooks-sports-cascadia-elite-star-whitebluefishblack-unisex-1000551d,brooks,BROOKS SPORTS Cascadia Elite Star White/Bluefish/Black Unisex,,brooks-sports-1000551d,ok
https://loplabbet.no/brooks-sports-adrenaline-gts-23-006-blackhawaiian-oceangreen-herre-1103911d,brooks,BROOKS SPORTS Adrenaline GTS 23 006 Black/Hawaiian Ocean/Green Herre,,brooks-sports-1103911d,ok
https://loplabbet.no/brooks-sports-adrenaline-gts-23-009-blackmandarin-redsilver-herre-1103911d,brooks,BROOKS SPORTS Adrenaline GTS 23 009 Black/Mandarin Red/Silver Herre,,brooks-1103911d,ok
https://loplabbet.no/brooks-sports-adrenaline-gts-23-486-peacoatultramarinaorange-herre-1103911d,brooks,BROOKS SPORTS Adrenaline GTS 23 486 Peacoat/Ultramarina/Orange Herre,,brooks-sports-1103911d,ok
https://loplabbet.no/brooks-sports-hyperion-max-2-blackgoldpink-herre-1104341d,brooks,BROOKS SPORTS Hyperion Max 2 Black/Gold/Pink Herre,,brooks-sports-1104341d,ok
https://loplabbet.no/brooks-sports-hyperion-max-2-cobaltgreen-geckolimpett-herre-1104341d,brooks,BROOKS SPORTS Hyperion Max 2 Cobalt/Green Gecko/Limpett Herre,,brooks-1104341d,ok
https://loplabbet.no/brooks-sports-adrenaline-gts-24-blackebonycloissonne-herre-1104371d,brooks,BROOKS SPORTS Adrenaline GTS 24 Black/Ebony/Cloissonne Herre,,brooks-sports-1104371d,ok
https://loplabbet.no/brooks-sports-adrenaline-gts-24-cobaltneo-yellowpeacoat-herre-1104371d,brooks,BROOKS SPORTS Adrenaline GTS 24 Cobalt/Neo Yellow/Peacoat Herre,,brooks-sports-1104371d,ok
https://loplabbet.no/brooks-sports-catamount-4-blacklimeblue-herre-1104411d,brooks,BROOKS SPORTS Catamount 4 Black/Lime/Blue Herre,,brooks-sports-1104411d,ok
https://loplabbet.no/brooks-sports-catamount-4-legion-bluecelestialflame-herre-1104411d,brooks,BROOKS SPORTS Catamount 4 Legion Blue/Celestial/Flame Herre,,brooks-sports-1104411d,ok
https://loplabbet.no/brooks-sports-ghost-17-smal-peacoatlimeblue-herre-1104421b,brooks,BROOKS SPORTS Ghost 17 smal Peacoat/Lime/Blue Herre,,brooks-sports-1104421b,ok
https://loplabbet.no/brooks-sports-ghost-17-beacon-bluemoonlightstarfish-herre-1104421d,brooks,BROOKS SPORTS Ghost 17 Beacon Blue/Moonlight/Starfish Herre,,brooks-sports-1104421d,ok
https://loplabbet.no/brooks-sports-ghost-17-blackblackebony-herre-1104421d,brooks,BROOKS SPORTS Ghost 17 Black/Black/Ebony Herre,,brooks-1104421d,ok
https://loplabbet.no/brooks-sports-ghost-17-blackgreywhite-herre-1104421d,brooks,BROOKS SPORTS Ghost 17 Black/Grey/White Herre,,brooks-sports-1104421d,ok
https://loplabbet.no/brooks-sports-ghost-17-peacoatlimeblue-herre-1104421d,brooks,BROOKS SPORTS Ghost 17 Peacoat/Lime/Blue Herre,,brooks-1104421d,ok
https://loplabbet.no/brooks-sports-ghost-17-whiteblacktea-herre-1104421d,brooks,BROOKS SPORTS Ghost 17 White/Black/Tea Herre,,brooks-1104421d,ok
https://loplabbet.no/brooks-sports-ghost-17-whitepink-claygecko-herre-1104421d,brooks,BROOKS SPORTS Ghost 17 White/Pink Clay/Gecko Herre,,brooks-sports-1104421d,ok
https://loplabbet.no/brooks-sports-ghost-17-bred-blackblackebony-herre-1104422e,brooks,BROOKS SPORTS Ghost 17 Bred Black/Black/Ebony Herre,,brooks-sports-1104422e,ok
https://loplabbet.no/brooks-sports-ghost-17-bred-peacoatlimeblue-herre-1104422e,brooks,BROOKS SPORTS Ghost 17 Bred Peacoat/Lime/Blue Herre,,brooks-sports-1104422e,ok
https://loplabbet.no/brooks-sports-ghost-17-blackblackebony-dame-1104424e,brooks,BROOKS SPORTS Ghost 17 ekstra bred Black/Black/Ebony Herre,,brooks-sports-1104424e,ok
https://loplabbet.no/brooks-sports-glycerin-gts-22-blackatomizerblazing-orange-herre-1104461d,brooks,BROOKS SPORTS Glycerin GTS 22 Black/Atomizer/Blazing Orange Herre,,brooks-sports-1104461d,ok
https://loplabbet.no/brooks-sports-glycerin-gts-22-blackcobaltneo-yellow-herre-1104461d,brooks,BROOKS SPORTS Glycerin GTS 22 Black/Cobalt/Neo Yellow Herre,,brooks-sports-1104461d,ok
https://loplabbet.no/brooks-sports-glycerin-max-blackebonywinter-sky-herre-1104471d,brooks,BROOKS SPORTS Glycerin Max Black/Ebony/Winter Sky Herre,,brooks-1104471d,ok
https://loplabbet.no/brooks-sports-glycerin-max-greyblacknightlife-herre-1104471d,brooks,BROOKS SPORTS Glycerin Max Grey/Black/Nightlife Herre,,brooks-sports-1104471d,ok
https://loplabbet.no/brooks-sports-adrenaline-gts-25-smal-spellboundmoonlightipanema-herre-1104541b,brooks,BROOKS SPORTS Adrenaline GTS 25 Smal Spellbound/Moonlight/Ipanema Herre,,brooks-1104541b,ok
https://loplabbet.no/brooks-sports-adrenaline-gts-25-greyparadise-greenspruce-herre-1104541d,brooks,BROOKS SPORTS Adrenaline GTS 25 Grey/Paradise Green/Spruce Herre,,brooks-sports-1104541d,ok
https://loplabbet.no/brooks-sports-adrenaline-gts-25-oystergreen-geckoblue-herre-1104541d,brooks,BROOKS SPORTS Adrenaline GTS 25 Oyster/Green Gecko/Blue Herre,,brooks-sports-1104541d,ok
https://loplabbet.no/brooks-sports-adrenaline-gts-25-spellboundmoonlightipanema-herre-1104541d,brooks,BROOKS SPORTS Adrenaline GTS 25 Spellbound/Moonlight/Ipanema Herre,,brooks-1104541d,ok
https://loplabbet.no/brooks-sports-adrenaline-gts-25-bred-blackblackebony-herre-1104542e,brooks,BROOKS SPORTS Adrenaline GTS 25 Bred Black/Black/Ebony Herre,,brooks-1104542e,ok
https://loplabbet.no/brooks-sports-adrenaline-gts-25-bred-spellboundmoonlightipanema-herre-1104542e,brooks,BROOKS SPORTS Adrenaline GTS 25 Bred Spellbound/Moonlight/Ipanema Herre,,brooks-sports-1104542e,ok
https://loplabbet.no/brooks-sports-adrenaline-gts-25-ekstra-bred-blackblackebony-herre-1104544e,brooks,BROOKS SPORTS Adrenaline GTS 25 Ekstra bred Black/Black/Ebony Herre,,brooks-sports-1104544e,ok
https://loplabbet.no/brooks-sports-ghost-17-gtx-blackblackebony-herre-1104621d,brooks,BROOKS SPORTS Ghost 17 GTX Black/Black/Ebony Herre,,brooks-sports-1104621d,ok
https://loplabbet.no/brooks-sports-ghost-17-gtx-smokeprimer-greyorange-herre-1104621d,brooks,BROOKS SPORTS Ghost 17 GTX Smoke/Primer Grey/Orange Herre,,brooks-sports-1104621d,ok
https://loplabbet.no/brooks-sports-hyperion-3-atomizerblackpink-clay-herre-1104651d,brooks,BROOKS SPORTS Hyperion 3 Atomizer/Black/Pink Clay Herre,,brooks-sports-1104651d,ok
https://loplabbet.no/brooks-sports-hyperion-3-luminaryblackyellow-herre-1104651d,brooks,BROOKS SPORTS Hyperion 3 Luminary/Black/Yellow Herre,,brooks-sports-1104651d,ok
https://loplabbet.no/brooks-sports-hyperion-max-3-coconutgreen-geckopink-clay-herre-1104671d,brooks,BROOKS SPORTS Hyperion Max 3 Coconut/Green Gecko/Pink Clay Herre,,brooks-sports-1104671d,ok
https://loplabbet.no/brooks-sports-hyperion-max-3-fiery-coralblackatomizer-herre-1104671d,brooks,BROOKS SPORTS Hyperion Max 3 Fiery Coral/Black/Atomizer Herre,,brooks-sports-1104671d,ok
https://loplabbet.no/brooks-sports-hyperion-max-3-luminarycyber-yellowblack-herre-1104671d,brooks,BROOKS SPORTS Hyperion Max 3 Luminary/Cyber Yellow/Black Herre,,brooks-sports-1104671d,ok
https://loplabbet.no/brooks-sports-hyperion-max-3-whitegray-mistgreen-herre-1104671d,brooks,BROOKS SPORTS Hyperion Max 3 White/Gray Mist/Green Herre,,brooks-sports-1104671d,ok
https://loplabbet.no/brooks-sports-ghost-trail-bleached-sandrabbitbluefish-herre-1104751d,brooks,BROOKS SPORTS Ghost Trail Bleached Sand/Rabbit/Bluefish Herre,,brooks-sports-1104751d,ok
https://loplabbet.no/brooks-sports-ghost-trail-oliveolivemetallic-herre-1104751d,brooks,BROOKS SPORTS Ghost Trail Olive/Olive/Metallic Herre,,brooks-sports-1104751d,ok
https://loplabbet.no/brooks-sports-glycerin-flex-bluewashmorelbeige-herre-1104781d,brooks,BROOKS SPORTS Glycerin Flex Bluewash/Morel/Beige Herre,,brooks-sports-1104781d,ok
https://loplabbet.no/brooks-sports-glycerin-flex-whitecyber-yellownightlife-herre-1104781d,brooks,BROOKS SPORTS Glycerin Flex White/Cyber Yellow/Nightlife Herre,,brooks-sports-1104781d,ok
https://loplabbet.no/brooks-sports-glycerin-flex-whitegreen-geckophantom-herre-1104781d,brooks,BROOKS SPORTS Glycerin Flex White/Green Gecko/Phantom Herre,,brooks-sports-1104781d,ok
https://loplabbet.no/brooks-sports-glycerin-max-2-bright-whiteblacknightlife-herre-1104791d,brooks,BROOKS SPORTS Glycerin Max 2 Bright White/Black/Nightlife Herre,,brooks-sports-1104791d,ok
https://loplabbet.no/brooks-sports-glycerin-max-2-phantomwhitegreen-gecko-herre-1104791d,brooks,BROOKS SPORTS Glycerin Max 2 Phantom/White/Green Gecko Herre,,brooks-sports-1104791d,ok
https://loplabbet.no/brooks-sports-glycerin-max-2-rain-washednavy-blazerclear-herre-1104791d,brooks,BROOKS SPORTS Glycerin Max 2 Rain Washed/Navy Blazer/Clear Herre,,brooks-sports-1104791d,ok
https://loplabbet.no/brooks-sports-glycerin-max-2-spellboundstarfishwhite-herre-1104791d,brooks,BROOKS SPORTS Glycerin Max 2 Spellbound/Starfish/White Herre,,brooks-sports-1104791d,ok
https://loplabbet.no/brooks-sports-glycerin-max-2-whitebluespellbound-herre-1104791d,brooks,BROOKS SPORTS Glycerin Max 2 White/Blue/Spellbound Herre,,brooks-sports-1104791d,ok
https://loplabbet.no/brooks-sports-ghost-18-smal-whiteblackopen-air-herre-1104931b,brooks,BROOKS SPORTS Ghost 18 smal White/Black/Open Air Herre,,brooks-sports-1104931b,ok
https://loplabbet.no/brooks-sports-ghost-18-navy-blazerred-earthblue-herre-1104931d,brooks,BROOKS SPORTS Ghost 18 Navy Blazer/Red Earth/Blue Herre,,brooks-sports-1104931d,ok
https://loplabbet.no/brooks-sports-ghost-18-bred-whiteblackopen-air-herre-1104932e,brooks,BROOKS SPORTS Ghost 18 bred White/Black/Open Air Herre,,brooks-sports-1104932e,ok
https://loplabbet.no/brooks-sports-ghost-18-ekstra-bred-blackblackebony-herre-1104934e,brooks,BROOKS SPORTS Ghost 18 ekstra bred Black/Black/Ebony Herre,,brooks-sports-1104934e,ok
https://loplabbet.no/brooks-sports-hyperion-max-4-greyblackpurple-hebe-herre-1104981d,brooks,BROOKS SPORTS Hyperion Max 4 Grey/Black/Purple Hebe Herre,,brooks-sports-1104981d,ok
https://loplabbet.no/brooks-sports-hyperion-max-4-whitecyber-yellowblack-herre-1104981d,brooks,BROOKS SPORTS Hyperion Max 4 White/Cyber Yellow/Black Herre,,brooks-sports-1104981d,ok
https://loplabbet.no/brooks-sports-glycerin-gts-23-blackcyber-yellownightlife-herre-1105031d,brooks,BROOKS SPORTS Glycerin GTS 23 Black/Cyber Yellow/Nightlife Herre,,brooks-sports-1105031d,ok
https://loplabbet.no/brooks-sports-glycerin-gts-23-bluespellboundstarfish-herre-1105031d,brooks,BROOKS SPORTS Glycerin GTS 23 Blue/Spellbound/Starfish Herre,,brooks-sports-1105031d,ok
https://loplabbet.no/brooks-sports-glycerin-gts-23-whitephantomgreen-gecko-herre-1105031d,brooks,BROOKS SPORTS Glycerin GTS 23 White/Phantom/Green Gecko Herre,,brooks-sports-1105031d,ok
https://loplabbet.no/brooks-sports-adrenaline-gts-23-storm-bluepinkaqua-dame-1203811b,brooks,BROOKS SPORTS Adrenaline GTS 23 Storm Blue/Pink/Aqua Dame,,brooks-sports-1203811b,ok
https://loplabbet.no/brooks-sports-hyperion-max-2-blackgoldpink-dame-1204231b,brooks,BROOKS SPORTS Hyperion Max 2 Black/Gold/Pink Dame,,brooks-sports-1204231b,ok
https://loplabbet.no/brooks-sports-hyperion-max-2-crystal-seasdiva-pinkblack-dame-1204231b,brooks,BROOKS SPORTS Hyperion Max 2 Crystal Seas/Diva Pink/Black Dame,,brooks-1204231b,ok
https://loplabbet.no/brooks-sports-adrenaline-gts-24-coconutrose-goldwhite-dame-1204261b,brooks,BROOKS SPORTS Adrenaline GTS 24 Coconut/Rose Gold/White Dame,,brooks-sports-1204261b,ok
https://loplabbet.no/brooks-sports-adrenaline-gts-24-whitelimpet-shellamparo-dame-1204261b,brooks,BROOKS SPORTS Adrenaline GTS 24 White/Limpet Shell/Amparo Dame,,brooks-sports-1204261b,ok
https://loplabbet.no/brooks-sports-catamount-4-bit-of-blueflamelegion-blue-dame-1204301b,brooks,BROOKS SPORTS Catamount 4 Bit of Blue/Flame/Legion Blue Dame,,brooks-sports-1204301b,ok
https://loplabbet.no/brooks-sports-catamount-4-greyblacklime-dame-1204301b,brooks,BROOKS SPORTS Catamount 4 Grey/Black/Lime Dame,,brooks-sports-1204301b,ok
https://loplabbet.no/brooks-sports-ghost-17-apricotgreypink-dame-1204311b,brooks,BROOKS SPORTS Ghost 17 Apricot/Grey/Pink Dame,,brooks-sports-1204311b,ok
https://loplabbet.no/brooks-sports-ghost-17-blackblackebony-dame-1204311b,brooks,BROOKS SPORTS Ghost 17 Black/Black/Ebony Dame,,brooks-sports-1204311b,ok
https://loplabbet.no/brooks-sports-ghost-17-blackgreywhite-dame-1204311b,brooks,BROOKS SPORTS Ghost 17 Black/Grey/White Dame,,brooks-sports-1204311b,ok
https://loplabbet.no/brooks-sports-ghost-17-blue-heronwhiteorange-dame-1204311b,brooks,BROOKS SPORTS Ghost 17 Blue Heron/White/Orange Dame,,brooks-sports-1204311b,ok
https://loplabbet.no/brooks-sports-ghost-17-navygreenturquoise-dame-1204311b,brooks,BROOKS SPORTS Ghost 17 Navy/Green/Turquoise Dame,,brooks-sports-1204311b,ok
https://loplabbet.no/brooks-sports-ghost-17-oysterapricotpink-dame-1204311b,brooks,BROOKS SPORTS Ghost 17 Oyster/Apricot/Pink Dame,,brooks-sports-1204311b,ok
https://loplabbet.no/brooks-sports-ghost-17-skywaycoconutsand-dame-1204311b,brooks,BROOKS SPORTS Ghost 17 Skyway/Coconut/Sand Dame,,brooks-sports-1204311b,ok
https://loplabbet.no/brooks-sports-ghost-17-bred-blackblackebony-dame-1204311d,brooks,BROOKS SPORTS Ghost 17 Bred Black/Black/Ebony Dame,,brooks-sports-1204311d,ok
https://loplabbet.no/brooks-sports-ghost-17-bred-navygreenturquoise-dame-1204311d,brooks,BROOKS SPORTS Ghost 17 Bred Navy/Green/Turquoise Dame,,brooks-sports-1204311d,ok
https://loplabbet.no/brooks-sports-ghost-17-navygreenturquoise-dame-1204312a,brooks,BROOKS SPORTS Ghost 17 smal Navy/Green/Turquoise Dame,,brooks-sports-1204312a,ok
https://loplabbet.no/brooks-sports-glycerin-gts-22-blackblue-heronorange-dame-1204351b,brooks,BROOKS SPORTS Glycerin gts 22 Black/Blue Heron/Orange Dame,,brooks-sports-1204351b,ok
https://loplabbet.no/brooks-sports-glycerin-gts-22-whitelimpet-shellamparo-blue-dame-1204351b,brooks,BROOKS SPORTS Glycerin gts 22 White/Limpet Shell/Amparo Blue Dame,,brooks-sports-1204351b,ok
https://loplabbet.no/brooks-sports-glycerin-max-peacoatblue-ribbonhot-coral-dame-1204361b,brooks,BROOKS SPORTS Glycerin Max Peacoat/Blue Ribbon/Hot Coral Dame,,brooks-1204361b,ok
https://loplabbet.no/brooks-sports-glycerin-max-whiteblackdiva-pink-dame-1204361b,brooks,BROOKS SPORTS Glycerin Max White/Black/Diva Pink Dame,,brooks-sports-1204361b,ok
https://loplabbet.no/brooks-sports-adrenaline-gts-25-blackblackebony-dame-1204431b,brooks,BROOKS SPORTS Adrenaline GTS 25 Black/Black/Ebony Dame,,brooks-1204431b,ok
https://loplabbet.no/brooks-sports-adrenaline-gts-25-oyster-mushroompeachgrape-dame-1204431b,brooks,BROOKS SPORTS Adrenaline GTS 25 Oyster Mushroom/Peach/Grape Dame,,brooks-sports-1204431b,ok
https://loplabbet.no/brooks-sports-adrenaline-gts-25-oysterpinkgreen-dame-1204431b,brooks,BROOKS SPORTS Adrenaline GTS 25 Oyster/Pink/Green Dame,,brooks-sports-1204431b,ok
https://loplabbet.no/brooks-sports-adrenaline-gts-25-spellboundyuccapink-dame-1204431b,brooks,BROOKS SPORTS Adrenaline GTS 25 Spellbound/Yucca/Pink Dame,,brooks-1204431b,ok
https://loplabbet.no/brooks-sports-adrenaline-gts-25-bred-blackblackebony-dame-1204431d,brooks,BROOKS SPORTS Adrenaline GTS 25 Bred Black/Black/Ebony Dame,,brooks-1204431d,ok
https://loplabbet.no/brooks-sports-adrenaline-gts-25-bred-oysterpinkgreen-dame-1204431d,brooks,BROOKS SPORTS Adrenaline GTS 25 Bred Oyster/Pink/Green Dame,,brooks-sports-1204431d,ok
https://loplabbet.no/brooks-sports-adrenaline-gts-25-smal-oysterpinkgreen-dame-1204432a,brooks,BROOKS SPORTS Adrenaline GTS 25 Smal Oyster/Pink/Green Dame,,brooks-sports-1204432a,ok
https://loplabbet.no/brooks-sports-ghost-17-gtx-blackblackebony-dame-1204511b,brooks,BROOKS SPORTS Ghost 17 GTX Black/Black/Ebony Dame,,brooks-sports-1204511b,ok
https://loplabbet.no/brooks-sports-ghost-17-gtx-coconutoysterblue-dame-1204511b,brooks,BROOKS SPORTS Ghost 17 GTX Coconut/Oyster/Blue Dame,,brooks-sports-1204511b,ok
https://loplabbet.no/brooks-sports-hyperion-3-whiteluminarycyber-pink-dame-1204531b,brooks,BROOKS SPORTS Hyperion 3 White/Luminary/Cyber Pink Dame,,brooks-sports-1204531b,ok
https://loplabbet.no/brooks-sports-hyperion-3-whitepink-clayatomizer-dame-1204531b,brooks,BROOKS SPORTS Hyperion 3 White/Pink Clay/Atomizer Dame,,brooks-sports-1204531b,ok
https://loplabbet.no/brooks-sports-hyperion-max-3-coconutfiery-coralatomizer-dame-1204551b,brooks,BROOKS SPORTS Hyperion Max 3 Coconut/Fiery Coral/Atomizer Dame,,brooks-sports-1204551b,ok
https://loplabbet.no/brooks-sports-hyperion-max-3-coconutgreen-geckopink-clay-dame-1204551b,brooks,BROOKS SPORTS Hyperion Max 3 Coconut/Green Gecko/Pink Clay Dame,,brooks-sports-1204551b,ok
https://loplabbet.no/brooks-sports-hyperion-max-3-coralyuccacoconut-dame-1204551b,brooks,BROOKS SPORTS Hyperion Max 3 Coral/Yucca/Coconut Dame,,brooks-sports-1204551b,ok
https://loplabbet.no/brooks-sports-hyperion-max-3-luminarycyber-pinkblack-dame-1204551b,brooks,BROOKS SPORTS Hyperion Max 3 Luminary/Cyber Pink/Black Dame,,brooks-sports-1204551b,ok
https://loplabbet.no/brooks-sports-ghost-trail-arctic-wolfrosenightlife-dame-1204641b,brooks,BROOKS SPORTS Ghost Trail Arctic Wolf/Rose/Nightlife Dame,,brooks-sports-1204641b,ok
https://loplabbet.no/brooks-sports-ghost-trail-sandstar-whitegolden-hour-dame-1204641b,brooks,BROOKS SPORTS Ghost Trail Sand/Star White/Golden Hour Dame,,brooks-sports-1204641b,ok
https://loplabbet.no/brooks-sports-glycerin-flex-roseraisinmetallic-dame-1204671b,brooks,BROOKS SPORTS Glycerin Flex Rose/Raisin/Metallic Dame,,brooks-sports-1204671b,ok
https://loplabbet.no/brooks-sports-glycerin-flex-whitecyber-pinkargyle-dame-1204671b,brooks,BROOKS SPORTS Glycerin Flex White/Cyber Pink/Argyle Dame,,brooks-sports-1204671b,ok
https://loplabbet.no/brooks-sports-glycerin-flex-whitepeachnightlife-dame-1204671b,brooks,BROOKS SPORTS Glycerin Flex White/Peach/Nightlife Dame,,brooks-sports-1204671b,ok
https://loplabbet.no/brooks-sports-glycerin-max-2-bluewashpurple-hebegreen-dame-1204681b,brooks,BROOKS SPORTS Glycerin Max 2 Bluewash/Purple Hebe/Green Dame,,brooks-sports-1204681b,ok
https://loplabbet.no/brooks-sports-glycerin-max-2-nantucket-breezechromeblue-dame-1204681b,brooks,BROOKS SPORTS Glycerin Max 2 Nantucket Breeze/Chrome/Blue Dame,,brooks-sports-1204681b,ok
https://loplabbet.no/brooks-sports-glycerin-max-2-oysterargylecyber-pink-dame-1204681b,brooks,BROOKS SPORTS Glycerin Max 2 Oyster/Argyle/Cyber Pink Dame,,brooks-sports-1204681b,ok
https://loplabbet.no/brooks-sports-glycerin-max-2-whitecoralpeach-dame-1204681b,brooks,BROOKS SPORTS Glycerin Max 2 White/Coral/Peach Dame,,brooks-sports-1204681b,ok
https://loplabbet.no/brooks-sports-ghost-18-whiteblackrose-gold-dame-1204821b,brooks,BROOKS SPORTS Ghost 18 White/Black/Rose Gold Dame,,brooks-sports-1204821b,ok
https://loplabbet.no/brooks-sports-ghost-18-smal-star-whitecyber-peachgrey-dame-1204822a,brooks,BROOKS SPORTS Ghost 18 smal Star White/Cyber Peach/Grey Dame,,brooks-sports-1204822a,ok
https://loplabbet.no/brooks-sports-hyperion-max-4-coconutraisinpink-dame-1204871b,brooks,BROOKS SPORTS Hyperion Max 4 Coconut/Raisin/Pink Dame,,brooks-sports-1204871b,ok
https://loplabbet.no/brooks-sports-hyperion-max-4-whitecyber-yellowblack-dame-1204871b,brooks,BROOKS SPORTS Hyperion Max 4 White/Cyber Yellow/Black Dame,,brooks-sports-1204871b,ok
https://loplabbet.no/brooks-sports-glycerin-gts-23-blackpeachnightlife-dame-1204921b,brooks,BROOKS SPORTS Glycerin GTS 23 Black/Peach/Nightlife Dame,,brooks-sports-1204921b,ok
https://loplabbet.no/brooks-sports-glycerin-gts-23-spellboundyuccapink-dame-1204921b,brooks,BROOKS SPORTS Glycerin GTS 23 Spellbound/Yucca/Pink Dame,,brooks-sports-1204921b,ok
https://loplabbet.no/brooks-sports-glycerin-gts-23-whiteharbor-mistmetallic-dame-1204921b,brooks,BROOKS SPORTS Glycerin GTS 23 White/Harbor Mist/Metallic Dame,,brooks-sports-1204921b,ok
https://loplabbet.no/brooks-sports-glycerin-gts-23-whitephantomcyber-pink-dame-1204921b,brooks,BROOKS SPORTS Glycerin GTS 23 White/Phantom/Cyber Pink Dame,,brooks-sports-1204921b,ok
https://loplabbet.no/brooks-sports-run-visible-insulated-vest-20-ecrufluoro-flashblack-herre-211518,brooks,BROOKS SPORTS Run Visible Insulated Vest 2.0 Ecru/Fluoro Flash/Black Herre,,brooks-211518,ok
https://loplabbet.no/brooks-sports-run-visible-jacket-20-ecrufluoro-flashblack-herre-211519,brooks,BROOKS SPORTS Run Visible Jacket 2.0 Ecru/Fluoro Flash/Black Herre,,brooks-211519,ok
https://loplabbet.no/brooks-sports-dash-printed-short-euphoryc-black-herre-211586,brooks-sports,BROOKS SPORTS Dash Printed Short Euphoryc Black Herre,,brooks-sports-211586,ok
https://loplabbet.no/brooks-sports-dash-printed-short-sleeve-euphoryc-luminary-herre-211587,brooks-sports,BROOKS SPORTS Dash Printed Short Sleeve Euphoryc Luminary Herre,,brooks-sports-211587,ok
https://loplabbet.no/brooks-sports-run-visible-insulated-vest-20-ecrufluoro-flashblack-dame-221688,brooks,BROOKS SPORTS Run Visible Insulated Vest 2.0 Ecru/Fluoro Flash/Black Dame,,brooks-221688,ok
https://loplabbet.no/brooks-sports-run-visible-jacket-20-ecrufluoro-flashblack-dame-221689,brooks,BROOKS SPORTS Run Visible Jacket 2.0 Ecru/Fluoro Flash/Black Dame,,brooks-221689,ok
https://loplabbet.no/brooks-sports-dash-short-sleeve-halogen-blue-dame-221755,brooks-sports,BROOKS SPORTS Dash Short Sleeve Halogen Blue Dame,,brooks-sports-221755,ok
https://loplabbet.no/brooks-sports-dash-short-printed-euphoryc-halogen-dame-221759,brooks-sports,BROOKS SPORTS Dash Short Printed Euphoryc Halogen Dame,,brooks-sports-221759,ok
https://loplabbet.no/bsn-leukotape-p-beige-unisex-720036,bsn,BSN Leukotape P beige Unisex,,bsn-720036,ok
https://loplabbet.no/bsn-leukotape-classic-white-unisex-720082,bsn,BSN Leukotape Classic white Unisex,,bsn-720082,ok
https://loplabbet.no/buff-caps-run-pro-solid-black-unisex-bu11722699930,buff,BUFF Caps Run Pro Solid Black Unisex,,buff-bu11722699930,ok
https://loplabbet.no/buff-dryflux-halsvarmer-light-grey-unisex-bu12153193310,buff,BUFF Dryflux+ Halsvarmer Light Grey Unisex,,buff-bu12153193310,ok
https://loplabbet.no/buff-dryflx-headband-blue-unisex-bu12153270710,buff,BUFF Dryflx+ Headband Blue Unisex,,buff-bu12153270710,ok
https://loplabbet.no/buff-fastwic-headband-r-sural-yellow-flour-unisex-bu12263611710,buff,BUFF Fastwic Headband R-Sural Yellow Flour Unisex,,buff-bu12263611710,ok
https://loplabbet.no/casall-yoga-matte-iii-5mm-black-pos-unisex-53104,casall,CASALL Yoga Matte III 5mm Black POS Unisex,,casall-53104,ok
https://loplabbet.no/casall-baerestropp-til-yogamatter-902blackgrey-unisex-53603,casall,CASALL Bærestropp til Yogamatter 902/Black/grey Unisex,,casall-53603,ok
https://loplabbet.no/casall-balance-cushion-black-unisex-54105,casall,CASALL Balance Cushion Black Unisex,,casall-54105,ok
https://loplabbet.no/casall-balance-and-massage-pad-blackgrey-unisex-54107,casall,CASALL Balance &amp; Massage pad Black/grey Unisex,,casall-54107,ok
https://loplabbet.no/casall-balance-board-ii-black-unisex-54401,casall,CASALL Balance board II Black Unisex,,casall-54401,ok
https://loplabbet.no/casall-balance-pad-901black-unisex,casall,CASALL Balance Pad 901/Black Unisex,,,ok
https://loplabbet.no/casall-classic-dumbbell-10kg-blackwhite-unisex-54847,casall,CASALL Classic Dumbbell 10kg Black/white Unisex,,casall-54847,ok
https://loplabbet.no/casall-kettlebell-soft-6-kg-black-unisex-61073,casall,CASALL Kettlebell soft 6 kg Black Unisex,,casall-61073,ok
https://loplabbet.no/casall-kettlebell-soft-8kg-black-unisex-61074,casall,CASALL Kettlebell soft 8kg Black Unisex,,casall-61074,ok
https://loplabbet.no/casall-kettlebell-soft-12-kg-black-unisex-61075,casall,CASALL Kettlebell Soft 12 kg Black Unisex,,casall-61075,ok
https://loplabbet.no/casall-kettlebell-soft-16kg-black-unisex-61076,casall,CASALL Kettlebell soft 16kg Black Unisex,,casall-61076,ok
https://loplabbet.no/casall-baerebag-til-yogamatte-901black-unisex,casall,CASALL Bærebag til Yogamatte 901/Black Unisex,,,ok
https://loplabbet.no/cep-max-support-knee-sleeve-black-unisex-130423,cep,"CEP Max Support, Knee Sleeve BLACK Unisex",,cep-130423,ok
https://loplabbet.no/cep-run-ultralight-sock-strl-v-herre-greylight-grey-herre,cep,"CEP Run Ultralight sock strl. V, herre GREY/LIGHT GREY Herre",,cep-greylight-grey-herre,ok
https://loplabbet.no/cep-run-ultralight-sock-strl-iii-herre-greylight-grey-herre,cep,"CEP run ultralight sock strl. III, herre GREY/LIGHT GREY Herre",,cep-greylight-grey-herre,ok
https://loplabbet.no/cep-ortho-knee-sleeve-blackgrey-unisex-wo11v6,cep,CEP Ortho Knee Sleeve BLACK/GREY Unisex,,cep-wo11v6,ok
https://loplabbet.no/cep-ortho-ankle-sleeve-blackgrey-unisex-wo12v6,cep,CEP Ortho Ankle Sleeve BLACK/GREY Unisex,,cep-wo12v6,ok
https://loplabbet.no/cep-cep-achilles-short-socks-black-dame-wo476,cep,CEP Achilles short socks Black Dame,,cep-wo476,ok
https://loplabbet.no/cep-cep-achilles-short-socks-black-herre-wo576,cep,CEP Achilles short socks Black Herre,,cep-wo576,ok
https://loplabbet.no/cep-ortho-knee-sleeve-blackgrey-unisex-wo616,cep,CEP Ortho Knee Sleeve BLACK/GREY Unisex,,cep-wo616,ok
https://loplabbet.no/cep-knee-sleeve-mid-support-black-unisex-wo61f,cep,CEP Knee Sleeve Mid Support Black Unisex,,cep-wo61f,ok
https://loplabbet.no/cep-knee-sleeve-mid-support-grey-unisex-wo61f,cep,CEP Knee Sleeve Mid Support Grey Unisex,,cep-wo61f,ok
https://loplabbet.no/cep-ortho-knee-brace-blackgrey-unisex-wo641,cep,CEP Ortho Knee Brace BLACK/GREY Unisex,,cep-wo641,ok
https://loplabbet.no/cep-knee-sleeve-max-support-black-white-unisex-wo64g,cep,CEP Knee Sleeve Max Support Black / White Unisex,,cep-wo64g,ok
https://loplabbet.no/cep-max-support-ankle-sleeve-unisex-black-white-unisex-wo65g,cep,"CEP Max Support, Ankle Sleeve, Unisex Black / White Unisex",,cep-wo65g,ok
https://loplabbet.no/cep-achilles-sleeve-max-support-blackwhite-unisex-wo66g,cep,CEP Achilles Sleeve Max Support black/white Unisex,,cep-wo66g,ok
https://loplabbet.no/cep-patella-strap-mid-support-black-unisex-wo6cf,cep,CEP Patella Strap Mid Support Black Unisex,,cep-wo6cf,ok
https://loplabbet.no/cep-ortho-plantar-sleeves-blackgrey-unisex-wo6d1,cep,CEP Ortho Plantar Sleeves Black/Grey Unisex,,cep-wo6d1,ok
https://loplabbet.no/cep-run-socks-tall-40-black-dame-wp20r,cep,CEP Run Socks Tall 4.0 Black Dame,,cep-wp20r,ok
https://loplabbet.no/cep-run-socks-tall-40-black-herre-wp30r,cep,CEP Run Socks Tall 4.0 Black Herre,,cep-wp30r,ok
https://loplabbet.no/cep-run-ultralight-socks-blacklight-grey-herre-wp30y,cep,CEP Run Ultralight Socks Black/Light Grey Herre,,cep-wp30y,ok
https://loplabbet.no/cep-run-ultralight-socks-blacklight-grey-dame-wp40i,cep,CEP RUN ULTRALIGHT SOCKS BLACK/LIGHT GREY Dame,,cep-wp40i,ok
https://loplabbet.no/cep-run-ultralight-compression-socks-dame-str-ii-blacklight-grey-dame,cep,"CEP Run Ultralight Compression Socks, dame str. II BLACK/LIGHT GREY Dame",,cep-str-ii-blacklight-grey-dame,ok
https://loplabbet.no/cep-run-ultralight-compression-socks-dame-str-iv-blacklight-grey-dame,cep,"CEP Run Ultralight Compression Socks, dame str. IV BLACK/LIGHT GREY Dame",,cep-str-iv-blacklight-grey-dame,ok
https://loplabbet.no/cep-winter-run-socks-greyblack-dame-wp40tu,cep,CEP Winter Run Socks GREY/BLACK Dame,,cep-wp40tu,ok
https://loplabbet.no/cep-run-sock-30-blackdark-grey-dame-wp40vx,cep,CEP Run Sock 3.0 BLACK/DARK GREY Dame,,cep-wp40vx,ok
https://loplabbet.no/cep-kompresjonssokker-black-dame-wp455r,cep,CEP Kompresjonssokker BLACK Dame,,cep-wp455r,ok
https://loplabbet.no/cep-pro-run-ultralight-socks-blackgrey-dame-wp45vc,cep,CEP PRO+ Run Ultralight Socks BLACK/GREY Dame,,cep-wp45vc,ok
https://loplabbet.no/cep-run-ultralight-socks-blacklight-grey-herre-wp50iy,cep,CEP RUN ULTRALIGHT SOCKS BLACK/LIGHT GREY Herre,,cep-wp50iy,ok
https://loplabbet.no/cep-winter-run-socks-greyblack-herre-wp50tu,cep,CEP Winter Run Socks GREY/BLACK Herre,,cep-wp50tu,ok
https://loplabbet.no/cep-run-compression-socks-30-blackdark-grey-herre-wp50vx,cep,CEP Run Compression Socks 3.0 BLACK/DARK GREY Herre,,cep-wp50vx,ok
https://loplabbet.no/cep-pro-run-ultralight-socks-blackgrey-herre-wp55vc,cep,CEP Pro+ Run Ultralight Socks BLACK/GREY Herre,,cep-wp55vc,ok
https://loplabbet.no/cep-cep-run-ultralight-socks-tall-40-blackgrey-dame-wp70l,cep,"CEP CEP run ultralight socks, tall, 4.0 Black/Grey Dame",,cep-wp70l,ok
https://loplabbet.no/cep-cep-run-socks-tall-50-black-dame-wp70r,cep,"CEP CEP run socks, tall, 5.0 black Dame",,cep-wp70r,ok
https://loplabbet.no/cep-cep-run-ultralight-socks-tall-40-blackgrey-herre-wp80l,cep,"CEP CEP run ultralight socks, tall, 4.0 Black/Grey Herre",,cep-wp80l,ok
https://loplabbet.no/cep-arm-sleeves-blackgrey-unisex-ws1av1,cep,CEP Arm Sleeves BLACK/GREY Unisex,,cep-ws1av1,ok
https://loplabbet.no/cep-run-calf-sleeves-40-black-dame-ws20r,cep,CEP Run Calf Sleeves 4.0 Black Dame,,cep-ws20r,ok
https://loplabbet.no/cep-run-calf-sleeves-40-black-herre-ws30r,cep,CEP Run Calf Sleeves 4.0 Black Herre,,cep-ws30r,ok
https://loplabbet.no/cep-calf-sleeves-30-blackdark-grey-dame-ws40vx,cep,CEP Calf Sleeves 3.0 BLACK/DARK GREY Dame,,cep-ws40vx,ok
https://loplabbet.no/cep-compression-calf-sleeves-30-blackdark-grey-herre-ws50vx,cep,CEP Compression Calf Sleeves 3.0 BLACK/DARK GREY Herre,,cep-ws50vx,ok
https://loplabbet.no/cep-cep-run-sleeves-calf-50-black1-dame-ws70r,cep,"CEP CEP run sleeves, calf, 5.0 Black1 Dame",,cep-ws70r,ok
https://loplabbet.no/cep-cep-run-sleeves-calf-50-men-black-herre-ws80r,cep,"CEP CEP run sleeves, calf, 5.0, men black Herre",,cep-ws80r,ok
https://loplabbet.no/cep-omnispeed-bowtech-greenlime-fade-dame-wv21r,cep,CEP OMNISPEED BOWTECH GREEN/LIME FADE Dame,,cep-wv21r,ok
https://loplabbet.no/cep-omnispeed-bowtech-greenlime-fade-herre-wv31r,cep,CEP OMNISPEED BOWTECH GREEN/LIME FADE Herre,,cep-wv31r,ok
https://loplabbet.no/christopher-mcdougall-fodt-til-a-lope-unisex-107401,christopher,CHRISTOPHER MCDOUGALL Født til å løpe Unisex,,christopher-107401,ok
https://loplabbet.no/ciele-fst-visor-dual-sc-janga-gronn-unisex-clfstvdsc,ciele,CIELE FST Visor Dual SC Janga Grønn Unisex,,ciele-clfstvdsc,ok
https://loplabbet.no/ciele-gocap-century-black-unisex-clgcc,ciele,CIELE GoCap Century Black Unisex,,ciele-clgcc,ok
https://loplabbet.no/ciele-gocap-century-trooper-unisex-clgcc,ciele,CIELE GoCap Century Trooper Unisex,,ciele-clgcc,ok
https://loplabbet.no/ciele-gocap-century-white-unisex-clgcc,ciele,CIELE GoCap Century White Unisex,,ciele-clgcc,ok
https://loplabbet.no/ciele-go-cap-overland-unisex-clgcrm,ciele,CIELE Go Cap Overland Unisex,,ciele-clgcrm,ok
https://loplabbet.no/ciele-go-cap-fg002wallacres-unisex-clgcsa,ciele,CIELE Go Cap FG002/Wallacres Unisex,,ciele-clgcsa,ok
https://loplabbet.no/ciele-go-cap-lg001ayers-unisex-clgcsa,ciele,CIELE Go Cap LG001/Ayers Unisex,,ciele-clgcsa,ok
https://loplabbet.no/ciele-go-cap-mossland-unisex-clgcsa,ciele,CIELE Go Cap Mossland Unisex,,ciele-clgcsa,ok
https://loplabbet.no/ciele-go-cap-mt001quirk-unisex-clgcsa,ciele,CIELE Go Cap MT001/Quirk Unisex,,ciele-clgcsa,ok
https://loplabbet.no/ciele-gocap-sc-ionic-small-turner-brun-unisex-clgcscis,ciele,CIELE GOCap SC Ionic Small Turner Brun Unisex,,ciele-clgcscis,ok
https://loplabbet.no/ciele-gocap-sc-ionic-small-turner-rosa-unisex-clgcscis,ciele,CIELE GOCap SC Ionic Small Turner Rosa Unisex,,ciele-clgcscis,ok
https://loplabbet.no/ciele-go-cap-pine-lodge-unisex-clgcscsa,ciele,CIELE Go Cap Pine Lodge Unisex,,ciele-clgcscsa,ok
https://loplabbet.no/ciele-go-cap-ravine-unisex-clgcscsa-po001,ciele,CIELE Go Cap RAVINE Unisex,,ciele-clgcscsa-po001,ok
https://loplabbet.no/ciele-visor-cap-bk002shadowlava-unisex-clrpdvac,ciele,CIELE Visor Cap BK002/Shadowlava Unisex,,ciele-clrpdvac,ok
https://loplabbet.no/ciele-rpd-visor-sc-athletique-current-rosa-unisex-clrpdvscac,ciele,CIELE RPD Visor SC Athletique Current Rosa Unisex,,ciele-clrpdvscac,ok
https://loplabbet.no/comfy-performance-hipster-black-dame-48-00,comfy,COMFY Performance Hipster Black Dame,,comfy-48-00,ok
https://loplabbet.no/comfy-performance-superlight-string-2-pk-black-dame-49-00,comfy,COMFY Performance Superlight String 2-pk Black Dame,,comfy-49-00,ok
https://loplabbet.no/comfyballs-performance-regular-boxer-herre-pitch-black-performance-herre,comfyballs,"COMFYBALLS Comfyballs Performance Regular Boxer, herre Herre",,comfyballs-pitch-black-performance-herre,ok
https://loplabbet.no/comfyballs-long-performance-boxer-herre-pitch-black-performance-herre,comfyballs,"COMFYBALLS Comfyballs Long Performance Boxer, herre Herre",,comfyballs-pitch-black-performance-herre,ok
https://loplabbet.no/comfyballs-performance-long-boxer-herre-navy-racing-red-performance-herre,comfyballs,"COMFYBALLS Comfyballs Performance Long Boxer, herre Herre",,comfyballs-navy-racing-red-performance-herre,ok
https://loplabbet.no/comfyballs-performance-long-boxer-herre-sunset-orange-blue-performance-herre,comfyballs,"COMFYBALLS Comfyballs Performance Long Boxer, herre Herre",,comfyballs-sunset-orange-blue-performance-herre,ok
https://loplabbet.no/compeed-gnagsarplaster-medium-no-colour-unisex-co19924121,compeed,COMPEED Gnagsårplaster Medium No Colour Unisex,,compeed-co19924121,ok
https://loplabbet.no/compeed-gnagsarplaster-small-no-colour-unisex-co19924141,compeed,COMPEED Gnagsårplaster Small No Colour Unisex,,compeed-co19924141,ok
https://loplabbet.no/compeed-gnagsar-stift-no-colour-unisex-co19924181,compeed,COMPEED Gnagsår Stift No Colour Unisex,,compeed-co19924181,ok
https://loplabbet.no/coros-apexvertixpace-2-ladekabel-unisex-720013,coros,COROS Apex/Vertix/Pace 2 Ladekabel Unisex,,coros-720013,ok
https://loplabbet.no/coros-apex-42-mm-blackgrey-unisex,coros,COROS Apex 42 mm black/grey Unisex,,,ok
https://loplabbet.no/coros-apex-46-mm-blackgrey-unisex-720038,coros,COROS Apex 46 mm black/grey Unisex,,coros-720038,ok
https://loplabbet.no/coros-pod-2-unisex-720088,coros,COROS POD 2 Unisex,,coros-720088,ok
https://loplabbet.no/coros-apex-2-black-unisex-720089,coros,COROS Apex 2 Black Unisex,,coros-720089,ok
https://loplabbet.no/coros-apex-2-blackgrey-unisex-720090,coros,COROS Apex 2 Black/Grey Unisex,,coros-720090,ok
https://loplabbet.no/coros-apex-2-coral-unisex-720091,coros,COROS Apex 2 Coral Unisex,,coros-720091,ok
https://loplabbet.no/coros-apex-2-pro-black-unisex-720092,coros,COROS Apex 2 Pro Black Unisex,,coros-720092,ok
https://loplabbet.no/coros-apex-pro-2-grey-unisex-720093,coros,COROS Apex Pro 2 Grey Unisex,,coros-720093,ok
https://loplabbet.no/coros-apex-2-pro-green-unisex-720094,coros,COROS Apex 2 Pro Green Unisex,,coros-720094,ok
https://loplabbet.no/coros-pace-2-white-unisex-720120,coros,COROS Pace 2 white Unisex,,coros-720120,ok
https://loplabbet.no/coros-pace-2-white-with-silicone-band-white-unisex-720121,coros,COROS Pace 2 White with Silicone Band white Unisex,,coros-720121,ok
https://loplabbet.no/coros-acc-band-pace-2apex-42m-silicone-dark-navy-dark-navy-unisex-720122,coros,COROS ACC Band Pace 2/Apex 42m Silicone Dark Navy Dark navy Unisex,,coros-720122,ok
https://loplabbet.no/coros-acc-band-pace-2apex-42mm-silicone-white-white-unisex-720123,coros,COROS ACC Band Pace 2/Apex 42mm Silicone White White Unisex,,coros-720123,ok
https://loplabbet.no/coros-coros-acc-band-pace-2apex-42mm-nylon-white-white-unisex-720124,coros,COROS Coros ACC Band Pace 2/Apex 42mm Nylon White White Unisex,,coros-720124,ok
https://loplabbet.no/coros-acc-band-pace-2apex-42mm-nylon-black-black-unisex-720126,coros,COROS ACC Band Pace 2/Apex 42mm Nylon Black Black Unisex,,coros-720126,ok
https://loplabbet.no/coros-pace-3-nylon-white-unisex-720219,coros,COROS Pace 3 Nylon White Unisex,,coros-720219,ok
https://loplabbet.no/coros-pace-3-silicone-white-unisex-720220,coros,"COROS Pace 3, Silicone White Unisex",,coros-720220,ok
https://loplabbet.no/coros-pace-3-nylon-black-unisex-720221,coros,"COROS Pace 3, Nylon Black Unisex",,coros-720221,ok
https://loplabbet.no/coros-pace-3-silicone-black-unisex-720222,coros,"COROS Pace 3, Silicone Black Unisex",,coros-720222,ok
https://loplabbet.no/coros-coros-pace-3-track-edition-unisex,coros,COROS Coros Pace 3 Track Edition Unisex,,,ok
https://loplabbet.no/coros-heart-rate-monitor-unisex-720224,coros,COROS Heart Rate Monitor Unisex,,coros-720224,ok
https://loplabbet.no/coros-coros-heart-rate-monitor-grey-unisex-720224,coros,COROS Coros Heart Rate Monitor Grey Unisex,,coros-720224,ok
https://loplabbet.no/coros-acc-band-for-heart-rate-monitor-grey-unisex-720229,coros,COROS ACC Band for heart rate monitor Grey Unisex,,coros-720229,ok
https://loplabbet.no/coros-acc-heart-rate-monitor-orange-unisex-720272,coros,COROS ACC Heart Rate Monitor Orange Unisex,,coros-720272,ok
https://loplabbet.no/coros-acc-heart-rate-monitor-lime-unisex-720273,coros,COROS ACC Heart Rate Monitor Lime Unisex,,coros-720273,ok
https://loplabbet.no/coros-watch-pace-3-emerald-teal-unisex-720280,coros,COROS WATCH Pace 3 Emerald Teal Unisex,,coros-720280,ok
https://loplabbet.no/coros-watch-pace-3-mist-yellow-unisex-720281,coros,COROS WATCH Pace 3 Mist Yellow Unisex,,coros-720281,ok
https://loplabbet.no/coros-watch-pace-3-violet-purlpe-unisex-720282,coros,COROS WATCH Pace 3 Violet Purlpe Unisex,,coros-720282,ok
https://loplabbet.no/coros-watch-pace-3-nylon-ink-black-unisex-720292,coros,COROS WATCH Pace 3 Nylon Ink Black Unisex,,coros-720292,ok
https://loplabbet.no/coros-watch-pace-3-nylon-chalkwhite-unisex-720293,coros,COROS Watch Pace 3 Nylon Chalk/White Unisex,,coros-720293,ok
https://loplabbet.no/coros-watch-pace-pro-black-black-unisex-720317,coros,COROS WATCH Pace Pro Black Black Unisex,,coros-720317,ok
https://loplabbet.no/coros-watch-pace-pro-grey-grey-unisex-720318,coros,COROS WATCH Pace Pro Grey Grey Unisex,,coros-720318,ok
https://loplabbet.no/coros-watch-pace-pro-navy-navy-unisex-720319,coros,COROS WATCH Pace Pro Navy Navy Unisex,,coros-720319,ok
https://loplabbet.no/coros-apex-4-46mm-black-unisex-720361,coros,COROS APEX 4 46mm Black Unisex,,coros-720361,ok
https://loplabbet.no/coros-apex-4-46mm-white-unisex-720362,coros,COROS APEX 4 46mm White Unisex,,coros-720362,ok
https://loplabbet.no/coros-apex-4-42mm-black-unisex-720363,coros,COROS APEX 4 42mm Black Unisex,,coros-720363,ok
https://loplabbet.no/coros-apex-4-42mm-white-unisex-720364,coros,COROS APEX 4 42mm White Unisex,,coros-720364,ok
https://loplabbet.no/coros-acc-heart-rate-monitor-charging-cable-usb-c-white-unisex-720369,coros,COROS ACC Heart Rate Monitor Charging cable (USB-C) White Unisex,,coros-720369,ok
https://loplabbet.no/coros-pace-4-silicone-black-black-unisex-720370,coros,COROS PACE 4 Silicone Black Black Unisex,,coros-720370,ok
https://loplabbet.no/coros-pace-4-nylon-black-black-unisex-720371,coros,COROS PACE 4 Nylon Black Black Unisex,,coros-720371,ok
https://loplabbet.no/coros-pace-4-silicone-white-white-unisex-720372,coros,COROS PACE 4 Silicone White White Unisex,,coros-720372,ok
https://loplabbet.no/coros-pace-4-aluminium-silicone-crystal-black-black-unisex-720397,coros,COROS PACE 4 Aluminium Silicone Crystal Black Black Unisex,,coros-720397,ok
https://loplabbet.no/coros-pace-4-aluminium-silicone-white-cloud-white-unisex-720398,coros,COROS PACE 4 aluminium silicone white cloud White Unisex,,coros-720398,ok
https://loplabbet.no/coros-pace-4-jakob-edition-black-unisex-720399,coros,COROS PACE 4 Aluminium Jakob Edition Black Unisex,,coros-720399,ok
https://loplabbet.no/coros-heart-rate-monitor-jakob-edition-black-unisex-720401,coros,COROS Heart Rate Monitor Jakob Edition Black Unisex,,coros-720401,ok
https://loplabbet.no/coros-acc-band-pace-3-silicone-black-unisex-band-pace3-blk,coros,COROS ACC Band Pace 3 Silicone Black Unisex,,coros-band-pace3-blk,ok
https://loplabbet.no/coros-acc-band-pace-3-silicone-white-unisex-band-pace3-wht,coros,COROS ACC Band Pace 3 Silicone White Unisex,,coros-band-pace3-wht,ok
https://loplabbet.no/daehlie-hat-polyknit-black-unisex-331001,d-hlie,DÆHLIE Hat Polyknit Black Unisex,,d-hlie-331001,ok
https://loplabbet.no/daehlie-hat-polyknit-estate-blue-unisex-331001,d-hlie,DÆHLIE Hat Polyknit Estate Blue Unisex,,d-hlie-331001,ok
https://loplabbet.no/daehlie-hat-polyknit-hawaiian-ocean-unisex-331001,daehlie,DÆHLIE Hat Polyknit Hawaiian Ocean Unisex,,daehlie-331001,ok
https://loplabbet.no/daehlie-hat-polyknit-shocking-orange-unisex-331001,daehlie,DÆHLIE Hat Polyknit Shocking Orange Unisex,,daehlie-331001,ok
https://loplabbet.no/daehlie-hat-polyknit-snow-white-unisex-331001,d-hlie,DÆHLIE Hat Polyknit Snow White Unisex,,d-hlie-331001,ok
https://loplabbet.no/daehlie-headband-polyknit-black-unisex-331014,d-hlie,DÆHLIE Headband Polyknit Black Unisex,,d-hlie-331014,ok
https://loplabbet.no/daehlie-headband-polyknit-estate-blue-unisex-331014,d-hlie,DÆHLIE Headband Polyknit Estate Blue Unisex,,d-hlie-331014,ok
https://loplabbet.no/daehlie-headband-polyknit-hawaiian-ocean-unisex-331014,d-hlie,DÆHLIE Headband Polyknit Hawaiian Ocean Unisex,,d-hlie-331014,ok
https://loplabbet.no/daehlie-headband-polyknit-snow-white-unisex-331014,daehlie,DÆHLIE Headband Polyknit Snow White Unisex,,daehlie-331014,ok
https://loplabbet.no/daehlie-hat-polyknit-super-pink-dame-331117,daehlie,DÆHLIE Hat Polyknit Super Pink Dame,,daehlie-331117,ok
https://loplabbet.no/daehlie-headband-polyknit-super-pink-dame-331119,daehlie,DÆHLIE Headband Polyknit Super Pink Dame,,daehlie-331119,ok
https://loplabbet.no/daehlie-t-shirt-focus-navy-herre-332541,daehlie,DÆHLIE T-Shirt Focus Navy Herre,,daehlie-332541,ok
https://loplabbet.no/daehlie-t-shirt-focus-brilliant-white-dame-332542,daehlie,DÆHLIE T-Shirt Focus Brilliant White Dame,,daehlie-332542,ok
https://loplabbet.no/daehlie-t-shirt-focus-iced-aqua-dame-332542,daehlie,DÆHLIE T-Shirt Focus Iced Aqua Dame,,daehlie-332542,ok
https://loplabbet.no/daehlie-t-shirt-focus-obsidian-dame-332542,daehlie,DÆHLIE T-Shirt Focus Obsidian Dame,,daehlie-332542,ok
https://loplabbet.no/daehlie-singlet-gear-brilliant-white-dame-332570,d-hlie,DÆHLIE Singlet Gear Brilliant White Dame,,d-hlie-332570,ok
https://loplabbet.no/daehlie-glove-wool-liner-black-unisex-332812,d-hlie,DÆHLIE Glove Wool Liner Black Unisex,,d-hlie-332812,ok
https://loplabbet.no/daehlie-run-pants-black-herre-332971,daehlie,DÆHLIE Run Pants Black Herre,,daehlie-332971,ok
https://loplabbet.no/daehlie-run-pants-navy-herre-332971,daehlie,DÆHLIE Run Pants Navy Herre,,daehlie-332971,ok
https://loplabbet.no/daehlie-run-pants-black-dame-332972,d-hlie,DÆHLIE Run Pants Black Dame,,d-hlie-332972,ok
https://loplabbet.no/daehlie-run-pants-iced-aqua-dame-332972,d-hlie,DÆHLIE Run Pants Iced Aqua Dame,,d-hlie-332972,ok
https://loplabbet.no/daehlie-glove-rush-black-unisex-333031,d-hlie,DÆHLIE Glove Rush Black Unisex,,d-hlie-333031,ok
https://loplabbet.no/daehlie-claw-active-blacksnow-white-unisex-333310,d-hlie,DÆHLIE Claw Active Black/Snow White Unisex,,d-hlie-333310,ok
https://loplabbet.no/daehlie-vest-run-black-herre-333325,d-hlie,DÆHLIE Vest Run Black Herre,,d-hlie-333325,ok
https://loplabbet.no/daehlie-vest-run-black-dame-333326,d-hlie,DÆHLIE Vest Run Black Dame,,d-hlie-333326,ok
https://loplabbet.no/daehlie-bra-training-wool-light-grey-melange-dame-333397,d-hlie,DÆHLIE Bra Training Wool Light Grey Melange Dame,,d-hlie-333397,ok
https://loplabbet.no/daehlie-compete-tech-ls-snow-white-herre-333403,daehlie,DÆHLIE Compete-Tech LS Snow White Herre,,daehlie-333403,ok
https://loplabbet.no/daehlie-compete-tech-ls-snow-white-dame-333404,daehlie,DÆHLIE Compete-Tech LS Snow White Dame,,daehlie-333404,ok
https://loplabbet.no/daehlie-compete-tech-t-shirt-snow-white-herre-333405,daehlie,DÆHLIE Compete-Tech T-Shirt Snow White Herre,,daehlie-333405,ok
https://loplabbet.no/daehlie-compete-tech-t-shirt-snow-white-dame-333406,daehlie,DÆHLIE Compete-Tech T-Shirt Snow White Dame,,daehlie-333406,ok
https://loplabbet.no/daehlie-hat-wool-cross-estate-blue-unisex-333433,daehlie,DÆHLIE Hat Wool Cross Estate Blue Unisex,,daehlie-333433,ok
https://loplabbet.no/daehlie-hat-wool-cross-nine-iron-unisex-333433,d-hlie,DÆHLIE Hat Wool Cross Nine Iron Unisex,,d-hlie-333433,ok
https://loplabbet.no/daehlie-headband-wool-cross-nine-iron-unisex-333434,d-hlie,DÆHLIE Headband Wool Cross Nine Iron Unisex,,d-hlie-333434,ok
https://loplabbet.no/daehlie-jacket-winter-run-20-black-herre-333461,d-hlie,DÆHLIE Jacket Winter Run 2.0 Black Herre,,d-hlie-333461,ok
https://loplabbet.no/daehlie-jacket-winter-run-20-black-dame-333462,d-hlie,DÆHLIE Jacket Winter Run 2.0 Black Dame,,d-hlie-333462,ok
https://loplabbet.no/daehlie-singlet-elite-herre-brilliant-white-herre-333501,d-hlie,"DÆHLIE Singlet Elite, herre Brilliant White Herre",,d-hlie-333501,ok
https://loplabbet.no/daehlie-singlet-elite-herre-navy-herre-333501,daehlie,"DÆHLIE Singlet Elite, herre Navy Herre",,daehlie-navy-herre-333501,ok
https://loplabbet.no/daehlie-singlet-elite-dame-brilliant-white-dame-333502,d-hlie,"DÆHLIE Singlet Elite, dame Brilliant White Dame",,d-hlie-333502,ok
https://loplabbet.no/daehlie-singlet-elite-dame-iced-aqua-dame-333502,daehlie,"DÆHLIE Singlet Elite, dame Iced Aqua Dame",,daehlie-iced-aqua-dame-333502,ok
https://loplabbet.no/daehlie-daehlie-shorts-elite-obsidian-herre-333503,d-hlie,DÆHLIE Dæhlie Shorts Elite Obsidian Herre,,d-hlie-333503,ok
https://loplabbet.no/daehlie-daehlie-shorts-elite-obsidian-dame-333504,d-hlie,DÆHLIE Dæhlie Shorts Elite Obsidian Dame,,d-hlie-333504,ok
https://loplabbet.no/daehlie-jacket-athlete-black-herre-333583,d-hlie,DÆHLIE Jacket Athlete Black Herre,,d-hlie-333583,ok
https://loplabbet.no/daehlie-jacket-athlete-navy-herre-333583,daehlie,DÆHLIE Jacket Athlete Navy Herre,,daehlie-333583,ok
https://loplabbet.no/daehlie-jacket-athlete-black-dame-333584,daehlie,DÆHLIE Jacket Athlete Black Dame,,daehlie-333584,ok
https://loplabbet.no/daehlie-jacket-athlete-iced-aqua-dame-333584,d-hlie,DÆHLIE Jacket Athlete Iced Aqua Dame,,d-hlie-333584,ok
https://loplabbet.no/daehlie-tights-athlete-black-herre-333603,d-hlie,DÆHLIE Tights Athlete Black Herre,,d-hlie-333603,ok
https://loplabbet.no/daehlie-tights-athlete-black-dame-333604,d-hlie,DÆHLIE Tights Athlete Black Dame,,d-hlie-333604,ok
https://loplabbet.no/daehlie-tights-athlete-mid-black-herre-333605,daehlie,DÆHLIE Tights Athlete Mid Black Herre,,daehlie-333605,ok
https://loplabbet.no/daehlie-tights-athlete-75-black-dame-333606,d-hlie,DÆHLIE Tights Athlete 7.5 Black Dame,,d-hlie-333606,ok
https://loplabbet.no/daehlie-t-shirt-run-365-azure-blue-herre-333651,daehlie,DÆHLIE T-Shirt Run 365 Azure Blue Herre,,daehlie-333651,ok
https://loplabbet.no/daehlie-t-shirt-run-365-brilliant-white-herre-333651,d-hlie,DÆHLIE T-Shirt Run 365 Brilliant White Herre,,d-hlie-333651,ok
https://loplabbet.no/daehlie-t-shirt-run-365-dark-forest-herre-333651,daehlie,DÆHLIE T-Shirt Run 365 Dark Forest Herre,,daehlie-333651,ok
https://loplabbet.no/daehlie-t-shirt-run-365-future-blue-herre-333651,daehlie,DÆHLIE T-Shirt Run 365 Future Blue Herre,,daehlie-333651,ok
https://loplabbet.no/daehlie-t-shirt-run-365-lava-red-herre-333651,daehlie,DÆHLIE T-Shirt Run 365 Lava Red Herre,,daehlie-333651,ok
https://loplabbet.no/daehlie-t-shirt-run-365-brilliant-white-dame-333652,daehlie,DÆHLIE T-Shirt Run 365 Brilliant White Dame,,daehlie-333652,ok
https://loplabbet.no/daehlie-t-shirt-run-365-dusty-red-dame-333652,daehlie,DÆHLIE T-Shirt Run 365 Dusty Red Dame,,daehlie-333652,ok
https://loplabbet.no/daehlie-t-shirt-run-365-future-blue-dame-333652,daehlie,DÆHLIE T-Shirt Run 365 Future Blue Dame,,daehlie-333652,ok
https://loplabbet.no/daehlie-t-shirt-run-365-hyper-violet-dame-333652,daehlie,DÆHLIE T-Shirt Run 365 Hyper Violet Dame,,daehlie-333652,ok
https://loplabbet.no/daehlie-t-shirt-run-365-iced-aqua-dame-333652,daehlie,DÆHLIE T-Shirt Run 365 Iced Aqua Dame,,daehlie-333652,ok
https://loplabbet.no/daehlie-singlet-run-365-azure-blue-herre-333653,daehlie,DÆHLIE Singlet Run 365 Azure Blue Herre,,daehlie-333653,ok
https://loplabbet.no/daehlie-singlet-run-365-brilliant-white-herre-333653,d-hlie,DÆHLIE Singlet Run 365 Brilliant White Herre,,d-hlie-333653,ok
https://loplabbet.no/daehlie-singlet-run-365-future-blue-herre-333653,d-hlie,DÆHLIE Singlet Run 365 Future Blue Herre,,d-hlie-333653,ok
https://loplabbet.no/daehlie-singlet-run-365-dame-brilliant-white-dame-333654,daehlie,DÆHLIE Singlet Run 365 Brilliant White Dame,,daehlie-brilliant-white-dame-333654,ok
https://loplabbet.no/daehlie-singlet-run-365-future-blue-dame-333654,d-hlie,DÆHLIE Singlet Run 365 Future Blue Dame,,d-hlie-333654,ok
https://loplabbet.no/daehlie-tights-direction-mid-black-herre-333657,daehlie,DÆHLIE Tights Direction Mid Black Herre,,daehlie-333657,ok
https://loplabbet.no/daehlie-headband-athlete-brilliant-white-unisex-333662,d-hlie,DÆHLIE Headband Athlete Brilliant White Unisex,,d-hlie-333662,ok
https://loplabbet.no/daehlie-shorts-run-365-99901black-herre-333663,d-hlie,DÆHLIE Dæhlie Shorts Run 365 99901/Black Herre,,d-hlie-333663,ok
https://loplabbet.no/daehlie-daehlie-shorts-run-365-black-herre-333663,daehlie,DÆHLIE Dæhlie Shorts Run 365 Black Herre,,daehlie-333663,ok
https://loplabbet.no/daehlie-shorts-run-365-dark-forest-herre-333663,daehlie,DÆHLIE Dæhlie Shorts Run 365 Dark Forest Herre,,daehlie-333663,ok
https://loplabbet.no/daehlie-daehlie-shorts-run-365-desert-taupe-herre-333663,daehlie,DÆHLIE Dæhlie Shorts Run 365 Desert Taupe Herre,,daehlie-333663,ok
https://loplabbet.no/daehlie-shorts-run-365-future-blue-herre-333663,daehlie,DÆHLIE Dæhlie Shorts Run 365 Future Blue Herre,,daehlie-333663,ok
https://loplabbet.no/daehlie-daehlie-shorts-run-365-lava-red-herre-333663,daehlie,DÆHLIE Dæhlie Shorts Run 365 Lava Red Herre,,daehlie-333663,ok
https://loplabbet.no/daehlie-shorts-run-365-black-dame-333664,d-hlie,DÆHLIE Shorts Run 365 Black Dame,,d-hlie-333664,ok
https://loplabbet.no/daehlie-shorts-run-365-future-blue-dame-333664,daehlie,DÆHLIE Shorts Run 365 Future Blue Dame,,daehlie-333664,ok
https://loplabbet.no/daehlie-shorts-run-365-hyper-violet-dame-333664,daehlie,DÆHLIE Shorts Run 365 Hyper Violet Dame,,daehlie-333664,ok
https://loplabbet.no/daehlie-shorts-run-365-peyote-dame-333664,daehlie,DÆHLIE Shorts Run 365 Peyote Dame,,daehlie-333664,ok
https://loplabbet.no/daehlie-caps-athlete-black-unisex-333667,daehlie,DÆHLIE Caps Athlete Black Unisex,,daehlie-333667,ok
https://loplabbet.no/daehlie-caps-athlete-brilliant-white-unisex-333667,daehlie,DÆHLIE Caps Athlete Brilliant White Unisex,,daehlie-333667,ok
https://loplabbet.no/daehlie-caps-athlete-orange-popsicle-unisex-333667,daehlie,DÆHLIE Caps Athlete Orange Popsicle Unisex,,daehlie-333667,ok
https://loplabbet.no/daehlie-long-sleeve-direction-azure-blue-herre-333670,daehlie,DÆHLIE Long Sleeve Direction Azure Blue Herre,,daehlie-333670,ok
https://loplabbet.no/daehlie-long-sleeve-direction-iced-aqua-dame-333671,d-hlie,DÆHLIE Long Sleeve Direction Iced Aqua Dame,,d-hlie-333671,ok
https://loplabbet.no/daehlie-pants-intensity-black-herre-333674,d-hlie,DÆHLIE Pants Intensity Black Herre,,d-hlie-333674,ok
https://loplabbet.no/daehlie-pants-intensity-black-dame-333675,d-hlie,DÆHLIE Pants Intensity Black Dame,,d-hlie-333675,ok
https://loplabbet.no/daehlie-jacket-run-365-navy-herre-333686,d-hlie,DÆHLIE Jacket Run 365 Navy Herre,,d-hlie-333686,ok
https://loplabbet.no/daehlie-jacket-run-365-iced-aqua-dame-333687,d-hlie,DÆHLIE Jacket Run 365 Iced Aqua Dame,,d-hlie-333687,ok
https://loplabbet.no/daehlie-daehlie-pants-protection-black-herre-333731,d-hlie,DÆHLIE Dæhlie Pants Protection Black Herre,,d-hlie-333731,ok
https://loplabbet.no/daehlie-pants-protection-black-dame-333732,d-hlie,DÆHLIE Pants Protection Black Dame,,d-hlie-333732,ok
https://loplabbet.no/daehlie-glove-run-black-unisex-333744,daehlie,DÆHLIE Glove Run Black Unisex,,daehlie-333744,ok
https://loplabbet.no/daehlie-neck-gaiter-high-53751dark-forest-unisex-333802,d-hlie,DÆHLIE Neck Gaiter High 53751/Dark Forest Unisex,,d-hlie-333802,ok
https://loplabbet.no/daehlie-neck-gaiter-dark-forest-unisex-333803,d-hlie,DÆHLIE Neck Gaiter Dark Forest Unisex,,d-hlie-333803,ok
https://loplabbet.no/daehlie-neck-gaiter-super-pink-unisex-333803,d-hlie,DÆHLIE Neck Gaiter Super Pink Unisex,,d-hlie-333803,ok
https://loplabbet.no/daehlie-jacket-achieve-black-herre-333844,d-hlie,DÆHLIE Jacket Achieve Black Herre,,d-hlie-333844,ok
https://loplabbet.no/daehlie-jacket-achieve-dame-black-dame-333845,d-hlie,DÆHLIE Jacket Achieve Black Dame,,d-hlie-333845,ok
https://loplabbet.no/daehlie-vest-run-20-black-herre-333852,d-hlie,DÆHLIE Vest Run 2.0 Black Herre,,d-hlie-333852,ok
https://loplabbet.no/daehlie-vest-run-20-black-dame-333853,d-hlie,DÆHLIE Vest Run 2.0 Black Dame,,d-hlie-333853,ok
https://loplabbet.no/daehlie-jacket-attempt-navy-dame-333858,daehlie,DÆHLIE Jacket Attempt Navy Dame,,daehlie-333858,ok
https://loplabbet.no/daehlie-pants-achieve-black-herre-333862,d-hlie,DÆHLIE Pants Achieve Black Herre,,d-hlie-333862,ok
https://loplabbet.no/daehlie-pants-achieve-black-dame-333863,d-hlie,DÆHLIE Pants Achieve Black Dame,,d-hlie-333863,ok
https://loplabbet.no/daehlie-tights-achieve-herre-black-herre-333864,d-hlie,"DÆHLIE Tights Achieve, herre Black Herre",,d-hlie-333864,ok
https://loplabbet.no/daehlie-tights-achieve-dame-black-dame-333865,d-hlie,"DÆHLIE Tights Achieve, dame Black Dame",,d-hlie-333865,ok
https://loplabbet.no/daehlie-tights-achieve-10-black-herre-333871,d-hlie,DÆHLIE Tights Achieve 10&quot; Black Herre,,d-hlie-333871,ok
https://loplabbet.no/daehlie-tights-achieve-75-black-dame-333872,d-hlie,"DÆHLIE Tights Achieve 7,5&quot; Black Dame",,d-hlie-333872,ok
https://loplabbet.no/daehlie-caps-attempt-black-dame-333879,d-hlie,DÆHLIE Caps Attempt Black Dame,,d-hlie-333879,ok
https://loplabbet.no/daehlie-caps-attempt-brilliant-white-dame-333879,d-hlie,DÆHLIE Caps Attempt Brilliant White Dame,,d-hlie-333879,ok
https://loplabbet.no/daehlie-half-zip-elite-brilliant-white-herre-333886,daehlie,DÆHLIE Half Zip Elite Brilliant White Herre,,daehlie-333886,ok
https://loplabbet.no/daehlie-half-zip-elite-brilliant-white-dame-333887,d-hlie,DÆHLIE Half Zip Elite Brilliant White Dame,,d-hlie-333887,ok
https://loplabbet.no/daehlie-shorts-run-2-in-1-black-herre-333897,daehlie,DÆHLIE Shorts Run 2 in 1 Black Herre,,daehlie-333897,ok
https://loplabbet.no/daehlie-shorts-run-2-in-1-future-blue-herre-333897,daehlie,DÆHLIE Shorts Run 2 in 1 Future Blue Herre,,daehlie-333897,ok
https://loplabbet.no/daehlie-shorts-run-2-in-1-black-dame-333898,daehlie,DÆHLIE Shorts Run 2 in 1 Black Dame,,daehlie-333898,ok
https://loplabbet.no/daehlie-training-tech-long-sleeve-snow-white-herre-333942,daehlie,DÆHLIE Training Tech Long Sleeve Snow White Herre,,daehlie-333942,ok
https://loplabbet.no/daehlie-claw-pace-black-unisex-333952,daehlie,DÆHLIE Claw Pace Black Unisex,,daehlie-333952,ok
https://loplabbet.no/daehlie-pants-tempo-black-herre-333957,daehlie,DÆHLIE Pants Tempo Black Herre,,daehlie-333957,ok
https://loplabbet.no/daehlie-pants-tempo-black-dame-333958,daehlie,DÆHLIE Pants Tempo Black Dame,,daehlie-333958,ok
https://loplabbet.no/daehlie-long-sleeve-run-365-quiet-grey-herre-333959,daehlie,DÆHLIE Long Sleeve Run 365 Quiet Grey Herre,,daehlie-333959,ok
https://loplabbet.no/daehlie-long-sleeve-run-365-quiet-grey-dame-333960,d-hlie,DÆHLIE Long Sleeve Run 365 Quiet Grey Dame,,d-hlie-333960,ok
https://loplabbet.no/daehlie-jacket-advance-light-black-herre-333965,d-hlie,DÆHLIE Jacket Advance Light Black Herre,,d-hlie-333965,ok
https://loplabbet.no/daehlie-jacket-advance-light-black-dame-333966,daehlie,DÆHLIE Jacket Advance Light Black Dame,,daehlie-333966,ok
https://loplabbet.no/daehlie-vest-advance-light-black-herre-333967,d-hlie,DÆHLIE Vest Advance Light Black Herre,,d-hlie-333967,ok
https://loplabbet.no/daehlie-vest-advance-light-black-dame-333968,d-hlie,DÆHLIE Vest Advance Light Black Dame,,d-hlie-333968,ok
https://loplabbet.no/daehlie-pants-advance-warm-black-herre-333969,d-hlie,DÆHLIE Pants Advance Warm Black Herre,,d-hlie-333969,ok
https://loplabbet.no/daehlie-pants-advance-warm-black-dame-333970,d-hlie,DÆHLIE Pants Advance Warm Black Dame,,d-hlie-333970,ok
https://loplabbet.no/daehlie-jacket-run-365-20-future-blue-herre-333971,d-hlie,DÆHLIE Jacket Run 365 2.0 Future Blue Herre,,d-hlie-333971,ok
https://loplabbet.no/daehlie-jacket-run-365-20-teal-herre-333971,daehlie,DÆHLIE Jacket Run 365 2.0 Teal Herre,,daehlie-333971,ok
https://loplabbet.no/daehlie-jacket-run-365-20-future-blue-dame-333972,d-hlie,DÆHLIE Jacket Run 365 2.0 Future Blue Dame,,d-hlie-333972,ok
https://loplabbet.no/daehlie-jacket-run-365-20-teal-dame-333972,daehlie,DÆHLIE Jacket Run 365 2.0 Teal Dame,,daehlie-333972,ok
https://loplabbet.no/daehlie-hat-wool-20-obsidian-unisex-333979,d-hlie,DÆHLIE Hat Wool 2.0 Obsidian Unisex,,d-hlie-333979,ok
https://loplabbet.no/daehlie-headband-wool-20-obsidian-unisex-333980,d-hlie,DÆHLIE Headband Wool 2.0 Obsidian Unisex,,d-hlie-333980,ok
https://loplabbet.no/daehlie-jacket-air-brilliant-white-herre-334041,d-hlie,DÆHLIE Jacket Air Brilliant White Herre,,d-hlie-334041,ok
https://loplabbet.no/daehlie-jacket-air-future-blue-herre-334041,d-hlie,DÆHLIE Jacket Air Future Blue Herre,,d-hlie-334041,ok
https://loplabbet.no/daehlie-jacket-air-brilliant-white-dame-334042,d-hlie,DÆHLIE Jacket Air Brilliant White Dame,,d-hlie-334042,ok
https://loplabbet.no/daehlie-jacket-air-wmn-hyper-violet-dame-334042,d-hlie,DÆHLIE Jacket Air Wmn Hyper Violet Dame,,d-hlie-334042,ok
https://loplabbet.no/daehlie-shorts-air-5-black-herre-334043,d-hlie,DÆHLIE Shorts Air 5&quot; Black Herre,,d-hlie-334043,ok
https://loplabbet.no/daehlie-shorts-air-5-matcha-herre-334043,daehlie,DÆHLIE Shorts Air 5&quot; Matcha Herre,,daehlie-334043,ok
https://loplabbet.no/daehlie-shorts-air-3-black-dame-334044,d-hlie,DÆHLIE Shorts Air 3&quot; Black Dame,,d-hlie-334044,ok
https://loplabbet.no/daehlie-t-shirt-air-brilliant-white-herre-334045,d-hlie,DÆHLIE T-Shirt Air Brilliant White Herre,,d-hlie-334045,ok
https://loplabbet.no/daehlie-t-shirt-air-lava-red-herre-334045,d-hlie,DÆHLIE T-Shirt Air Lava Red Herre,,d-hlie-334045,ok
https://loplabbet.no/daehlie-t-shirt-air-sage-green-herre-334045,daehlie,DÆHLIE T-Shirt Air Sage Green Herre,,daehlie-334045,ok
https://loplabbet.no/daehlie-t-shirt-air-wmn-blue-aura-dame-334046,d-hlie,DÆHLIE T-Shirt Air Wmn Blue Aura Dame,,d-hlie-334046,ok
https://loplabbet.no/daehlie-t-shirt-air-brilliant-white-dame-334046,d-hlie,DÆHLIE T-Shirt Air Brilliant White Dame,,d-hlie-334046,ok
https://loplabbet.no/daehlie-t-shirt-air-galactic-lilac-dame-334046,daehlie,DÆHLIE T-Shirt Air Galactic Lilac Dame,,daehlie-334046,ok
https://loplabbet.no/daehlie-long-sleeve-air-brilliant-white-herre-334047,d-hlie,DÆHLIE Long Sleeve Air Brilliant White Herre,,d-hlie-334047,ok
https://loplabbet.no/daehlie-long-sleeve-air-lava-red-herre-334047,d-hlie,DÆHLIE Long Sleeve Air Lava Red Herre,,d-hlie-334047,ok
https://loplabbet.no/daehlie-long-sleeve-air-wmn-blue-aura-dame-334048,d-hlie,DÆHLIE Long Sleeve Air Wmn Blue Aura Dame,,d-hlie-334048,ok
https://loplabbet.no/daehlie-long-sleeve-air-brilliant-white-dame-334048,d-hlie,DÆHLIE Long Sleeve Air Brilliant White Dame,,d-hlie-334048,ok
https://loplabbet.no/daehlie-tights-progress-black-herre-334049,daehlie,DÆHLIE Tights Progress Black Herre,,daehlie-334049,ok
https://loplabbet.no/daehlie-tights-progess-black-dame-334050,daehlie,DÆHLIE Tights Progess Black Dame,,daehlie-334050,ok
https://loplabbet.no/daehlie-pants-run-20-black-herre-334055,daehlie,DÆHLIE Pants Run 2.0 Black Herre,,daehlie-334055,ok
https://loplabbet.no/daehlie-pants-run-20-black-dame-334056,daehlie,DÆHLIE Pants Run 2.0 Black Dame,,daehlie-334056,ok
https://loplabbet.no/daehlie-half-zip-athlete-20-matcha-herre-334057,daehlie,DÆHLIE Half Zip Athlete 2.0 Matcha Herre,,daehlie-334057,ok
https://loplabbet.no/daehlie-half-zip-athlete-20-obsidian-herre-334057,daehlie,DÆHLIE Half Zip Athlete 2.0 Obsidian Herre,,daehlie-334057,ok
https://loplabbet.no/daehlie-half-zip-athlete-20-matcha-dame-334058,daehlie,DÆHLIE Half Zip Athlete 2.0 Matcha Dame,,daehlie-334058,ok
https://loplabbet.no/daehlie-half-zip-athlete-20-obsidian-dame-334058,daehlie,DÆHLIE Half Zip Athlete 2.0 Obsidian Dame,,daehlie-334058,ok
https://loplabbet.no/daehlie-shorts-athlete-2-in-1-obsidian-herre-334059,d-hlie,DÆHLIE Shorts Athlete 2 in 1 Obsidian Herre,,d-hlie-334059,ok
https://loplabbet.no/daehlie-shorts-athlete-2-in-1-wmn-obsidian-dame-334060,d-hlie,DÆHLIE Shorts Athlete 2 in 1 Wmn Obsidian Dame,,d-hlie-334060,ok
https://loplabbet.no/daehlie-tights-athlete-20-black-herre-334061,d-hlie,DÆHLIE Tights Athlete 2.0 Black Herre,,d-hlie-334061,ok
https://loplabbet.no/daehlie-tights-athlete-20-black-dame-334062,d-hlie,DÆHLIE Tights Athlete 2.0 Black Dame,,d-hlie-334062,ok
https://loplabbet.no/daehlie-tights-athlete-10-20-black-herre-334063,d-hlie,DÆHLIE Tights Athlete 10&quot; 2.0 Black Herre,,d-hlie-334063,ok
https://loplabbet.no/daehlie-tights-athlete-75-20-black-dame-334064,d-hlie,"DÆHLIE Tights Athlete 7,5&quot; 2.0 Black Dame",,d-hlie-334064,ok
https://loplabbet.no/daehlie-shorts-air-75-black-herre-334079,d-hlie,"DÆHLIE Shorts Air 7,5&quot; Black Herre",,d-hlie-334079,ok
https://loplabbet.no/daehlie-shorts-air-5-black-dame-334080,daehlie,DÆHLIE Shorts Air 5&quot; Black Dame,,daehlie-334080,ok
https://loplabbet.no/daehlie-tights-warm-black-dame-334104,d-hlie,DÆHLIE Tights Warm Black Dame,,d-hlie-334104,ok
https://loplabbet.no/daehlie-pants-winter-run-black-herre-334105,d-hlie,DÆHLIE Pants Winter Run Black Herre,,d-hlie-334105,ok
https://loplabbet.no/daehlie-pants-winter-run-black-dame-334106,daehlie,DÆHLIE Pants Winter Run Black Dame,,daehlie-334106,ok
https://loplabbet.no/daehlie-jacket-winter-run-protect-black-herre-334125,d-hlie,DÆHLIE Jacket Winter Run Protect Black Herre,,d-hlie-334125,ok
https://loplabbet.no/daehlie-jacket-winter-run-protect-future-blue-herre-334125,daehlie,DÆHLIE Jacket Winter Run Protect Future Blue Herre,,daehlie-334125,ok
https://loplabbet.no/daehlie-jacket-winter-run-protect-electric-indigo-dame-334126,daehlie,DÆHLIE Jacket Winter Run Protect Electric Indigo Dame,,daehlie-334126,ok
https://loplabbet.no/daehlie-long-sleeve-tech-wool-future-blue-herre-334194,d-hlie,DÆHLIE Long Sleeve Tech Wool Future Blue Herre,,d-hlie-334194,ok
https://loplabbet.no/daehlie-long-sleeve-tech-wool-blue-aura-dame-334195,d-hlie,DÆHLIE Long Sleeve Tech Wool Blue Aura Dame,,d-hlie-334195,ok
https://loplabbet.no/daehlie-t-shirt-tech-wool-future-blue-herre-334196,d-hlie,DÆHLIE T-Shirt Tech Wool Future Blue Herre,,d-hlie-334196,ok
https://loplabbet.no/daehlie-t-shirt-tech-wool-blue-aura-dame-334197,d-hlie,DÆHLIE T-Shirt Tech Wool Blue Aura Dame,,d-hlie-334197,ok
https://loplabbet.no/daehlie-tights-tech-wool-black-herre-334198,d-hlie,DÆHLIE Tights Tech Wool Black Herre,,d-hlie-334198,ok
https://loplabbet.no/daehlie-tights-tech-wool-black-dame-334199,d-hlie,DÆHLIE Tights Tech Wool Black Dame,,d-hlie-334199,ok
https://loplabbet.no/daehlie-tights-tech-wool-75-inch-black-herre-334200,d-hlie,"DÆHLIE Tights Tech Wool 7,5 Inch Black Herre",,d-hlie-334200,ok
https://loplabbet.no/daehlie-tights-tech-wool-75-inch-black-dame-334201,d-hlie,"DÆHLIE Tights Tech Wool 7,5 Inch Black Dame",,d-hlie-334201,ok
https://loplabbet.no/daehlie-half-zip-tech-wool-future-blue-herre-334212,d-hlie,DÆHLIE Half Zip Tech Wool Future Blue Herre,,d-hlie-334212,ok
https://loplabbet.no/daehlie-half-zip-tech-wool-blue-aura-dame-334213,d-hlie,DÆHLIE Half Zip Tech Wool Blue Aura Dame,,d-hlie-334213,ok
https://loplabbet.no/devold-breeze-woman-hipster-black-dame-go-180-144-a,devold,DEVOLD BREEZE WOMAN HIPSTER BLACK Dame,,devold-go-180-144-a,ok
https://loplabbet.no/devold-breeze-boxer-black-herre-go-180-145-a,devold,DEVOLD Breeze Boxer BLACK Herre,,devold-go-180-145-a,ok
https://loplabbet.no/devold-breeze-merino-headover-beetroot-unisex-go-180-840-a,devold,DEVOLD Breeze Merino Headover BEETROOT Unisex,,devold-go-180-840-a,ok
https://loplabbet.no/devold-breeze-merino-headover-black-unisex-go-180-840-a,devold,DEVOLD Breeze Merino Headover BLACK Unisex,,devold-go-180-840-a,ok
https://loplabbet.no/devold-breeze-merino-150-beanie-beetroot-unisex-go-180-900-a,devold,DEVOLD BREEZE MERINO 150 BEANIE BEETROOT Unisex,,devold-go-180-900-a,ok
https://loplabbet.no/devold-breeze-merino-headover-blue-melange-unisex-go-181-840-a,devold,DEVOLD Breeze Merino Headover BLUE MELANGE Unisex,,devold-go-181-840-a,ok
https://loplabbet.no/devold-breeze-merino-headover-cameo-melange-unisex-go-181-840-a,devold,DEVOLD Breeze Merino Headover CAMEO MELANGE Unisex,,devold-go-181-840-a,ok
https://loplabbet.no/devold-breeze-merino-headover-grey-melange-unisex-go-181-840-a,devold,DEVOLD Breeze Merino Headover GREY MELANGE Unisex,,devold-go-181-840-a,ok
https://loplabbet.no/devold-breeze-merino-150-beanie-blue-melange-unisex-go-181-900-a,devold,DEVOLD BREEZE MERINO 150 BEANIE BLUE MELANGE Unisex,,devold-go-181-900-a,ok
https://loplabbet.no/devold-breeze-merino-150-beanie-cameo-melange-unisex-go-181-900-a,devold,DEVOLD BREEZE MERINO 150 BEANIE CAMEO MELANGE Unisex,,devold-go-181-900-a,ok
https://loplabbet.no/devold-breeze-merino-150-beanie-grey-melange-unisex-go-181-900-a,devold,DEVOLD BREEZE MERINO 150 BEANIE GREY MELANGE Unisex,,devold-go-181-900-a,ok
https://loplabbet.no/devold-breeze-merino-150-beanie-lichen-melange-unisex-go-181-900-a,devold,DEVOLD BREEZE MERINO 150 BEANIE LICHEN MELANGE Unisex,,devold-go-181-900-a,ok
https://loplabbet.no/devold-duo-active-boxer-black-herre-go-237-145-a,devold,DEVOLD Duo Active Boxer BLACK Herre,,devold-go-237-145-a,ok
https://loplabbet.no/devold-tuvegga-sport-air-longs-287anight-herre-go-255-100-a,devold,DEVOLD Tuvegga Sport Air Longs 287A/NIGHT Herre,,devold-go-255-100-a,ok
https://loplabbet.no/devold-tuvegga-sport-air-longs-arrowwood-herre-go-255-100-a,devold,DEVOLD Tuvegga Sport Air Longs ARROWWOOD Herre,,devold-go-255-100-a,ok
https://loplabbet.no/devold-tuvegga-sport-air-longs-flood-herre-go-255-100-a,devold,DEVOLD Tuvegga Sport Air Longs FLOOD Herre,,devold-go-255-100-a,ok
https://loplabbet.no/devold-tuvegga-sport-air-longs-ink-herre-go-255-100-a,devold,DEVOLD Tuvegga Sport Air Longs INK Herre,,devold-go-255-100-a,ok
https://loplabbet.no/devold-tuvegga-sport-air-long-john-dame-175awatermelon-dame,devold,"DEVOLD Tuvegga Sport Air Long John, dame 175A/WATERMELON Dame",,devold-175awatermelon-dame,ok
https://loplabbet.no/devold-tuvegga-sport-air-long-john-dame-cameo-dame,devold,"DEVOLD Tuvegga Sport Air Long John, dame CAMEO Dame",,devold-cameo-dame,ok
https://loplabbet.no/devold-tuvegga-sport-air-long-john-flame-dame-go-255-110-a,devold,DEVOLD Tuvegga Sport Air Long John FLAME Dame,,devold-go-255-110-a,ok
https://loplabbet.no/devold-tuvegga-sport-air-shirt-287anight-herre-go-255-220-a,devold,DEVOLD Tuvegga Sport Air Shirt 287A/NIGHT Herre,,devold-go-255-220-a,ok
https://loplabbet.no/devold-tuvegga-sport-air-shirt-arrowwood-herre-go-255-220-a,devold,DEVOLD Tuvegga Sport Air Shirt ARROWWOOD Herre,,devold-go-255-220-a,ok
https://loplabbet.no/devold-tuvegga-sport-air-shirt-flood-herre-go-255-220-a,devold,DEVOLD Tuvegga Sport Air Shirt FLOOD Herre,,devold-go-255-220-a,ok
https://loplabbet.no/devold-tuvegga-sport-air-shirt-ink-herre-go-255-220-a,devold,DEVOLD Tuvegga Sport Air Shirt INK Herre,,devold-go-255-220-a,ok
https://loplabbet.no/devold-tuvegga-air-sport-shirt-dame-175awatermelon-dame,devold,"DEVOLD Tuvegga Air Sport Shirt, dame 175A/WATERMELON Dame",,devold-175awatermelon-dame,ok
https://loplabbet.no/devold-tuvegga-air-sport-shirt-cameo-dame-go-255-226-a,devold,DEVOLD Tuvegga Air Sport Shirt CAMEO Dame,,devold-go-255-226-a,ok
https://loplabbet.no/devold-tuvegga-air-sport-shirt-flame-dame-go-255-226-a,devold,DEVOLD Tuvegga Air Sport Shirt FLAME Dame,,devold-go-255-226-a,ok
https://loplabbet.no/devold-tuvegga-air-sport-shirt-poppy-dame-go-255-226-a,devold,DEVOLD Tuvegga Air Sport Shirt POPPY Dame,,devold-go-255-226-a,ok
https://loplabbet.no/devold-running-singlet-anthracite-herre-go-293-204-a,devold,DEVOLD Running Singlet ANTHRACITE Herre,,devold-go-293-204-a,ok
https://loplabbet.no/devold-running-racerback-singlet-cameo-dame-go-293-209-a,devold,DEVOLD Running Racerback Singlet CAMEO Dame,,devold-go-293-209-a,ok
https://loplabbet.no/devold-running-racerback-singlet-flood-dame-go-293-209-a,devold,DEVOLD Running Racerback Singlet FLOOD Dame,,devold-go-293-209-a,ok
https://loplabbet.no/devold-running-racerback-singlet-tropical-dame-go-293-209-a,devold,DEVOLD Running Racerback Singlet TROPICAL Dame,,devold-go-293-209-a,ok
https://loplabbet.no/devold-running-t-skjorte-anthracite-herre-go-293-210-b,devold,DEVOLD Running T-Skjorte ANTHRACITE Herre,,devold-go-293-210-b,ok
https://loplabbet.no/devold-running-t-skjorte-blue-herre-go-293-210-b,devold,DEVOLD Running T-Skjorte BLUE Herre,,devold-go-293-210-b,ok
https://loplabbet.no/devold-running-t-skjorte-forest-herre-go-293-210-b,devold,DEVOLD Running T-Skjorte FOREST Herre,,devold-go-293-210-b,ok
https://loplabbet.no/devold-running-t-skjorte-pond-herre-go-293-210-b,devold,DEVOLD Running T-Skjorte POND Herre,,devold-go-293-210-b,ok
https://loplabbet.no/devold-running-t-skjorte-herre-skydiver-herre,devold,"DEVOLD Running T-Skjorte, herre SKYDIVER Herre",,devold-skydiver-herre,ok
https://loplabbet.no/devold-running-t-shirt-anthracite-dame-go-293-219-b,devold,DEVOLD Running T-shirt ANTHRACITE Dame,,devold-go-293-219-b,ok
https://loplabbet.no/devold-running-t-shirt-cameo-dame-go-293-219-b,devold,DEVOLD Running T-shirt CAMEO Dame,,devold-go-293-219-b,ok
https://loplabbet.no/devold-running-t-shirt-dame-coral-dame,devold,"DEVOLD Running T-shirt, dame CORAL Dame",,devold-coral-dame,ok
https://loplabbet.no/devold-running-t-shirt-flood-dame-go-293-219-b,devold,DEVOLD Running T-shirt FLOOD Dame,,devold-go-293-219-b,ok
https://loplabbet.no/devold-running-t-shirt-tropical-dame-go-293-219-b,devold,DEVOLD Running T-shirt TROPICAL Dame,,devold-go-293-219-b,ok
https://loplabbet.no/devold-running-merino-130-t-shirt-black-dame-go-293-219-d,devold,DEVOLD RUNNING MERINO 130 T-SHIRT BLACK Dame,,devold-go-293-219-d,ok
https://loplabbet.no/devold-running-man-shirt-421aforest-herre-go-293-220-b,devold,DEVOLD RUNNING MAN SHIRT 421A/FOREST Herre,,devold-go-293-220-b,ok
https://loplabbet.no/devold-running-man-shirt-421bforest-herre-go-293-220-b,devold,DEVOLD RUNNING MAN SHIRT 421B/FOREST Herre,,devold-go-293-220-b,ok
https://loplabbet.no/devold-running-shirt-anthracite-herre-go-293-220-b,devold,DEVOLD Running Shirt ANTHRACITE Herre,,devold-go-293-220-b,ok
https://loplabbet.no/devold-running-shirt-blue-herre-go-293-220-b,devold,DEVOLD Running Shirt BLUE Herre,,devold-go-293-220-b,ok
https://loplabbet.no/devold-running-shirt-forest-herre-go-293-220-b,devold,DEVOLD Running Shirt FOREST Herre,,devold-go-293-220-b,ok
https://loplabbet.no/devold-running-shirt-pond-herre-go-293-220-b,devold,DEVOLD Running Shirt POND Herre,,devold-go-293-220-b,ok
https://loplabbet.no/devold-running-shirt-anthracite-dame-go-293-226-b,devold,DEVOLD Running Shirt ANTHRACITE Dame,,devold-go-293-226-b,ok
https://loplabbet.no/devold-running-shirt-cameo-dame-go-293-226-b,devold,DEVOLD Running Shirt CAMEO Dame,,devold-go-293-226-b,ok
https://loplabbet.no/devold-running-shirt-coral-dame-go-293-226-b,devold,DEVOLD Running Shirt CORAL Dame,,devold-go-293-226-b,ok
https://loplabbet.no/devold-running-shirt-flood-dame-go-293-226-b,devold,DEVOLD Running Shirt FLOOD Dame,,devold-go-293-226-b,ok
https://loplabbet.no/devold-running-shirt-tropical-dame-go-293-226-b,devold,DEVOLD Running Shirt TROPICAL Dame,,devold-go-293-226-b,ok
https://loplabbet.no/devold-running-merino-shirt-black-dame-go-293-226-d,devold,DEVOLD RUNNING MERINO Shirt BLACK Dame,,devold-go-293-226-d,ok
https://loplabbet.no/devold-active-stamp-ls-night-dame-go-293-227-b,devold,DEVOLD ACTIVE STAMP LS NIGHT Dame,,devold-go-293-227-b,ok
https://loplabbet.no/devold-running-zip-neck-anthracite-herre-go-293-240-b,devold,DEVOLD Running Zip Neck ANTHRACITE Herre,,devold-go-293-240-b,ok
https://loplabbet.no/devold-running-zip-neck-forest-herre-go-293-240-b,devold,DEVOLD Running Zip Neck FOREST Herre,,devold-go-293-240-b,ok
https://loplabbet.no/devold-running-zip-neck-pond-herre-go-293-240-b,devold,DEVOLD Running Zip Neck POND Herre,,devold-go-293-240-b,ok
https://loplabbet.no/devold-running-zip-neck-anthracite-dame-go-293-244-b,devold,DEVOLD Running Zip Neck ANTHRACITE Dame,,devold-go-293-244-b,ok
https://loplabbet.no/devold-running-zip-neck-cameo-dame-go-293-244-b,devold,DEVOLD Running Zip Neck CAMEO Dame,,devold-go-293-244-b,ok
https://loplabbet.no/devold-running-zip-neck-flood-dame-go-293-244-b,devold,DEVOLD Running Zip Neck FLOOD Dame,,devold-go-293-244-b,ok
https://loplabbet.no/devold-running-zip-neck-tropical-dame-go-293-244-b,devold,DEVOLD Running Zip Neck TROPICAL Dame,,devold-go-293-244-b,ok
https://loplabbet.no/devold-kolastinden-t-skjorte-flood-herre-go-293-280-m,devold,DEVOLD Kolåstinden t-skjorte FLOOD Herre,,devold-go-293-280-m,ok
https://loplabbet.no/devold-ornakken-forest-t-skjorte-skydiver-dark-herre-go-293-280-p,devold,DEVOLD Ørnakken forest t-skjorte SKYDIVER DARK Herre,,devold-go-293-280-p,ok
https://loplabbet.no/devold-active-stamp-ls-night-herre-go-293-284-b,devold,DEVOLD ACTIVE STAMP LS NIGHT Herre,,devold-go-293-284-b,ok
https://loplabbet.no/devold-myrull-t-skjorte-190apoppy-dark-dame-go-293-291-d,devold,DEVOLD Myrull t-skjorte 190A/POPPY DARK Dame,,devold-go-293-291-d,ok
https://loplabbet.no/devold-myrull-t-skjorte-lichen-dame-go-293-291-d,devold,DEVOLD Myrull t-skjorte LICHEN Dame,,devold-go-293-291-d,ok
https://loplabbet.no/devold-running-headover-anthracite-unisex-go-293-840-a,devold,DEVOLD Running Headover ANTHRACITE Unisex,,devold-go-293-840-a,ok
https://loplabbet.no/devold-running-headover-cameo-unisex-go-293-840-a,devold,DEVOLD Running Headover CAMEO Unisex,,devold-go-293-840-a,ok
https://loplabbet.no/devold-running-headover-unisex-coral-unisex,devold,"DEVOLD Running Headover, unisex CORAL Unisex",,devold-coral-unisex,ok
https://loplabbet.no/devold-running-headover-pond-unisex-go-293-840-a,devold,DEVOLD Running Headover POND Unisex,,devold-go-293-840-a,ok
https://loplabbet.no/devold-beanie-anthracite-unisex-go-293-901-a,devold,DEVOLD Beanie ANTHRACITE Unisex,,devold-go-293-901-a,ok
https://loplabbet.no/devold-beanie-cameo-unisex-go-293-901-a,devold,DEVOLD Beanie CAMEO Unisex,,devold-go-293-901-a,ok
https://loplabbet.no/devold-beanie-pond-unisex-go-293-901-a,devold,DEVOLD Beanie POND Unisex,,devold-go-293-901-a,ok
https://loplabbet.no/devold-running-headband-317acameo-unisex-go-293-950-a,devold,DEVOLD Running Headband 317A/CAMEO Unisex,,devold-go-293-950-a,ok
https://loplabbet.no/devold-running-headband-440apond-unisex-go-293-950-a,devold,DEVOLD Running Headband 440A/POND Unisex,,devold-go-293-950-a,ok
https://loplabbet.no/devold-running-headband-940aanthracite-unisex-go-293-950-a,devold,DEVOLD Running Headband 940A/ANTHRACITE Unisex,,devold-go-293-950-a,ok
https://loplabbet.no/devold-running-headband-tropical-unisex-go-293-950-a,devold,DEVOLD Running Headband TROPICAL Unisex,,devold-go-293-950-a,ok
https://loplabbet.no/devold-running-cover-pants-caviar-dame-go-407-160-a,devold,DEVOLD Running Cover Pants CAVIAR Dame,,devold-go-407-160-a,ok
https://loplabbet.no/devold-running-shorts-caviar-dame-go-407-165-a,devold,DEVOLD Running Shorts CAVIAR Dame,,devold-go-407-165-a,ok
https://loplabbet.no/devold-running-short-shorts-caviar-dame-go-407-166-a,devold,DEVOLD Running Short Shorts CAVIAR Dame,,devold-go-407-166-a,ok
https://loplabbet.no/devold-running-cover-pants-caviar-herre-go-407-170-a,devold,DEVOLD Running Cover Pants CAVIAR Herre,,devold-go-407-170-a,ok
https://loplabbet.no/devold-running-shorts-caviar-herre-go-407-175-a,devold,DEVOLD Running Shorts CAVIAR Herre,,devold-go-407-175-a,ok
https://loplabbet.no/devold-running-short-shorts-caviar-herre-go-407-176-a,devold,DEVOLD Running Short Shorts caviar Herre,,devold-go-407-176-a,ok
https://loplabbet.no/devold-running-cover-overdel-caviar-herre-go-407-240-a,devold,DEVOLD Running Cover Overdel CAVIAR Herre,,devold-go-407-240-a,ok
https://loplabbet.no/devold-endurance-merino-cover-zip-lichen-herre-go-407-240-b,devold,DEVOLD ENDURANCE MERINO COVER ZIP LICHEN Herre,,devold-go-407-240-b,ok
https://loplabbet.no/devold-running-cover-overdel-caviar-dame-go-407-244-a,devold,DEVOLD Running Cover Overdel CAVIAR Dame,,devold-go-407-244-a,ok
https://loplabbet.no/devold-endurance-merino-cover-zip-wmn-lichen-dame-go-407-244-b,devold,DEVOLD ENDURANCE MERINO COVER ZIP WMN LICHEN Dame,,devold-go-407-244-b,ok
https://loplabbet.no/devold-running-merino-jakke-flood-herre-go-407-451-a,devold,DEVOLD Running Merino Jakke FLOOD Herre,,devold-go-407-451-a,ok
https://loplabbet.no/devold-devold-running-merino-jakke-flood-dame-go-407-471-a,devold,DEVOLD Devold Running Merino Jakke FLOOD Dame,,devold-go-407-471-a,ok
https://loplabbet.no/devold-running-merino-vest-caviar-herre-go-407-724-a,devold,DEVOLD Running Merino Vest CAVIAR Herre,,devold-go-407-724-a,ok
https://loplabbet.no/devold-running-merino-vest-flood-herre-go-407-724-a,devold,DEVOLD Running Merino Vest FLOOD Herre,,devold-go-407-724-a,ok
https://loplabbet.no/devold-running-merino-vest-caviar-dame-go-407-726-a,devold,DEVOLD Running Merino Vest CAVIAR Dame,,devold-go-407-726-a,ok
https://loplabbet.no/devold-running-merino-vest-flood-dame-go-407-726-a,devold,DEVOLD Running Merino Vest FLOOD Dame,,devold-go-407-726-a,ok
https://loplabbet.no/devold-double-bra-black-dame-go-455-200-a,devold,DEVOLD Double Bra BLACK Dame,,devold-go-455-200-a,ok
https://loplabbet.no/devold-innerliner-hanske-black-unisex-go-606-631-b,devold,DEVOLD Innerliner Hanske BLACK Unisex,,devold-go-606-631-b,ok
https://loplabbet.no/devold-multi-medium-sock-black-unisex-sc-507-063-a,devold,DEVOLD Multi Medium Sock BLACK Unisex,,devold-sc-507-063-a,ok
https://loplabbet.no/devold-multi-medium-sock-grey-melange-unisex-sc-507-063-a,devold,DEVOLD Multi Medium Sock GREY MELANGE Unisex,,devold-sc-507-063-a,ok
https://loplabbet.no/devold-running-merino-sock-night-unisex-sc-530-765-a,devold,DEVOLD Running Merino Sock NIGHT Unisex,,devold-sc-530-765-a,ok
https://loplabbet.no/devold-running-merino-calf-tigh-night-unisex-sc-530-766-a,devold,DEVOLD Running Merino Calf Tigh NIGHT Unisex,,devold-sc-530-766-a,ok
https://loplabbet.no/devold-running-sleeve-warmer-night-unisex-sc-530-768-a,devold,DEVOLD RUNNING SLEEVE WARMER NIGHT Unisex,,devold-sc-530-768-a,ok
https://loplabbet.no/devold-running-merino-sock-cameo-unisex-sc-532-063-a,devold,DEVOLD Running Merino Sock CAMEO Unisex,,devold-sc-532-063-a,ok
https://loplabbet.no/devold-running-merino-sock-night-unisex-sc-532-063-a,devold,DEVOLD Running Merino Sock NIGHT Unisex,,devold-sc-532-063-a,ok
https://loplabbet.no/devold-energy-low-sock-dark-grey-unisex-sc-559-061-a,devold,DEVOLD Energy Low Sock DARK GREY Unisex,,devold-sc-559-061-a,ok
https://loplabbet.no/devold-energy-ankle-sock-dark-grey-dame-sc-560-042-a,devold,DEVOLD Energy Ankle Sock DARK GREY Dame,,devold-sc-560-042-a,ok
https://loplabbet.no/devold-energy-ankelsokk-dark-grey-unisex-sc-560-062-a,devold,DEVOLD Energy Ankelsokk DARK GREY Unisex,,devold-sc-560-062-a,ok
https://loplabbet.no/dynafit-ultra-100-nimbusblack-out-herre-08-0000064084,dynafit,DYNAFIT ULTRA 100 Nimbus/Black Out Herre,,dynafit-08-0000064084,ok
https://loplabbet.no/dynafit-ultra-100-nimbusblack-out-dame-08-0000064085,dynafit,DYNAFIT ULTRA 100 Nimbus/Black Out Dame,,dynafit-08-0000064085,ok
https://loplabbet.no/dynafit-ultra-100-v3-nimbusblack-out-herre-08-0000064117,dynafit,DYNAFIT ULTRA 100 V3 Nimbus/Black Out Herre,,dynafit-08-0000064117,ok
https://loplabbet.no/dynafit-ultra-100-v3-smoke-bluecinder-herre-08-0000064117,dynafit,DYNAFIT ULTRA 100 V3 Smoke Blue/Cinder Herre,,dynafit-08-0000064117,ok
https://loplabbet.no/dynafit-ultra-100-v3-cloud-bluecinder-dame-08-0000064118,dynafit,DYNAFIT ULTRA 100 V3 Cloud Blue/Cinder Dame,,dynafit-08-0000064118,ok
https://loplabbet.no/dynafit-ultra-100-v3-nimbusblack-out-dame-08-0000064118,dynafit,DYNAFIT ULTRA 100 V3 Nimbus/Black Out Dame,,dynafit-08-0000064118,ok
https://loplabbet.no/elite-lab-sustainable-x1-elite-tee-black-melange-dame-el201312,elite,ELITE LAB Sustainable X1 Elite Tee Black Melange Dame,,elite-el201312,ok
https://loplabbet.no/elite-lab-sustainable-x1-elite-tee-sweet-lavender-dame-el201312,elite,ELITE LAB Sustainable X1 Elite Tee Sweet Lavender Dame,,elite-el201312,ok
https://loplabbet.no/elite-lab-tech-elite-x1-w-ss-tee-black-dame-el201313,elite,ELITE LAB Tech Elite X1 W S/S Tee Black Dame,,elite-el201313,ok
https://loplabbet.no/elite-lab-tech-elite-x1-w-ss-tee-imperial-blue-dame-el201313,elite,ELITE LAB Tech Elite X1 W S/S Tee Imperial Blue Dame,,elite-el201313,ok
https://loplabbet.no/elite-lab-tech-elite-x1-w-ss-tee-simply-taupe-dame-el201313,elite,ELITE LAB Tech Elite X1 W S/S Tee Simply Taupe Dame,,elite-el201313,ok
https://loplabbet.no/elite-lab-tech-elite-x1-w-ss-tee-white-dame-el201313,elite,ELITE LAB Tech Elite X1 W S/S Tee White Dame,,elite-el201313,ok
https://loplabbet.no/elite-lab-run-elite-x1-vintertights-black-herre-el201315,elite,ELITE LAB Run Elite X1 Vintertights Black Herre,,elite-el201315,ok
https://loplabbet.no/elite-lab-elite-lab-run-elite-x1-long-tights-black-herre-el201316,elite,ELITE LAB Elite Lab Run Elite X1 Long Tights Black Herre,,elite-el201316,ok
https://loplabbet.no/elite-lab-elite-lab-run-elite-x1-long-tights-black2-herre-el201316,elite,ELITE LAB Elite Lab Run Elite X1 Long Tights Black2 Herre,,elite-el201316,ok
https://loplabbet.no/elite-lab-run-elite-x1-short-tights-1001black-herre-el201317,elite,ELITE LAB Run Elite X1 Short Tights 1001/Black Herre,,elite-el201317,ok
https://loplabbet.no/elite-lab-run-elite-x1-short-tights-black-herre-el201317,elite,ELITE LAB Run Elite X1 Short Tights Black Herre,,elite-el201317,ok
https://loplabbet.no/elite-lab-run-elite-x1-vintertights-black-dame-el201319,elite,ELITE LAB Run Elite X1 Vintertights Black Dame,,elite-el201319,ok
https://loplabbet.no/elite-lab-run-elite-x1-long-tights-black-dame-el201320,elite,ELITE LAB Run Elite X1 Long Tights Black Dame,,elite-el201320,ok
https://loplabbet.no/elite-lab-run-elite-x1-long-tights-black2-dame-el201320,elite,ELITE LAB Run Elite X1 Long Tights Black2 Dame,,elite-el201320,ok
https://loplabbet.no/elite-lab-run-elite-x1-short-tights-1001black-dame-el201321,elite,ELITE LAB Run Elite X1 Short Tights 1001/Black Dame,,elite-el201321,ok
https://loplabbet.no/elite-lab-run-elite-x1-short-tights-black-dame-el201321,elite,ELITE LAB Run Elite X1 Short Tights Black Dame,,elite-lab-el201321,ok
https://loplabbet.no/elite-lab-tech-elite-x1-m-ss-tee-black-herre-el201326,elite,ELITE LAB Tech Elite X1 M S/S Tee Black Herre,,elite-el201326,ok
https://loplabbet.no/elite-lab-tech-elite-x1-m-ss-tee-high-risk-red-herre-el201326,elite,ELITE LAB Tech Elite X1 M S/S Tee High Risk Red Herre,,elite-el201326,ok
https://loplabbet.no/elite-lab-tech-elite-x1-m-ss-tee-shocking-orange-herre,elite,ELITE LAB Tech Elite X1 M S/S Tee Shocking Orange Herre,,,ok
https://loplabbet.no/elite-lab-run-elite-x1-m-shorts-black-herre-el201334,elite,ELITE LAB Run Elite X1 M Shorts Black Herre,,elite-el201334,ok
https://loplabbet.no/elite-lab-core-x1-elite-w-midlayer-black-melange-dame-el201359,elite,ELITE LAB Core X1 Elite W Midlayer Black Melange Dame,,elite-el201359,ok
https://loplabbet.no/elite-lab-core-x1-elite-w-midlayer-sweet-lavender-dame-el201359,elite,ELITE LAB Core X1 Elite W Midlayer Sweet Lavender Dame,,elite-el201359,ok
https://loplabbet.no/elite-lab-shell-x1-elite-jacket-black-dame-el201361,elite,ELITE LAB Shell X1 Elite Jacket Black Dame,,elite-el201361,ok
https://loplabbet.no/elite-lab-shell-x1-elite-jacket-iron-dame-el201361,elite,ELITE LAB Shell X1 Elite Jacket Iron Dame,,elite-el201361,ok
https://loplabbet.no/elite-lab-shell-x1-elite-jacket-sweet-lavender-dame-el201361,elite,ELITE LAB Shell X1 Elite Jacket Sweet Lavender Dame,,elite-el201361,ok
https://loplabbet.no/elite-lab-shell-x1-elite-vest-black-dame-el201362,elite,ELITE LAB Shell X1 Elite Vest Black Dame,,elite-el201362,ok
https://loplabbet.no/elite-lab-shell-x1-elite-jacket-black-herre-el201365,elite,ELITE LAB Shell X1 Elite Jacket Black Herre,,elite-el201365,ok
https://loplabbet.no/elite-lab-shell-x1-elite-jacket-flame-herre-el201365,elite,ELITE LAB Shell X1 Elite Jacket Flame Herre,,elite-el201365,ok
https://loplabbet.no/elite-lab-shell-x1-elite-vest-black-herre-el201366,elite,ELITE LAB Shell X1 Elite Vest Black Herre,,elite-el201366,ok
https://loplabbet.no/elite-lab-core-x1-elite-midlayer-black-melange-herre-el201367,elite,ELITE LAB Core X1 Elite Midlayer Black Melange Herre,,elite-el201367,ok
https://loplabbet.no/elite-lab-lightweight-tee-herre-black-herre,elite,"ELITE LAB Lightweight Tee, herre Black Herre",,elite-black-herre,ok
https://loplabbet.no/elite-lab-lightweight-tee-olive-herre-el221262,elite,ELITE LAB Lightweight Tee Olive Herre,,elite-el221262,ok
https://loplabbet.no/elite-lab-lightweight-tee-slate-blue-herre-el221262,elite,ELITE LAB Lightweight Tee Slate Blue Herre,,elite-el221262,ok
https://loplabbet.no/elite-lab-lightweight-tee-black-dame-el221263,elite,ELITE LAB Lightweight Tee Black Dame,,elite-el221263,ok
https://loplabbet.no/elite-lab-lightweight-tee-blue-fog-dame-el221263,elite,ELITE LAB Lightweight Tee Blue Fog Dame,,elite-el221263,ok
https://loplabbet.no/elite-lab-run-m-lightweight-2-in-1-shorts-5-black-herre-el221264,elite,ELITE LAB Run M Lightweight 2-in-1 Shorts 5&quot; Black Herre,,elite-el221264,ok
https://loplabbet.no/elite-lab-lightweight-pants-black-herre-el221265,elite,ELITE LAB Lightweight Pants Black Herre,,elite-el221265,ok
https://loplabbet.no/elite-lab-run-lightweight-2-in-1-shorts-5-black-dame-el221266,elite,ELITE LAB Run Lightweight 2-in-1 Shorts 5&quot; Black Dame,,elite-el221266,ok
https://loplabbet.no/elite-lab-run-lightweight-2-in-1-shorts-5-sweet-lavender-dame-el221266,elite,ELITE LAB Run Lightweight 2-in-1 Shorts 5&quot; Sweet Lavender Dame,,elite-el221266,ok
https://loplabbet.no/elite-lab-lightweight-pants-black-dame-el221267,elite,ELITE LAB Lightweight Pants Black Dame,,elite-el221267,ok
https://loplabbet.no/elite-lab-run-elite-x1-34-tights-black-dame-el221821,elite,ELITE LAB Run Elite X1 3/4 Tights Black Dame,,elite-el221821,ok
https://loplabbet.no/elite-lab-run-elite-x1-m-34-tights-black-herre-el221822,elite,ELITE LAB Run Elite X1 M 3/4 Tights Black Herre,,elite-el221822,ok
https://loplabbet.no/elite-lab-jango-jacket-atmosphere-dame-el223765,elite,ELITE LAB Jango Jacket Atmosphere Dame,,elite-el223765,ok
https://loplabbet.no/elite-lab-jago-jacket-slate-blue-herre-el223766,elite,ELITE LAB Jago Jacket Slate Blue Herre,,elite-el223766,ok
https://loplabbet.no/elite-lab-core-elite-x1-wool-ls-baselayer-black-herre-el233424,elite,ELITE LAB Core Elite X1 Wool L/S Baselayer Black Herre,,elite-lab-el233424,ok
https://loplabbet.no/elite-lab-run-elite-x2-thermal-tights-black-dame-el233551,elite,ELITE LAB Run Elite X2 Thermal Tights Black Dame,,elite-el233551,ok
https://loplabbet.no/elite-lab-elite-lab-run-elite-x2-thermal-tights-black-herre-el233552,elite,ELITE LAB Elite Lab Run Elite X2 Thermal Tights Black Herre,,elite-el233552,ok
https://loplabbet.no/elite-lab-run-elite-x2-tights-black-dame-el233553,elite,ELITE LAB Run Elite X2 Tights Black Dame,,elite-el233553,ok
https://loplabbet.no/elite-lab-elite-lab-run-elite-x2-tights-black-herre-el233554,elite,ELITE LAB Elite Lab Run Elite X2 Tights Black Herre,,elite-el233554,ok
https://loplabbet.no/elite-lab-elite-labrun-elite-x2-short-tights-black-dame-el233555,elite,ELITE LAB Elite LabRun Elite X2 Short Tights Black Dame,,elite-el233555,ok
https://loplabbet.no/elite-lab-run-elite-x2-short-tights-black-herre-el234000,elite,ELITE LAB Run Elite X2 Short Tights Black Herre,,elite-el234000,ok
https://loplabbet.no/elite-lab-shell-x2-elite-vest-safety-yellow-dame-el234008,elite,ELITE LAB Shell X2 Elite Vest Safety Yellow Dame,,elite-el234008,ok
https://loplabbet.no/elite-lab-shell-x2-elite-jacket-black-dame-el234012,elite,ELITE LAB Shell X2 Elite Jacket Black Dame,,elite-el234012,ok
https://loplabbet.no/elite-lab-shell-x2-elite-jacket-herre-black-herre,elite,"ELITE LAB Shell X2 Elite Jacket, herre Black Herre",,elite-black-herre,ok
https://loplabbet.no/elite-lab-shell-x2-elite-jacket-ivy-green-herre-el234013,elite,ELITE LAB Shell X2 Elite Jacket Ivy Green Herre,,elite-el234013,ok
https://loplabbet.no/elite-lab-ls-tee-black-herre-el234014,elite,ELITE LAB L/S Tee Black Herre,,elite-el234014,ok
https://loplabbet.no/elite-lab-ls-tee-black-dame-el234015,elite,ELITE LAB L/S Tee Black Dame,,elite-el234015,ok
https://loplabbet.no/elite-lab-lab-w-ss-tee-azurine-dame-el234016,elite,ELITE LAB LAB W S/S Tee Azurine Dame,,elite-el234016,ok
https://loplabbet.no/elite-lab-ss-tee-black-dame-el234016,elite,ELITE LAB S/S Tee Black Dame,,elite-el234016,ok
https://loplabbet.no/elite-lab-ss-tee-white-dame-el234016,elite,ELITE LAB S/S Tee White Dame,,elite-el234016,ok
https://loplabbet.no/elite-lab-ss-tee-black-herre-el234017,elite,ELITE LAB S/S Tee Black Herre,,elite-el234017,ok
https://loplabbet.no/elite-lab-lab-m-ss-tee-strong-blue-herre-el234017,elite,ELITE LAB LAB M S/S Tee Strong Blue Herre,,elite-el234017,ok
https://loplabbet.no/elite-lab-elite-lab-core-lightweight-2-in-1-shorts-black-dame-el234501,elite,ELITE LAB Elite Lab Core Lightweight 2-in-1 Shorts Black Dame,,elite-el234501,ok
https://loplabbet.no/elite-lab-core-lightweight-2-in-1-shorts-black-herre-el234502,elite,ELITE LAB Core Lightweight 2-in-1 Shorts Black Herre,,elite-el234502,ok
https://loplabbet.no/endurance-endurance-reflekssele-black-unisex-smu70021,endurance,ENDURANCE Endurance Reflekssele Black Unisex,,endurance-smu70021,ok
https://loplabbet.no/endurance-endurance-reflekssele-safety-yellow-unisex-smu70021,endurance,ENDURANCE Endurance Reflekssele Safety Yellow Unisex,,endurance-smu70021,ok
https://loplabbet.no/falke-ru4-endurance-cool-2007-white-herre-16087,falke,FALKE RU4 Endurance Cool 2007-white Herre,,falke-16087,ok
https://loplabbet.no/falke-falke-ru4-endurance-cool-athletic-blue-herre-16087,falke,FALKE FALKE RU4 Endurance Cool athletic blue Herre,,falke-16087,ok
https://loplabbet.no/falke-falke-ru4-endurance-cool-black-herre-16087,falke,FALKE FALKE RU4 Endurance Cool black Herre,,falke-16087,ok
https://loplabbet.no/falke-falke-ru4-endurance-cool-space-blue-herre-16087,falke,FALKE FALKE RU4 Endurance Cool space blue Herre,,falke-16087,ok
https://loplabbet.no/falke-falke-ru4-endurance-cool-men-white-herre-16087,falke,FALKE FALKE RU4 Endurance Cool white Herre,,falke-16087,ok
https://loplabbet.no/falke-ru4-endurance-cool-2008-white-dame-16088,falke,FALKE RU4 Endurance Cool 2008-white Dame,,falke-16088,ok
https://loplabbet.no/falke-falke-ru4-endurance-cool-black-dame-16088,falke,FALKE FALKE RU4 Endurance Cool black Dame,,falke-16088,ok
https://loplabbet.no/falke-falke-ru4-endurance-cool-rose-dame-16088,falke,FALKE FALKE RU4 Endurance Cool rose Dame,,falke-16088,ok
https://loplabbet.no/falke-falke-ru4-endurance-cool-women-white-dame-16088,falke,FALKE FALKE RU4 Endurance Cool white Dame,,falke-16088,ok
https://loplabbet.no/falke-tk2-melange-3530mgrey-mel-unisex-16162,falke,FALKE TK2 Melange 3530/m.grey mel Unisex,,falke-16162,ok
https://loplabbet.no/falke-ru5-race-running-socks-2021-white-lightning-herre-16223,falke,FALKE RU5 Race Running Socks 2021-white-lightning Herre,,falke-16223,ok
https://loplabbet.no/falke-ru5-race-running-socks-3011-black-flames-herre-16223,falke,FALKE RU5 Race Running Socks 3011-black-flames Herre,,falke-16223,ok
https://loplabbet.no/falke-ru5-race-running-socks-black-flames-herre-16223,falke,FALKE RU5 Race Running Socks black-flames Herre,,falke-16223,ok
https://loplabbet.no/falke-ru5-race-running-socks-matrix-herre-16223,falke,FALKE RU5 Race Running Socks matrix Herre,,falke-16223,ok
https://loplabbet.no/falke-ru5-race-running-socks-white-lightning-herre-16223,falke,FALKE RU5 Race Running Socks white-lightning Herre,,falke-16223,ok
https://loplabbet.no/falke-stabilizing-wool-3180asphalt-mel-herre-16247,falke,FALKE Stabilizing Wool 3180/asphalt mel. Herre,,falke-16247,ok
https://loplabbet.no/falke-stabilizing-wool-3180asphalt-mel-dame-16248,falke,FALKE Stabilizing Wool 3180/asphalt mel. Dame,,falke-16248,ok
https://loplabbet.no/falke-ru4-endurance-cool-2003-white-herre-16351,falke,FALKE RU4 Endurance Cool 2003-white Herre,,falke-16351,ok
https://loplabbet.no/falke-ru4-endurance-cool-2006-white-dame-16354,falke,FALKE RU4 Endurance Cool 2006-white Dame,,falke-16354,ok
https://loplabbet.no/falke-tk2-wool-3150smog-herre-16394,falke,FALKE TK2 wool 3150/smog Herre,,falke-16394,ok
https://loplabbet.no/falke-tk2-wool-3150smog-dame-16395,falke,FALKE TK2 wool 3150/smog Dame,,falke-16395,ok
https://loplabbet.no/falke-ru4-ullsokk-3010black-mix-herre-16396,falke,FALKE RU4 Ullsokk 3010-black-mix Herre,,falke-16396,ok
https://loplabbet.no/falke-ru4-ullsokk-3830-light-grey-mel-herre-16396,falke,FALKE RU4 Ullsokk 3830-light grey mel. Herre,,falke-16396,ok
https://loplabbet.no/falke-ru4-ullsokk-black-mix-herre-16396,falke,FALKE RU4 Ullsokk black-mix Herre,,falke-16396,ok
https://loplabbet.no/falke-ru4-ullsokk-light-grey-mel-herre-16396,falke,FALKE RU4 Ullsokk light grey mel. Herre,,falke-16396,ok
https://loplabbet.no/falke-ru4-wool-3010-black-mix-dame-16397,falke,FALKE RU4 Wool 3010-black-mix Dame,,falke-16397,ok
https://loplabbet.no/falke-ru4-wool-3830-light-grey-mel-dame-16397,falke,FALKE RU4 Wool 3830-light grey mel. Dame,,falke-16397,ok
https://loplabbet.no/falke-ru4-wool-black-mix-dame-16397,falke,FALKE RU4 Wool black-mix Dame,,falke-16397,ok
https://loplabbet.no/falke-ru4-wool-light-grey-mel-dame-16397,falke,FALKE RU4 Wool light grey mel. Dame,,falke-16397,ok
https://loplabbet.no/falke-ru4-3010black-mix-herre-16703,falke,FALKE RU4 3010/black-mix Herre,,falke-16703,ok
https://loplabbet.no/falke-ru4-3010black-mix-dame-16704,falke,FALKE RU4 3010/black-mix Dame,,falke-16704,ok
https://loplabbet.no/falke-ru5-race-running-sock-short-2020white-mix-herre-16729,falke,FALKE RU5 Race Running Sock Short 2020-white-mix Herre,,falke-16729,ok
https://loplabbet.no/falke-ru5-race-running-sock-short-3010-black-mix-herre-16729,falke,FALKE RU5 Race Running Sock Short 3010-black-mix Herre,,falke-16729,ok
https://loplabbet.no/falke-ru5-race-running-sock-short-8584-neon-red-herre-16729,falke,FALKE RU5 Race Running Sock Short 8584-neon red Herre,,falke-16729,ok
https://loplabbet.no/falke-ru5-race-running-sock-short-black-mix-herre-16729,falke,FALKE RU5 Race Running Sock Short black-mix Herre,,falke-16729,ok
https://loplabbet.no/falke-ru5-race-running-sock-short-neon-red-herre-16729,falke,FALKE RU5 Race Running Sock Short neon red Herre,,falke-16729,ok
https://loplabbet.no/falke-ru5-race-running-sock-short-white-mix-herre-16729,falke,FALKE RU5 Race Running Sock Short white-mix Herre,,falke-16729,ok
https://loplabbet.no/falke-ru5-race-running-sock-short-2020-white-mix-dame-16730,falke,FALKE RU5 Race Running Sock Short 2020-white-mix Dame,,falke-16730,ok
https://loplabbet.no/falke-ru5-race-running-sock-short-3010-black-mix-dame-16730,falke,FALKE RU5 Race Running Sock Short 3010-black-mix Dame,,falke-16730,ok
https://loplabbet.no/falke-ru5-race-running-sock-short-black-mix-dame-16730,falke,FALKE RU5 Race Running Sock Short black-mix Dame,,falke-16730,ok
https://loplabbet.no/falke-ru5-race-running-sock-short-neon-red-dame-16730,falke,FALKE RU5 Race Running Sock Short neon red Dame,,falke-16730,ok
https://loplabbet.no/falke-ru5-race-running-sock-short-orangette-dame-16730,falke,FALKE RU5 Race Running Sock Short orangette Dame,,falke-16730,ok
https://loplabbet.no/falke-ru5-race-running-sock-short-white-mix-dame-16730,falke,FALKE RU5 Race Running Sock Short white-mix Dame,,falke-16730,ok
https://loplabbet.no/falke-ru4-cool-2020white-mix-herre-16746,falke,FALKE RU4 Cool 2020/white-mix Herre,,falke-16746,ok
https://loplabbet.no/falke-ru4-cool-3006black-herre-16746,falke,FALKE RU4 Cool 3006/black Herre,,falke-16746,ok
https://loplabbet.no/falke-ru4-cool-1255babouche-dame-16747,falke,FALKE RU4 Cool 1255/babouche Dame,,falke-16747,ok
https://loplabbet.no/falke-ru4-cool-2020white-mix-dame-16747,falke,FALKE RU4 Cool 2020/white-mix Dame,,falke-16747,ok
https://loplabbet.no/falke-stabilizing-sock-3000black-herre-16755,falke,FALKE Stabilizing Sock 3000/black Herre,,falke-16755,ok
https://loplabbet.no/falke-wool-tech-long-sleeved-shirt-6751capitain-dame-33211,falke,FALKE Wool-Tech Long Sleeved Shirt 6751/capitain Dame,,falke-33211,ok
https://loplabbet.no/falke-wt-light-shortsl-shirt-3757grey-heather-herre-33230,falke,FALKE WT Light Shortsl. Shirt 3757/grey-heather Herre,,falke-33230,ok
https://loplabbet.no/falke-wt-light-longsleeve-shirt-3757grey-heather-herre-33233,falke,FALKE WT Light Longsleeve Shirt 3757/grey-heather Herre,,falke-33233,ok
https://loplabbet.no/falke-c-shortsleeved-shirt-regular-2860white-dame-33241,falke,FALKE C Shortsleeved Shirt Regular 2860/white Dame,,falke-33241,ok
https://loplabbet.no/falke-wool-tech-short-sleeved-shirt-3000black-herre-33413,falke,FALKE Wool-Tech Short Sleeved Shirt 3000/black Herre,,falke-33413,ok
https://loplabbet.no/falke-wt-light-shortsleeve-shirt-6751capitain-dame-33460,falke,FALKE WT-Light Shortsleeve Shirt 6751/capitain Dame,,falke-33460,ok
https://loplabbet.no/falke-wt-light-longsl-shirt-6751capitain-dame-33463,falke,FALKE WT Light Longsl. Shirt 6751/capitain Dame,,falke-33463,ok
https://loplabbet.no/falke-c-shortsleeved-shirt-regular-6714yve-herre-33741,falke,FALKE C Shortsleeved Shirt Regular 6714/yve Herre,,falke-33741,ok
https://loplabbet.no/feetures-elite-light-cushion-quarter-white-unisex-e20158,feetures,FEETURES Elite Light Cushion Quarter White Unisex,,feetures-e20158,ok
https://loplabbet.no/feetures-elite-light-cushion-quarter-black-unisex-e20159,feetures,FEETURES Elite Light Cushion Quarter Black Unisex,,feetures-e20159,ok
https://loplabbet.no/feetures-elite-light-cushion-quarter-white-unisex-e205158,feetures,FEETURES Elite Light Cushion Quarter White Unisex,,feetures-e205158,ok
https://loplabbet.no/feetures-elite-light-cushion-quarter-black-unisex-e205159,feetures,FEETURES Elite Light Cushion Quarter Black Unisex,,feetures-e205159,ok
https://loplabbet.no/feetures-elite-light-cushion-quarter-surfboard-blue-unisex-e207759,feetures,FEETURES Elite Light Cushion Quarter Surfboard Blue Unisex,,feetures-e207759,ok
https://loplabbet.no/feetures-elite-ultra-light-quarter-white-unisex-e25158,feetures,FEETURES Elite Ultra Light Quarter White Unisex,,feetures-e25158,ok
https://loplabbet.no/feetures-elite-light-cushion-quarter-black-unisex-e25159,feetures,FEETURES Elite Light Cushion Quarter Black Unisex,,feetures-e25159,ok
https://loplabbet.no/feetures-elite-ultra-light-quarter-white-unisex-e254158,feetures,FEETURES Elite Ultra Light Quarter White Unisex,,feetures-e254158,ok
https://loplabbet.no/feetures-elite-ultra-light-quarter-black-unisex-e254159,feetures,FEETURES Elite Ultra Light Quarter Black Unisex,,feetures-e254159,ok
https://loplabbet.no/feetures-elite-light-cushion-no-show-white-unisex-e50158,feetures,FEETURES Elite Light Cushion No Show White Unisex,,feetures-e50158,ok
https://loplabbet.no/feetures-elite-light-cushion-no-show-black-unisex-e50159,feetures,FEETURES Elite Light Cushion No Show Black Unisex,,feetures-e50159,ok
https://loplabbet.no/feetures-elite-ultra-light-no-show-white-unisex-e55158,feetures,FEETURES Elite Ultra Light No Show White Unisex,,feetures-e55158,ok
https://loplabbet.no/feetures-elite-ultra-light-no-show-black-unisex-e55159,feetures,FEETURES Elite Ultra Light No Show Black Unisex,,feetures-e55159,ok
https://loplabbet.no/feetures-elite-ultra-light-no-show-white-unisex-e557158,feetures,FEETURES Elite Ultra Light No Show White Unisex,,feetures-e557158,ok
https://loplabbet.no/feetures-elite-ultra-light-no-show-black-unisex-e557159,feetures,FEETURES Elite Ultra Light No Show Black Unisex,,feetures-e557159,ok
https://loplabbet.no/feetures-elite-light-cushion-mini-crew-tempo-black-unisex-e9019666,feetures,FEETURES Elite Light Cushion Mini Crew Tempo Black Unisex,,feetures-e9019666,ok
https://loplabbet.no/feetures-elite-light-cushion-mini-crew-white-unisex-e9033158,feetures,FEETURES Elite Light Cushion Mini Crew White Unisex,,feetures-e9033158,ok
https://loplabbet.no/feetures-elite-light-cushion-mini-crew-black-unisex-e9033159,feetures,FEETURES Elite Light Cushion Mini Crew Black Unisex,,feetures-e9033159,ok
https://loplabbet.no/feetures-elite-light-cushion-mini-crew-black-high-top-stripe-unisex-e90404,feetures,FEETURES Elite Light Cushion Mini Crew Black High Top Stripe Unisex,,feetures-e90404,ok
https://loplabbet.no/feetures-elite-light-cushion-mini-crew-savage-teal-unisex-e90507,feetures,FEETURES Elite Light Cushion Mini Crew Savage Teal Unisex,,feetures-e90507,ok
https://loplabbet.no/feetures-elite-light-cushion-mini-crew-white-high-top-stripe-unisex-e90569,feetures,FEETURES Elite Light Cushion Mini Crew White High Top Stripe Unisex,,feetures-e90569,ok
https://loplabbet.no/feetures-elite-light-cushion-mini-crew-navy-high-top-stripe-unisex-e9067765,feetures,FEETURES Elite Light Cushion Mini Crew Navy High Top Stripe Unisex,,feetures-e9067765,ok
https://loplabbet.no/feetures-elite-light-cushion-mini-crew-white-track-unisex-e9080873,feetures,FEETURES Elite Light Cushion Mini Crew White Track Unisex,,feetures-e9080873,ok
https://loplabbet.no/feetures-elite-ultra-light-mini-crew-white-unisex-e9511158,feetures,FEETURES Elite Ultra Light Mini Crew White Unisex,,feetures-e9511158,ok
https://loplabbet.no/feetures-elite-ultra-light-mini-crew-black-unisex-e9511159,feetures,FEETURES Elite Ultra Light Mini Crew Black Unisex,,feetures-e9511159,ok
https://loplabbet.no/feetures-elite-ultra-light-mini-crew-mission-gray-unisex-e9515761,feetures,FEETURES Elite Ultra Light Mini Crew Mission Gray Unisex,,feetures-e9515761,ok
https://loplabbet.no/feetures-merino-10-max-cushion-quarter-charcoal-unisex-em20468,feetures,FEETURES Merino 10 Max Cushion Quarter Charcoal Unisex,,feetures-em20468,ok
https://loplabbet.no/feetures-merino-10-cushion-quarter-charcoal-unisex-em20468,feetures,FEETURES Merino 10 Cushion Quarter Charcoal Unisex,,feetures-em20468,ok
https://loplabbet.no/feetures-plantar-fasciitis-relief-sock-black-unisex-pf25159,feetures,FEETURES Plantar Fasciitis Relief Sock Black Unisex,,feetures-pf25159,ok
https://loplabbet.no/finn-adharanand-a-lope-med-kenyanere-unisex-107400,finn,FINN ADHARANAND Å løpe med kenyanere Unisex,,finn-107400,ok
https://loplabbet.no/flipbelt-drikkeflaske-175-ml-white-herre-fb0115-water-6,flipbelt,FLIPBELT Drikkeflaske 175 ml White Herre,,flipbelt-fb0115-water-6,ok
https://loplabbet.no/flipbelt-zipper-black-unisex-fb0200,flipbelt,FLIPBELT Zipper Black Unisex,,flipbelt-fb0200,ok
https://loplabbet.no/flipbelt-zipper-unisex-black-unisex-fb0200,flipbelt,"FLIPBELT Zipper, unisex Black Unisex",,flipbelt-black-unisex-fb0200,ok
https://loplabbet.no/flipbelt-zipper-carbon-unisex-fb0200,flipbelt,FLIPBELT Zipper Carbon Unisex,,flipbelt-fb0200,ok
https://loplabbet.no/flipbelt-zipper-unisex-carbon-unisex,flipbelt,"FLIPBELT Zipper, unisex Carbon Unisex",,flipbelt-carbon-unisex,ok
https://loplabbet.no/flipbelt-adjustable-zipper-black-unisex-fb0250,flipbelt,FLIPBELT Adjustable Zipper Black Unisex,,flipbelt-fb0250,ok
https://loplabbet.no/flipbelt-adjustable-zipper-neon-yellow-unisex-fb0250,flipbelt,FLIPBELT Adjustable Zipper Neon Yellow Unisex,,flipbelt-fb0250,ok
https://loplabbet.no/flipbelt-elite-black-unisex-fb0300,flipbelt,FLIPBELT Elite Black Unisex,,flipbelt-fb0300,ok
https://loplabbet.no/flipbelt-air-black-unisex-fb0400,flipbelt,FLIPBELT Air Black Unisex,,flipbelt-fb0400,ok
https://loplabbet.no/flipbelt-adjustable-air-black-unisex-fb0450,flipbelt,FLIPBELT Adjustable Air Black Unisex,,flipbelt-fb0450,ok
https://loplabbet.no/flipbelt-adjustable-air-spring-mint-unisex-fb0450,flipbelt,FLIPBELT Adjustable Air Spring Mint Unisex,,flipbelt-fb0450,ok
https://loplabbet.no/flipbelt-arc-water-bottles-unisex-fbawb1-grn-11,flipbelt,FLIPBELT Arc Water Bottles Unisex,,flipbelt-fbawb1-grn-11,ok
https://loplabbet.no/flipbelt-arc-water-bottle-325-ml-transperent-unisex-fbawb1-grn-11,flipbelt,FLIPBELT Arc Water Bottle 325 ml Transperent Unisex,,flipbelt-fbawb1-grn-11,ok
https://loplabbet.no/flipbelt-arc-water-bottles-unisex-fbawb1-grn-6,flipbelt,FLIPBELT Arc Water Bottles Unisex,,flipbelt-fbawb1-grn-6,ok
https://loplabbet.no/flipbelt-arc-water-bottle-175-ml-transperent-unisex-fbawb1-grn-6,flipbelt,FLIPBELT Arc Water Bottle 175 ml Transperent Unisex,,flipbelt-fbawb1-grn-6,ok
https://loplabbet.no/flipbelt-crops-tights-black-dame-fbcr10,flipbelt,FLIPBELT Crops Tights Black Dame,,flipbelt-fbcr10,ok
https://loplabbet.no/fuel-of-norway-softbottle-150ml-bla-unisex-2021,fuel,FUEL OF NORWAY Softbottle 150ml Blå Unisex,,fuel-2021,ok
https://loplabbet.no/fuel-of-norway-softbottle-327ml-bla-unisex-2022,fuel,FUEL OF NORWAY Softbottle 327ml Blå Unisex,,fuel-2022,ok
https://loplabbet.no/fuel-of-norway-softbottle-500ml-bla-unisex-2023,fuel,FUEL OF NORWAY Softbottle 500ml Blå Unisex,,fuel-2023,ok
https://loplabbet.no/fuel-of-norway-softbottle-150ml-med-borrelas-bla-unisex-2024,fuel-of-norway,FUEL OF NORWAY Softbottle 150ml med borrelås Blå Unisex,,fuel-of-norway-2024,ok
https://loplabbet.no/fuel-of-norway-drikkeflaske-05-l-bla-unisex-2051,fuel,"FUEL OF NORWAY Drikkeflaske 0,5 L Blå Unisex",,fuel-2051,ok
https://loplabbet.no/fuel-of-norway-drikkeflaske-05-l-rod-unisex-2052,fuel,"FUEL OF NORWAY Drikkeflaske 0,5 L Rød Unisex",,fuel-2052,ok
https://loplabbet.no/fuel-of-norway-fuel-of-norway-drikkeflaske-07-l-bla-unisex-2071,fuel,"FUEL OF NORWAY Fuel of Norway Drikkeflaske, 0,7 L Blå Unisex",,fuel-2071,ok
https://loplabbet.no/fuel-of-norway-drikkeflaske-07-l-rod-unisex-2072,fuel,"FUEL OF NORWAY Drikkeflaske 0,7 L Rød Unisex",,fuel-2072,ok
https://loplabbet.no/fuel-of-norway-energigel-blabaer-bla-unisex-3001,fuel,FUEL OF NORWAY Energigel Blåbær blå Unisex,,fuel-3001,ok
https://loplabbet.no/fuel-of-norway-energigel-frisk-frukt-sort-unisex-3005,fuel,FUEL OF NORWAY Energigel frisk frukt Sort Unisex,,fuel-3005,ok
https://loplabbet.no/fuel-of-norway-energigel-bringebaer-lilla-unisex-3006,fuel,FUEL OF NORWAY Energigel Bringebær lilla Unisex,,fuel-3006,ok
https://loplabbet.no/fuel-of-norway-energigel-sitron-and-lime-sort-unisex-3007,fuel,FUEL OF NORWAY Energigel+ Sitron &amp; Lime Sort Unisex,,fuel-3007,ok
https://loplabbet.no/fuel-of-norway-energigel-appelsin-55g-orange-unisex-3008,fuel,FUEL OF NORWAY EnergiGel Appelsin 55g orange Unisex,,fuel-3008,ok
https://loplabbet.no/fuel-of-norway-loaded-energigel-sitron-65g-rod-unisex-3011,fuel,FUEL OF NORWAY Loaded EnergiGel sitron 65g Rød Unisex,,fuel-3011,ok
https://loplabbet.no/fuel-of-norway-racebar-peanott-og-jordbaer-rod-unisex-4001,fuel,FUEL OF NORWAY Racebar Peanøtt og Jordbær Rød Unisex,,fuel-4001,ok
https://loplabbet.no/fuel-of-norway-pure-energibar-bringebaer-hvit-unisex-4002,fuel,FUEL OF NORWAY Pure EnergiBar bringebær hvit Unisex,,fuel-4002,ok
https://loplabbet.no/fuel-of-norway-pure-energybar-eple-og-kanel-hvit-unisex-4003,fuel,FUEL OF NORWAY Pure EnergyBar eple og kanel hvit Unisex,,fuel-4003,ok
https://loplabbet.no/fuel-of-norway-energibar-salt-karamell-hvit-unisex-4011,fuel,FUEL OF NORWAY Energibar Salt Karamell Hvit Unisex,,fuel-4011,ok
https://loplabbet.no/fuel-of-norway-energibar-salt-karamell-50g-hvit-unisex-4012,fuel,FUEL OF NORWAY EnergiBar Salt karamell 50g Hvit Unisex,,fuel-4012,ok
https://loplabbet.no/fuel-of-norway-energibar-jordbaer-50g-hvit-unisex-4013,fuel,FUEL OF NORWAY EnergiBar Jordbær 50g Hvit Unisex,,fuel-4013,ok
https://loplabbet.no/fuel-of-norway-energibar-kokos-50g-hvit-unisex-4015,fuel,FUEL OF NORWAY EnergiBar Kokos 50g Hvit Unisex,,fuel-4015,ok
https://loplabbet.no/proteinbar-salt-karamell-bla-unisex,proteinbar,FUEL OF NORWAY ProteinBar Salt Karamell Unisex,,,ok
https://loplabbet.no/fuel-of-norway-sportsdrikke-05-kg-blabaer-hvit-unisex-5001,fuel,"FUEL OF NORWAY Sportsdrikke 0,5 kg Blåbær Hvit Unisex",,fuel-5001,ok
https://loplabbet.no/fuel-of-norway-sportsdrikke-05-kg-hvit-unisex-5002,fuel,"FUEL OF NORWAY Sportsdrikke 0,5 kg Hvit Unisex",,fuel-5002,ok
https://loplabbet.no/fuel-of-norway-sportsdrikke-05-kg-solbaer-hvit-unisex-5003,fuel,"FUEL OF NORWAY Sportsdrikke 0,5 kg Solbær Hvit Unisex",,fuel-5003,ok
https://loplabbet.no/fuel-of-norway-sportsdrikke-05-kg-sitronlime-hvit-unisex-5004,fuel,"FUEL OF NORWAY Sportsdrikke 0,5 kg Sitron/Lime Hvit Unisex",,fuel-5004,ok
https://loplabbet.no/fuel-of-norway-sportsdrikk-05kg-eple-hvit-unisex-5005,fuel,"FUEL OF NORWAY Sportsdrikk 0,5kg eple Hvit Unisex",,fuel-5005,ok
https://loplabbet.no/fuel-of-norway-sportsdrikke-05kg-appelsin-hvit-unisex-5006,fuel,"FUEL OF NORWAY Sportsdrikke 0,5kg appelsin Hvit Unisex",,fuel-5006,ok
https://loplabbet.no/fuel-of-norway-loaded-racefuel-sportsdrikke-77g-rod-unisex-5011,fuel,FUEL OF NORWAY Loaded RaceFuel Sportsdrikke 77g rød Unisex,,fuel-5011,ok
https://loplabbet.no/fuel-of-norway-bicarbonat-racefuel-starterpack-15g-hvit-unisex-5041,fuel-of-norway,FUEL OF NORWAY Bicarbonat RaceFuel starterpack 15g hvit Unisex,,fuel-of-norway-5041,ok
https://loplabbet.no/fuel-of-norway-bicarbonat-racefuel-starterpack-175g-hvit-unisex-5042,fuel-of-norway,"FUEL OF NORWAY Bicarbonat RaceFuel starterpack 17,5g hvit Unisex",,fuel-of-norway-5042,ok
https://loplabbet.no/fuel-of-norway-bicarbonat-racefuel-starterpack-20g-hvit-unisex-5043,fuel-of-norway,FUEL OF NORWAY Bicarbonat RaceFuel starterpack 20g hvit Unisex,,fuel-of-norway-5043,ok
https://loplabbet.no/fuel-of-norway-bicarbonat-racefuel-starterpack-225g-hvit-unisex-5044,fuel-of-norway,"FUEL OF NORWAY Bicarbonat RaceFuel starterpack 22,5g hvit Unisex",,fuel-of-norway-5044,ok
https://loplabbet.no/fuel-of-norway-bicarbonat-racefuel-starterpack-25g-hvit-unisex-5045,fuel-of-norway,FUEL OF NORWAY Bicarbonat RaceFuel starterpack 25g hvit Unisex,,fuel-of-norway-5045,ok
https://loplabbet.no/fuel-of-norway-nitro-sportsdrikke-05-kg-sitron-og-lime-sort-unisex-5501,fuel-of-norway,"FUEL OF NORWAY Nitro Sportsdrikke 0,5 kg Sitron og Lime Sort Unisex",,fuel-of-norway-5501,ok
https://loplabbet.no/gcatozzella-ikke-si-at-du-er-redd-unisex-1115,g-catozzella,G.CATOZZELLA Ikke si at du er redd Unisex,,g-catozzella-1115,ok
https://loplabbet.no/gaitline-bronze-cl-unisex-14blkblkblk-unisex,gaitline,"GAITLINE Bronze CL, unisex 14/Blk/Blk/Blk Unisex",,gaitline-090445,ok
https://loplabbet.no/gaitline-flow-sp-sandal-002whitewhitelunar-unisex-102000,gaitline,GAITLINE Flow SP Sandal 002/White/White/Lunar Unisex,,gaitline-102000,ok
https://loplabbet.no/gaitline-flow-sp-sandal-100blackblackblack-unisex-102000,gaitline,GAITLINE Flow SP Sandal 100/Black/Black/Black Unisex,,gaitline-102000,ok
https://loplabbet.no/gaitline-float-unisex-01whtwhtwht-unisex,gaitline,"GAITLINE Float, unisex 01/Wht/Wht/Wht Unisex",,gaitline-01whtwhtwht-unisex,ok
https://loplabbet.no/gaitline-float-unisex-10blkblkblk-unisex,gaitline,"GAITLINE Float, unisex 10/Blk/Blk/Blk Unisex",,gaitline-10blkblkblk-unisex,ok
https://loplabbet.no/gaitline-float-unisex-11blackwhite-unisex,gaitline,"GAITLINE Float, unisex 11/Black/White Unisex",,gaitline-11blackwhite-unisex,ok
https://loplabbet.no/gaitline-silver-mid-trek-wr-10blkblkblk-unisex-180605,gaitline,GAITLINE Silver Mid Trek WR 10/Blk/Blk/Blk Unisex,,gaitline-180605,ok
https://loplabbet.no/gaitline-world-cup-pro-001whitewhitewhite-unisex-202007,gaitline,GAITLINE World Cup Pro 001/White/White/White Unisex,,gaitline-202007,ok
https://loplabbet.no/gaitline-world-cup-pro-100blackblackblack-unisex-202007,gaitline,GAITLINE World Cup Pro 100/Black/Black/Black Unisex,,gaitline-202007,ok
https://loplabbet.no/gaitline-world-cup-pro-101blackwhite-unisex-202007,gaitline,GAITLINE World Cup Pro 101/Black/White Unisex,,gaitline-202007,ok
https://loplabbet.no/gaitline-world-cup-pro-410ebonyblackwhite-unisex-202007,gaitline,GAITLINE World Cup Pro 410/Ebony/Black/White Unisex,,gaitline-202007,ok
https://loplabbet.no/gaitline-world-cup-pro-510creamcreamfudge-unisex-202007,gaitline,GAITLINE World Cup Pro 510/Cream/Cream/Fudge Unisex,,gaitline-202007,ok
https://loplabbet.no/gaitline-world-cup-pro-610plumblacksilverpink-unisex-202007,gaitline,GAITLINE World Cup Pro 610/Plum/Black/Silver/Pink Unisex,,gaitline-202007,ok
https://loplabbet.no/gaitline-world-cup-pro-751urban-greenslateblackwhite-unisex-202007,gaitline,GAITLINE World Cup Pro 751/Urban Green/Slate/Black/White Unisex,,gaitline-202007,ok
https://loplabbet.no/gaitline-lunar-lite-003whitewhitewhite-unisex-202008,gaitline,GAITLINE Lunar Lite 003/White/White/White Unisex,,gaitline-202008,ok
https://loplabbet.no/gaitline-lunar-lite-100blackblackblack-unisex-202008,gaitline,GAITLINE Lunar Lite 100/Black/Black/Black Unisex,,gaitline-202008,ok
https://loplabbet.no/gaitline-lunar-lite-410ebonyblacksilverwhite-unisex-202008,gaitline,GAITLINE Lunar Lite 410/Ebony/Black/Silver/White Unisex,,gaitline-202008,ok
https://loplabbet.no/gaitline-lunar-lite-465midnight-bluelunarwhite-unisex-202008,gaitline,GAITLINE Lunar Lite 465/Midnight Blue/Lunar/White Unisex,,gaitline-202008,ok
https://loplabbet.no/gaitline-lunar-lite-ebonycementwhite-unisex-202008,gaitline,GAITLINE Lunar Lite Ebony/Cement/White Unisex,,gaitline-202008,ok
https://loplabbet.no/gaitline-tracer-trx-wp-20-103blackblackcharcoal-unisex-601002,gaitline,GAITLINE Tracer TRX WP 2.0 103/Black/Black/Charcoal Unisex,,gaitline-601002,ok
https://loplabbet.no/gaitline-kikut-lite-dk-brownvanillaspecles-unisex-601004,gaitline,GAITLINE Kikut Lite Dk Brown/Vanilla/Specles Unisex,,gaitline-601004,ok
https://loplabbet.no/gaitline-silver-mid-trx-mg-20-blackblackblack-unisex-602003,gaitline,GAITLINE Silver Mid TRX MG 2.0 Black/Black/Black Unisex,,gaitline-602003,ok
https://loplabbet.no/garmin-fenix-6x-pro-solar-carbon-gray-dlc-wblack-band-unisex-010-02157-21,garmin,GARMIN Fenix 6x Pro Solar Carbon Gray DLC w/Black Band Unisex,,garmin-010-02157-21,ok
https://loplabbet.no/garmin-forerunner-945-lte-black-unisex,garmin,GARMIN Forerunner 945 LTE Black Unisex,,,ok
https://loplabbet.no/garmin-fenix-6-pro-solar-skifergrasort-unisex-010-02410-15,garmin,GARMIN Fenix 6 Pro Solar Skifergrå/Sort Unisex,,garmin-010-02410-15,ok
https://loplabbet.no/garmin-fenix-7s-sapphire-solar-with-black-band-carbon-gray-wblack-band-unisex-010-02539-2,garmin,GARMIN fenix 7S Sapphire Solar w/ith Black Band Carbon Gray w/Black Band Unisex,,garmin-010-02539-2,ok
https://loplabbet.no/garmin-fenix-7s-sapphire-solar-with-black-band-dark-bronze-wshale-gray-band-unisex,garmin,GARMIN fenix 7S Sapphire Solar w/ith Black Band Dark Bronze w/Shale Gray Band Unisex,,,ok
https://loplabbet.no/garmin-fenix-7-sapphire-solar-black-dlc-wblack-band-unisex-010-02540,garmin,GARMIN Fenix 7 Sapphire Solar Black DLC w/Black Band Unisex,,garmin-010-02540,ok
https://loplabbet.no/garmin-fenix-7-sapphire-solar-carbon-gray-wblack-band-unisex-010-02540,garmin,GARMIN Fenix 7 Sapphire Solar Carbon Gray w/Black Band Unisex,,garmin-010-02540,ok
https://loplabbet.no/garmin-fenix-7-sapphire-solar-mineral-blue-wwhitestone-band-unisex-010-02540,garmin,GARMIN Fenix 7 Sapphire Solar Mineral Blue w/Whitestone Band Unisex,,garmin-010-02540,ok
https://loplabbet.no/garmin-fenix-7x-sapphire-solar-black-dlc-wblack-band-unisex-010-02541,garmin,GARMIN fenix 7X Sapphire Solar Black DLC w/Black Band Unisex,,garmin-010-02541,ok
https://loplabbet.no/garmin-fenix-7x-sapphire-solar-carbon-gray-wblack-band-unisex-010-02541,garmin,GARMIN fenix 7X Sapphire Solar Carbon Gray w/Black Band Unisex,,garmin-010-02541,ok
https://loplabbet.no/garmin-fenix-7x-sapphire-solar-mineral-blue-wwhitestone-unisex-010-02541,garmin,GARMIN fenix 7X Sapphire Solar Mineral Blue w/Whitestone Unisex,,garmin-010-02541,ok
https://loplabbet.no/garmin-epix-sapphire-black-amoled-smartwatch-gray-titanium-unisex-010-02582-11,garmin,GARMIN epix Sapphire Black – AMOLED Smartwatch Gray Titanium Unisex,,garmin-010-02582-11,ok
https://loplabbet.no/garmin-epix-gen-2-sapphire-white-unisex-010-02582-21,garmin,"GARMIN EPIX gen 2, Sapphire White Unisex",,garmin-010-02582-21,ok
https://loplabbet.no/garmin-fenix-7s-pro-saphire-solar-emea-soft-gold-ss-wlt-sand-band-unisex-010-02776,garmin,"GARMIN Fenix 7S Pro Saphire Solar, EMEA Soft Gold SS w/Lt. Sand Band Unisex",,garmin-010-02776,ok
https://loplabbet.no/garmin-fenix-7-pro-saphire-solar-emea-crbn-gry-dlc-ti-wblack-band-unisex-010-02777,garmin,"GARMIN Fenix 7 Pro Saphire Solar, EMEA Crbn Gry DLC Ti w/Black Band Unisex",,garmin-010-02777,ok
https://loplabbet.no/garmin-fenix-7-pro-saphire-solar-emea-ti-wfog-gryember-orange-band-unisex-010-02777,garmin,"GARMIN Fenix 7 Pro Saphire Solar, EMEA Ti w/Fog Gry/Ember Orange Band Unisex",,garmin-010-02777,ok
https://loplabbet.no/garmin-fenix-7x-pro-sapphire-solar-emea-carbon-gray-ti-wblack-band-unisex-010-02778,garmin,"GARMIN Fenix 7X Pro Sapphire Solar, EMEA Carbon Gray Ti w/Black Band Unisex",,garmin-010-02778,ok
https://loplabbet.no/garmin-epix-pro-g2-saphire-42mm-soft-gold-ss-lt-sand-unisex-010-02802-11,garmin,"GARMIN Epix Pro (g2), Saphire, 42mm Soft Gold SS, Lt. Sand Unisex",,garmin-010-02802-11,ok
https://loplabbet.no/garmin-garmin-epix-pro-g2-saphire-crbngry-dlc-ti-black-unisex-010-02802-15,garmin,"GARMIN Garmin Epix Pro (g2), Saphire CrbnGry DLC Ti, Black Unisex",,garmin-010-02802-15,ok
https://loplabbet.no/garmin-epix-pro-g2-saphire-47mm-crbngrydlc-ti-black-unisex-010-02803-11,garmin,"GARMIN Epix Pro (g2), Saphire, 47mm CrbnGryDLC Ti, Black Unisex",,garmin-010-02803-11,ok
https://loplabbet.no/garmin-garmin-epix-pro-g2-saphire-ti-whitestone-unisex-010-02803-21,garmin,"GARMIN Garmin Epix Pro (g2), Saphire Ti Whitestone Unisex",,garmin-010-02803-21,ok
https://loplabbet.no/garmin-epix-pro-g2-saphire-51mm-crbngrydlc-ti-black-unisex-010-02804-01,garmin,"GARMIN Epix Pro (g2), Saphire, 51mm CrbnGryDLC Ti, Black Unisex",,garmin-010-02804-01,ok
https://loplabbet.no/garmin-garmin-epix-pro-g2-saphire-ti-whitestone-unisex-010-02804-11,garmin,"GARMIN Garmin Epix Pro (g2), Saphire Ti, Whitestone Unisex",,garmin-010-02804-11,ok
https://loplabbet.no/garmin-forerunner-965-amp-yellow-unisex-010-02809,garmin,GARMIN Forerunner 965 Amp Yellow Unisex,,garmin-010-02809,ok
https://loplabbet.no/garmin-forerunner-965-black-unisex-010-02809,garmin,GARMIN Forerunner 965 Black Unisex,,garmin-010-02809,ok
https://loplabbet.no/garmin-forerunner-965-white-unisex-010-02809,garmin,GARMIN Forerunner 965 White Unisex,,garmin-010-02809,ok
https://loplabbet.no/garmin-forerunner-265s-music-black-unisex-010-02810-1,garmin,GARMIN Forerunner 265S Music Black Unisex,,garmin-010-02810-1,ok
https://loplabbet.no/garmin-forerunner-265s-music-pink-unisex-010-02810-1,garmin,GARMIN Forerunner 265S Music Pink Unisex,,garmin-010-02810-1,ok
https://loplabbet.no/garmin-forerunner-265s-music-white-unisex-010-02810-1,garmin,GARMIN Forerunner 265S Music White Unisex,,garmin-010-02810-1,ok
https://loplabbet.no/garmin-forerunner-265-aqua-unisex-010-02810,garmin-010,GARMIN Forerunner 265 Aqua Unisex,,garmin-010-02810,ok
https://loplabbet.no/garmin-forerunner-265-black-unisex-010-02810,garmin,GARMIN Forerunner 265 Black Unisex,,garmin-010-02810,ok
https://loplabbet.no/garmin-forerunner-265-white-unisex-010-02810,garmin,GARMIN Forerunner 265 White Unisex,,garmin-010-02810,ok
https://loplabbet.no/garmin-forerunner-165-music-gps-wifi-berrylilac-unisex-010-02863,garmin-010,GARMIN Forerunner 165 Music GPS WiFi Berry/Lilac Unisex,,garmin-010-02863,ok
https://loplabbet.no/garmin-forerunner-165-music-gps-wifi-blackslate-grey-unisex-010-02863,garmin-010,GARMIN Forerunner 165 Music GPS WiFi Black/Slate Grey Unisex,,garmin-010-02863,ok
https://loplabbet.no/garmin-forerunner-165-music-gps-wifi-mist-greywhitestone-unisex-010-02863,garmin-010,GARMIN Forerunner 165 Music GPS WiFi Mist Grey/Whitestone Unisex,,garmin-010-02863,ok
https://loplabbet.no/garmin-forerunner-165-music-gps-wifi-turquoiseaqua-unisex-010-02863,garmin-010,GARMIN Forerunner 165 Music GPS WiFi Turquoise/Aqua Unisex,,garmin-010-02863,ok
https://loplabbet.no/garmin-fenix-8-amoled-sapphire-sftgldssfggryfoggrydksndbnd-unisex-010-02903-11,garmin,"GARMIN fenix 8 - 43mm AMOLED, Sapphire SftGldSS/FgGry,FogGry/DkSndbnd Unisex",,garmin-010-02903-11,ok
https://loplabbet.no/garmin-fenix-8-43mm-amoled-sapphire-sftgldssfggryfoggrydksndbnd-unisex-010-02903-11,garmin,"GARMIN fenix 8 - 43mm AMOLED, Sapphire SftGldSS/FgGry,FogGry/DkSndbnd Unisex",,garmin-010-02903-11,ok
https://loplabbet.no/garmin-fenix-8-amoled-sapphire-crbngry-tiblkblkpebblgrybnd-unisex-010-02903-21,garmin,"GARMIN fenix 8 - 43mm AMOLED, Sapphire CrbnGry Ti/Blk,Blk/PebblGryBnd Unisex",,garmin-010-02903-21,ok
https://loplabbet.no/garmin-fenix-8-43mm-amoled-sapphire-crbngry-tiblkblkpebblgrybnd-unisex-010-02903-21,garmin,"GARMIN fenix 8 - 43mm AMOLED, Sapphire CrbnGry Ti/Blk,Blk/PebblGryBnd Unisex",,garmin-010-02903-21,ok
https://loplabbet.no/garmin-fenix-8-amoled-sapphire-tibaregrphtsparkorggrphtbd-unisex-010-02904-11,garmin,"GARMIN fenix 8 - 47mm AMOLED Ti/Bare/Grpht,SparkOrg/GrphtBd Unisex",,garmin-010-02904-11,ok
https://loplabbet.no/garmin-fenix-8-47mm-amoled-tibaregrphtsparkorggrphtbd-unisex-010-02904-11,garmin,"GARMIN fenix 8 - 47mm AMOLED Ti/Bare/Grpht,SparkOrg/GrphtBd Unisex",,garmin-010-02904-11,ok
https://loplabbet.no/garmin-fenix-8-amoled-sapphire-crbngrytiblkblkpebblegrybnd-unisex-010-02904-21,garmin,"GARMIN fenix 8 - 47mm AMOLED CrbnGryTi/Blk,Blk/PebbleGryBnd Unisex",,garmin-010-02904-21,ok
https://loplabbet.no/garmin-fenix-8-47mm-amoled-crbngrytiblkblkpebblegrybnd-unisex-010-02904-21,garmin,"GARMIN fenix 8 - 47mm AMOLED CrbnGryTi/Blk,Blk/PebbleGryBnd Unisex",,garmin-010-02904-21,ok
https://loplabbet.no/garmin-fenix-8-amoled-sapphire-tibaregrphtsparkorggrphtbd-unisex-010-02905-11,garmin,"GARMIN fenix 8 - 51mm AMOLED, Sapphire Ti/Bare/Grpht,SparkOrg/GrphtBd Unisex",,garmin-010-02905-11,ok
https://loplabbet.no/garmin-fenix-8-51mm-amoled-sapphire-tibaregrphtsparkorggrphtbd-unisex-010-02905-11,garmin,"GARMIN fenix 8 - 51mm AMOLED, Sapphire Ti/Bare/Grpht,SparkOrg/GrphtBd Unisex",,garmin-010-02905-11,ok
https://loplabbet.no/garmin-fenix-8-amoled-sapphire-crbngrytiblkblkpebblegrybnd-unisex-010-02905-21,garmin,"GARMIN fenix 8 - 51mm AMOLED, Sapphire CrbnGryTi/Blk,Blk/PebbleGryBnd Unisex",,garmin-010-02905-21,ok
https://loplabbet.no/garmin-fenix-8-51mm-amoled-sapphire-crbngrytiblkblkpebblegrybnd-unisex-010-02905-21,garmin,"GARMIN fenix 8 - 51mm AMOLED, Sapphire CrbnGryTi/Blk,Blk/PebbleGryBnd Unisex",,garmin-010-02905-21,ok
https://loplabbet.no/garmin-forerunner-970-gps-emea-blackamp-yellow-unisex-010-02969,garmin-010,"GARMIN Forerunner 970 - GPS, EMEA Black/Amp Yellow Unisex",,garmin-010-02969,ok
https://loplabbet.no/garmin-forerunner-970-gps-emea-french-grayindigo-unisex-010-02969,garmin-010,"GARMIN Forerunner 970 - GPS, EMEA French Gray/Indigo Unisex",,garmin-010-02969,ok
https://loplabbet.no/garmin-forerunner-970-gps-emea-whitestoneamp-yellow-unisex-010-02969,garmin-010,"GARMIN Forerunner 970 - GPS, EMEA Whitestone/Amp Yellow Unisex",,garmin-010-02969,ok
https://loplabbet.no/garmin-forerunner-570-wifi-gps-ww-black-black-unisex-010-02970,garmin-010,GARMIN Forerunner 570 - 42 mm Black Unisex,,garmin-010-02970,ok
https://loplabbet.no/garmin-forerunner-570-42-mm-boneraspberrymango-unisex-010-02970,garmin-010,GARMIN Forerunner 570 - 42 mm Bone/Raspberry/Mango Unisex,,garmin-010-02970,ok
https://loplabbet.no/garmin-forerunner-570-wifi-gps-ww-black-whitestonecloud-blue-unisex-010-02970,garmin-010,GARMIN Forerunner 570 - 42 mm Whitestone/Cloud Blue Unisex,,garmin-010-02970,ok
https://loplabbet.no/garmin-forerunner-570-wifi-gps-ww-black-black-unisex-010-02971,garmin-010,GARMIN Forerunner 570 - 47 mm Black Unisex,,garmin-010-02971,ok
https://loplabbet.no/garmin-forerunner-570-47-mm-imperial-purpleindigo-unisex-010-02971,garmin-010,GARMIN Forerunner 570 - 47 mm Imperial Purple/Indigo Unisex,,garmin-010-02971,ok
https://loplabbet.no/garmin-forerunner-570-47-mm-whitestoneamp-yellow-unisex-010-02971,garmin-010,GARMIN Forerunner 570 - 47 mm Whitestone/Amp Yellow Unisex,,garmin-010-02971,ok
https://loplabbet.no/garmin-index-sleep-monitor-lxl-na-unisex-010-03024-00,garmin,GARMIN Index Sleep Monitor L/XL NA Unisex,,garmin-010-03024-00,ok
https://loplabbet.no/garmin-index-sleep-monitor-sm-na-unisex-010-03024,garmin-010,GARMIN Index Sleep Monitor S/M NA Unisex,,garmin-010-03024,ok
https://loplabbet.no/garmin-fenix-8-pro-47mm-amoled-saphcarbon-gray-titan-black-unisex-010-03198-01,garmin,GARMIN fēnix 8 Pro - 47mm AMOLED Saph/Carbon Gray Titan/ Black Unisex,,garmin-010-03198-01,ok
https://loplabbet.no/garmin-fenix-8-pro-47mm-amoled-saphtitangraphite-unisex-010-03198-11,garmin,GARMIN fēnix 8 Pro - 47mm AMOLED Saph/Titan/Graphite Unisex,,garmin-010-03198-11,ok
https://loplabbet.no/garmin-fenix-8-pro-51mm-amoled-saphcarbon-gray-titanblack-unisex-010-03199-01,garmin,GARMIN fēnix 8 Pro - 51mm AMOLED Saph/Carbon Gray Titan/Black Unisex,,garmin-010-03199-01,ok
https://loplabbet.no/garmin-fenix-8-pro-51mm-amoled-saphtitangraphite-unisex-010-03199-11,garmin,GARMIN fēnix 8 Pro - 51mm AMOLED Saph/Titan/Graphite Unisex,,garmin-010-03199-11,ok
https://loplabbet.no/garmin-forerunner-170-music-blackamp-yellow-unisex-010-03920,garmin-010,GARMIN Forerunner 170 Music Black/Amp Yellow Unisex,,garmin-010-03920,ok
https://loplabbet.no/garmin-forerunner-170-music-red-pinkmango-unisex-010-03920,garmin-010,GARMIN Forerunner 170 Music Red Pink/Mango Unisex,,garmin-010-03920,ok
https://loplabbet.no/garmin-forerunner-170-music-teal-greencitron-unisex-010-03920,garmin-010,GARMIN Forerunner 170 Music Teal Green/Citron Unisex,,garmin-010-03920,ok
https://loplabbet.no/garmin-forerunner-170-music-whitestonecloud-blue-unisex-010-03920,garmin-010,GARMIN Forerunner 170 Music Whitestone/Cloud Blue Unisex,,garmin-010-03920,ok
https://loplabbet.no/garmin-forerunner-70-black-unisex-010-04307,garmin-010,GARMIN Forerunner 70 Black Unisex,,garmin-010-04307,ok
https://loplabbet.no/garmin-forerunner-70-citron-unisex-010-04307,garmin-010,GARMIN Forerunner 70 Citron Unisex,,garmin-010-04307,ok
https://loplabbet.no/garmin-forerunner-70-cool-lavender-unisex-010-04307,garmin-010,GARMIN Forerunner 70 Cool Lavender Unisex,,garmin-010-04307,ok
https://loplabbet.no/garmin-forerunner-70-whitestone-unisex-010-04307,garmin-010,GARMIN Forerunner 70 Whitestone Unisex,,garmin-010-04307,ok
https://loplabbet.no/garmin-ladedataklemme-unisex,garmin,GARMIN Lade/dataklemme Unisex,,,ok
https://loplabbet.no/garmin-reservereim-i-silikon-til-garmin-forerunner-230235630735xt-unisex,garmin,GARMIN Reservereim i Silikon til Garmin Forerunner 230/235/630/735XT Unisex,,,ok
https://loplabbet.no/garmin-hurtigutlosningsrem-slate-unisex-010-11251-1g,garmin,GARMIN Hurtigutløsningsrem Slate Unisex,,garmin-010-11251-1g,ok
https://loplabbet.no/garmin-hurtigutlosningsreim-18mm-sort-black-unisex-010-11251-3e,garmin,"GARMIN Hurtigutløsningsreim, 18mm, sort Black Unisex",,garmin-010-11251-3e,ok
https://loplabbet.no/garmin-forerunner-klokkerem-22-mm-blacktool-inc-unisex-010-11251-am,garmin,GARMIN Forerunner-klokkerem (22 mm) Black/Tool Inc Unisex,,garmin-010-11251-am,ok
https://loplabbet.no/garmin-ekstrastropp-til-hrm-dual-unisex,garmin,GARMIN Ekstrastropp til HRM Dual Unisex,,,ok
https://loplabbet.no/garmin-fenix-7fr-945-series-ladekabel-unisex-010-12491-01,garmin,GARMIN Fenix 7/FR 945 Series Ladekabel Unisex,,garmin-010-12491-01,ok
https://loplabbet.no/garmin-quickfit-20-mm-reservereim-unisex,garmin,GARMIN Quickfit 20 mm Reservereim Unisex,,,ok
https://loplabbet.no/garmin-quickfit-22-mm-reservereim-unisex,garmin,GARMIN Quickfit 22 mm Reservereim Unisex,,,ok
https://loplabbet.no/garmin-acc-approach-s60-replacement-band-unisex,garmin,GARMIN Acc Approach S60 Replacement Band Unisex,,,ok
https://loplabbet.no/garmin-fenix-5-plus-22mm-quickfit-black-leather-band-unisex-010-12740-01,garmin,GARMIN Fenix 5 Plus 22mm QuickFit Black Leather Band Unisex,,garmin-010-12740-01,ok
https://loplabbet.no/garmin-accfenix-5-plus-quickfit-silicone-band-cyan-blue-unisex,garmin,"GARMIN Acc,fenix 5 Plus QuickFit Silicone Band Cyan Blue Unisex",,,ok
https://loplabbet.no/garmin-quickfit-26-mm-reservereim-cyan-blue-unisex-010-12741-02,garmin,GARMIN Quickfit 26 mm Reservereim Cyan Blue Unisex,,garmin-010-12741-02,ok
https://loplabbet.no/garmin-quickfit-silicone-band-fenix-6-ember-orange-unisex-010-12863-01,garmin,"GARMIN QuickFit Silicone Band, Fenix 6 Ember orange Unisex",,garmin-010-12863-01,ok
https://loplabbet.no/garmin-quickfit-22-klokkerem-unisex-010-12863-03,garmin,GARMIN QuickFit 22 Klokkerem Unisex,,garmin-010-12863-03,ok
https://loplabbet.no/garmin-accfenix-6-22mm-quickfit-amp-yellow-silicone-band-unisex-010-12863-04,garmin,"GARMIN Acc,fenix 6 22mm QuickFit Amp Yellow Silicone Band Unisex",,garmin-010-12863-04,ok
https://loplabbet.no/garmin-accfenix-6-22mm-quickfit-heathered-black-nylon-band-unisex-010-12863-07,garmin,"GARMIN Acc,fenix 6 22mm QuickFit Heathered Black Nylon Band Unisex",,garmin-010-12863-07,ok
https://loplabbet.no/garmin-quickfit-silicone-band-fenix-6x-ember-orange-unisex-010-12864-01,garmin,"GARMIN QuickFit Silicone Band, Fenix 6X Ember orange Unisex",,garmin-010-12864-01,ok
https://loplabbet.no/garmin-quickfit-26-mm-reservereim-unisex-010-12864-03,garmin,GARMIN Quickfit 26 mm Reservereim Unisex,,garmin-010-12864-03,ok
https://loplabbet.no/garmin-quickfit-26-mm-reservereim-unisex,garmin,GARMIN Quickfit 26 mm Reservereim Unisex,,,ok
https://loplabbet.no/garmin-quickfit-20mm-reim-gra-silikon-unisex-010-12866-00,garmin,"GARMIN Quickfit 20mm reim, grå silikon. Unisex",,garmin-010-12866-00,ok
https://loplabbet.no/garmin-accfenix-6s-20mm-quickfit-lakeside-blue-silicone-band-unisex-010-12870-00,garmin,"GARMIN Acc,fenix 6s 20mm QuickFit Lakeside Blue Silicone Band Unisex",,garmin-010-12870-00,ok
https://loplabbet.no/garmin-accfenix-6s-20mm-quickfit-purple-storm-silicone-band-unisex,garmin,"GARMIN Acc,fenix 6s 20mm QuickFit Purple Storm Silicone Band Unisex",,,ok
https://loplabbet.no/garmin-hrm-dual-pulsbelte-unisex-010-12883-00,garmin,GARMIN HRM Dual Pulsbelte Unisex,,garmin-010-12883-00,ok
https://loplabbet.no/garmin-venu-20mm-band-blackslate-unisex-010-12932-11,garmin,"GARMIN Venu, 20mm Band, Black/Slate Unisex",,garmin-010-12932-11,ok
https://loplabbet.no/garmin-quickfit-20mm-long-strap-black-silicone-unisex-010-12942-00,garmin,"GARMIN QuickFit 20mm, Long strap, Black Silicone Unisex",,garmin-010-12942-00,ok
https://loplabbet.no/garmin-hurtigutlosningsreim-20-mm-unisex-010-13021-01,garmin,GARMIN Hurtigutløsningsreim (20 mm) Unisex,,garmin-010-13021-01,ok
https://loplabbet.no/garmin-hurtigutlosningsreim-20-mm-unisex-010-13021-03,garmin,GARMIN Hurtigutløsningsreim (20 mm) Unisex,,garmin-010-13021-03,ok
https://loplabbet.no/garmin-quickfit-silicone-band-fenix-7s-aqua-unisex,garmin,"GARMIN QuickFit Silicone Band, Fenix 7S Aqua Unisex",,,ok
https://loplabbet.no/garmin-quickfit-silicone-band-fenix-7s-black-unisex-010-13102,garmin,"GARMIN QuickFit Silicone Band, Fenix 7S Black Unisex",,garmin-010-13102,ok
https://loplabbet.no/garmin-quickfit-silicone-band-fenix-7s-flame-red-unisex,garmin,"GARMIN QuickFit Silicone Band, Fenix 7S Flame red Unisex",,,ok
https://loplabbet.no/garmin-quickfit-silicone-band-fenix-7s-graphite-unisex,garmin,"GARMIN QuickFit Silicone Band, Fenix 7S Graphite Unisex",,,ok
https://loplabbet.no/garmin-quickfit-silicone-band-fenix-7s-light-sand-unisex,garmin,"GARMIN QuickFit Silicone Band, Fenix 7S Light sand Unisex",,,ok
https://loplabbet.no/garmin-quickfit-silicone-band-fenix-7s-whitestone-unisex,garmin,"GARMIN QuickFit Silicone Band, Fenix 7S Whitestone Unisex",,,ok
https://loplabbet.no/garmin-22mm-reservereim-graphite-garmin-instinct-unisex-010-13105-00,garmin,"GARMIN 22mm reservereim, Graphite, Garmin Instinct Unisex",,garmin-010-13105-00,ok
https://loplabbet.no/garmin-22mm-reservereim-electric-lime-garmin-instinct-unisex-010-13105-02,garmin,"GARMIN 22mm reservereim, Electric lime, Garmin Instinct Unisex",,garmin-010-13105-02,ok
https://loplabbet.no/garmin-22mm-reservereim-graphite-camo-garmin-instinct-unisex-010-13105-04,garmin,"GARMIN 22mm reservereim, Graphite Camo, Garmin Instinct Unisex",,garmin-010-13105-04,ok
https://loplabbet.no/garmin-22mm-reservereim-mavericks-garmin-instinct-unisex-010-13105-05,garmin,"GARMIN 22mm reservereim, Mavericks, Garmin Instinct Unisex",,garmin-010-13105-05,ok
https://loplabbet.no/garmin-acc-instinct-2-tactical-replacement-band-black-unisex-010-13105-06,garmin,"GARMIN Instinct 2 Tactical Replacement Band, Black Unisex",,garmin-010-13105-06,ok
https://loplabbet.no/garmin-acc-fenix-7-22mm-quickfit-moss-silicone-band-unisex-010-13111-03,garmin,"GARMIN Acc, Fenix 7, 22mm QuickFit Moss Silicone Band Unisex",,garmin-010-13111-03,ok
https://loplabbet.no/garmin-quickfit-silicone-band-fenix-7-black-unisex-010-13111,garmin,"GARMIN QuickFit Silicone Band, Fenix 7 Black Unisex",,garmin-010-13111,ok
https://loplabbet.no/garmin-quickfit-silicone-band-fenix-7-flame-red-unisex,garmin,"GARMIN QuickFit Silicone Band, Fenix 7 Flame red Unisex",,,ok
https://loplabbet.no/garmin-quickfit-silicone-band-fenix-7-graphite-unisex,garmin,"GARMIN QuickFit Silicone Band, Fenix 7 Graphite Unisex",,,ok
https://loplabbet.no/garmin-quickfit-silicone-band-fenix-7-whitestone-unisex,garmin,"GARMIN QuickFit Silicone Band, Fenix 7 Whitestone Unisex",,,ok
https://loplabbet.no/garmin-quickfit-silicone-band-fenix-7x-black-unisex-010-13117,garmin,"GARMIN QuickFit Silicone Band, Fenix 7X Black Unisex",,garmin-010-13117,ok
https://loplabbet.no/garmin-quickfit-silicone-band-fenix-7x-flame-red-unisex-010-13117,garmin-010,"GARMIN QuickFit Silicone Band, Fenix 7X Flame red Unisex",,garmin-010-13117,ok
https://loplabbet.no/garmin-quickfit-silicone-band-fenix-7x-graphite-unisex-010-13117,garmin-010,"GARMIN QuickFit Silicone Band, Fenix 7X Graphite Unisex",,garmin-010-13117,ok
https://loplabbet.no/garmin-quickfit-silicone-band-fenix-7x-whitestone-unisex-010-13117,garmin-010,"GARMIN QuickFit Silicone Band, Fenix 7X Whitestone Unisex",,garmin-010-13117,ok
https://loplabbet.no/garmin-hrm-pro-plus-pulsbelte-unisex-010-13118-00,garmin,GARMIN HRM-Pro Plus pulsbelte Unisex,,garmin-010-13118-00,ok
https://loplabbet.no/garmin-qr-ultrafit-22mm-nylon-band-black-unisex-010-13261-20,garmin,"GARMIN QR UltraFit, 22mm Nylon Band Black Unisex",,garmin-010-13261-20,ok
https://loplabbet.no/garmin-ca-assy-usb-c-to-plug-charge-10m-unisex-010-13278-00,garmin,"GARMIN CA Assy, USB-C to Plug Charge, 1.0m Unisex",,garmin-010-13278-00,ok
https://loplabbet.no/garmin-quickfit-22-mm-black-silicone-band-na-unisex-010-13280-00,garmin,GARMIN QuickFit 22 mm Black silicone band NA Unisex,,garmin-010-13280-00,ok
https://loplabbet.no/garmin-quickfit-26-mm-black-silicone-band-na-unisex-010-13281-00,garmin,GARMIN QuickFit 26 mm Black silicone band NA Unisex,,garmin-010-13281-00,ok
https://loplabbet.no/garmin-quickfit-26-mm-mossgraphite-silicone-band-na-unisex-010-13281-07,garmin,GARMIN QuickFit 26 mm Moss/Graphite silicone band NA Unisex,,garmin-010-13281-07,ok
https://loplabbet.no/garmin-ultrafit-nylon-strap-20-mm-black-black-unisex-010-13306-00,garmin,GARMIN UltraFit Nylon Strap (20 mm) - Black Black Unisex,,garmin-010-13306-00,ok
https://loplabbet.no/garmin-ultrafit-nylon-strap-20-mm-black-na-unisex-010-13306-00,garmin,GARMIN UltraFit Nylon Strap (20 mm) - Black NA Unisex,,garmin-010-13306-00,ok
https://loplabbet.no/garmin-ultrafit-nylon-strap-20-mm-gray-gray-unisex-010-13306-01,garmin,GARMIN UltraFit Nylon Strap (20 mm) - Gray Gray Unisex,,garmin-010-13306-01,ok
https://loplabbet.no/garmin-ultrafit-nylon-strap-20-mm-gray-na-unisex-010-13306-01,garmin,GARMIN UltraFit Nylon Strap (20 mm) - Gray NA Unisex,,garmin-010-13306-01,ok
https://loplabbet.no/garmin-ultrafit-nylon-strap-22-mm-black-black-unisex-010-13306-10,garmin,GARMIN UltraFit Nylon Strap (22 mm) - Black Black Unisex,,garmin-010-13306-10,ok
https://loplabbet.no/garmin-ultrafit-nylon-strap-22-mm-black-na-unisex-010-13306-10,garmin,GARMIN UltraFit Nylon Strap (22 mm) - Black NA Unisex,,garmin-010-13306-10,ok
https://loplabbet.no/garmin-ultrafit-nylon-strap-22-mm-gray-gray-unisex-010-13306-11,garmin,GARMIN UltraFit Nylon Strap (22 mm) - Gray Gray Unisex,,garmin-010-13306-11,ok
https://loplabbet.no/garmin-ultrafit-nylon-strap-22-mm-gray-na-unisex-010-13306-11,garmin,GARMIN UltraFit Nylon Strap (22 mm) - Gray NA Unisex,,garmin-010-13306-11,ok
https://loplabbet.no/garmin-ultrafit-nylon-strap-26-mm-black-black-unisex-010-13306-20,garmin,GARMIN UltraFit Nylon Strap (26 mm) - Black Black Unisex,,garmin-010-13306-20,ok
https://loplabbet.no/garmin-ultrafit-nylon-strap-26-mm-black-na-unisex-010-13306-20,garmin,GARMIN UltraFit Nylon Strap (26 mm) - Black NA Unisex,,garmin-010-13306-20,ok
https://loplabbet.no/garmin-ultrafit-nylon-strap-26-mm-gray-gray-unisex-010-13306-21,garmin,GARMIN UltraFit Nylon Strap (26 mm) - Gray Gray Unisex,,garmin-010-13306-21,ok
https://loplabbet.no/garmin-ultrafit-nylon-strap-26-mm-gray-na-unisex-010-13306-21,garmin,GARMIN UltraFit Nylon Strap (26 mm) - Gray NA Unisex,,garmin-010-13306-21,ok
https://loplabbet.no/garmin-hrm-fit-pulsbelte-svart-dame-010-13314-00,garmin,GARMIN HRM-Fit-pulsbelte Svart Dame,,garmin-010-13314-00,ok
https://loplabbet.no/garmin-acc-replacement-hrm-x00-strap-xs-s-na-unisex-010-13384-b0,garmin,"GARMIN Acc Replacement HRM-x00 Strap, XS-S NA Unisex",,garmin-010-13384-b0,ok
https://loplabbet.no/garmin-acc-replacement-hrm-x00-strap-m-xl-na-unisex-010-13384-b1,garmin,"GARMIN Acc Replacement HRM-x00 Strap, M-XL NA Unisex",,garmin-010-13384-b1,ok
https://loplabbet.no/garmin-access-hrm-200-na-unisex-010-13388-00,garmin,"GARMIN Access, HRM 200 NA Unisex",,garmin-010-13388-00,ok
https://loplabbet.no/garmin-access-hrm-200-xs-s-na-unisex-010-13388-01,garmin,"GARMIN Access, HRM 200, XS-S NA Unisex",,garmin-010-13388-01,ok
https://loplabbet.no/garmin-kit-keepers-fenix-5-black-unisex-s00-00747-00,garmin,"GARMIN Kit, Keepers, fenix 5 Black Unisex",,garmin-s00-00747-00,ok
https://loplabbet.no/garmin-kit-keepers-fenix-5x-black-unisex-s00-00751-00,garmin,"GARMIN Kit, Keepers, fenix 5x Black Unisex",,garmin-s00-00751-00,ok
https://loplabbet.no/garmin-svc-keeper-til-forerunner-235-black-unisex-s00-00821-00,garmin,GARMIN Svc Keeper til Forerunner 235 Black Unisex,,garmin-s00-00821-00,ok
https://loplabbet.no/garmin-svc-keeper-fr235-frost-blue-unisex-s00-00822-00,garmin,"GARMIN Svc, Keeper, FR235, Frost Blue Unisex",,garmin-s00-00822-00,ok
https://loplabbet.no/garmin-forerunner-35-band-keeper-sort-unisex-s00-00830-00,garmin,"GARMIN Forerunner 35 Band Keeper, Sort Unisex",,garmin-s00-00830-00,ok
https://loplabbet.no/garmin-svc-keeper-til-forerunner-735xt-black-unisex-s00-00875-00,garmin,GARMIN Svc Keeper til Forerunner 735XT Black Unisex,,garmin-s00-00875-00,ok
https://loplabbet.no/garmin-vivosmartr-hr-band-keeper-unisex-s00-00887-00,garmin,GARMIN Vívosmart® HR Band Keeper Unisex,,garmin-s00-00887-00,ok
https://loplabbet.no/garmin-svc-keeper-pair-vivoactive-4-black-unisex-s00-01275-00,garmin,"GARMIN Svc, Keeper Pair, Vivoactive 4 Black Unisex",,garmin-s00-01275-00,ok
https://loplabbet.no/gator-sport-sock-neopren-black-unisex-3901,gator,GATOR Sport sock neopren Black Unisex,,gator-3901,ok
https://loplabbet.no/gator-icelander-vatsokk-black-unisex-7501,gator,GATOR Icelander våtsokk Black Unisex,,gator-7501,ok
https://loplabbet.no/gofluo-maddy-coral-reflective-dame-maddy,gofluo,GOFLUO Maddy Coral reflective Dame,,gofluo-maddy,ok
https://loplabbet.no/gofluo-pace-grey-reflective-unisex-pace,gofluo,GOFLUO Pace Grey reflective Unisex,,gofluo-pace,ok
https://loplabbet.no/gofluo-sprint-grey-reflective-unisex-sprint,gofluo,GOFLUO Sprint Grey reflective Unisex,,gofluo-sprint,ok
https://loplabbet.no/goodr-the-og-running-sunglasses-a-gingers-soul-unisex-1100,goodr,GOODR The OG Running Sunglasses A Ginger’s Soul Unisex,,goodr-1100,ok
https://loplabbet.no/goodr-the-og-running-sunglasses-falkors-fever-dream-unisex-1100,goodr,GOODR The OG Running Sunglasses Falkor’s Fever Dream Unisex,,goodr-1100,ok
https://loplabbet.no/goodr-the-og-running-sunglasses-flamingos-on-a-booze-cruise-unisex-1100,goodr,GOODR The OG Running Sunglasses Flamingos on a Booze Cruise Unisex,,goodr-1100,ok
https://loplabbet.no/goodr-the-og-running-sunglasses-gardening-with-a-kraken-unisex-1100,goodr,GOODR The OG Running Sunglasses Gardening with a Kraken Unisex,,goodr-1100,ok
https://loplabbet.no/goodr-the-og-running-sunglasses-side-scroll-eye-roll-unisex-1100,goodr,GOODR The OG Running Sunglasses Side Scroll Eye Roll Unisex,,goodr-1100,ok
https://loplabbet.no/goodr-the-og-running-sunglasses-vincents-absinthe-night-terrors-unisex-1100,goodr,GOODR The OG Running Sunglasses Vincent’s Absinthe Night Terrors Unisex,,goodr-1100,ok
https://loplabbet.no/goodr-goodr-the-astro-g-kidnapped-by-a-cyborg-unisex-astro,goodr,GOODR Goodr The Astro G Kidnapped by a Cyborg Unisex,,goodr-astro,ok
https://loplabbet.no/goodr-goodr-the-astro-g-ready-the-confetti-canon-unisex-astro,goodr,GOODR Goodr The Astro G Ready the Confetti Canon Unisex,,goodr-astro,ok
https://loplabbet.no/goodr-fog-goodr-golf-sunglasses-au-revoir-gopher-unisex-fog-wh-rs1-rf,goodr,"GOODR FOG Goodr Golf Sunglasses Au Revoir, Gopher Unisex",,goodr-fog-wh-rs1-rf,ok
https://loplabbet.no/goodr-the-og-running-sunglasses-a-unicorns-calamity-unisex-og,goodr,GOODR The OG Running Sunglasses A Unicorn&#x27;s Calamity Unisex,,goodr-og,ok
https://loplabbet.no/goodr-og-goodr-running-sunglasses-a-gingers-soul-unisex-og-bk-bk1,goodr,GOODR OG Goodr Running Sunglasses A Ginger’s Soul Unisex,,goodr-og-bk-bk1,ok
https://loplabbet.no/goodr-og-goodr-rnning-sunglasses-vincents-absinthe-night-terrors-unisex-og-bk-tl1,goodr,GOODR OG Goodr Rnning Sunglasses Vincent’s Absinthe Night Terrors Unisex,,goodr-og-bk-tl1,ok
https://loplabbet.no/goodr-og-goodr-running-sunglasses-falkors-fever-dream-unisex-og-bl-bl1,goodr,GOODR OG Goodr Running Sunglasses Falkor’s Fever Dream Unisex,,goodr-og-bl-bl1,ok
https://loplabbet.no/goodr-the-og-running-sunglasses-electric-dinotopia-carnival-unisex-og,goodr,GOODR The OG Running Sunglasses Electric Dinotopia Carnival Unisex,,goodr-og,ok
https://loplabbet.no/goodr-the-og-running-sunglasses-flamingos-on-a-booze-cruise-unisex-og,goodr,GOODR The OG Running Sunglasses Flamingos on a Booze Cruise Unisex,,goodr-og,ok
https://loplabbet.no/goodr-the-og-running-sunglasses-gardening-with-a-kraken-unisex-og,goodr,GOODR The OG Running Sunglasses Gardening with a Kraken Unisex,,goodr-og,ok
https://loplabbet.no/goodr-the-og-running-sunglasses-nessys-midnight-orgy-unisex-og,goodr,GOODR The OG Running Sunglasses Nessy’s Midnight Orgy Unisex,,goodr-og,ok
https://loplabbet.no/goodr-og-goodr-running-sunglasses-flamingos-on-a-booze-cruise-unisex-og-pk-tl1,goodr,GOODR OG Goodr Running Sunglasses Flamingos on a Booze Cruise Unisex,,goodr-og-pk-tl1,ok
https://loplabbet.no/goodr-og-goodr-running-sunglasses-gardening-with-a-kraken-unisex-og-pr-pr1,goodr,GOODR OG Goodr Running Sunglasses Gardening with a Kraken Unisex,,goodr-og-pr-pr1,ok
https://loplabbet.no/goodr-the-og-running-sunglasses-swedish-meatball-hangover-unisex-og,goodr,GOODR The OG Running Sunglasses Swedish Meatball Hangover Unisex,,goodr-og,ok
https://loplabbet.no/goodr-the-og-running-sunglasses-vincents-absinthe-night-terrors-unisex-og,goodr,GOODR The OG Running Sunglasses Vincent’s Absinthe Night Terrors Unisex,,goodr-og,ok
https://loplabbet.no/goodr-og-goodr-running-sunglasses-iced-by-yetis-unisex-og-wh-bl1,goodr,GOODR OG Goodr Running Sunglasses Iced By Yetis Unisex,,goodr-og-wh-bl1,ok
https://loplabbet.no/gorer-wear-gtx-cap-9900black-unisex-100002,gorer,GORE® WEAR GTX Cap 9900/black Unisex,,gorer-100002,ok
https://loplabbet.no/gorer-wear-opti-headband-990rblackterra-grey-unisex-100307,gorer,GORE® WEAR Opti Headband 990R/black/terra grey Unisex,,gorer-100307,ok
https://loplabbet.no/gorer-wear-r7-gtx-shakedry-trail-hooded-jacket-9900black-herre-100457,gorer,GORE® WEAR R7 GTX Shakedry Trail Hooded Jacket 9900/black Herre,,gorer-100457,ok
https://loplabbet.no/gorer-wear-r7-gtx-shakedry-trail-hooded-jakke-9900black-dame-100458,gorer,GORE® WEAR R7 GTX Shakedry Trail Hooded Jakke 9900/black Dame,,gorer-100458,ok
https://loplabbet.no/gorer-wear-partial-gtx-hooded-jacket-990rblackterra-grey-herre-100459,gore-wear,GORE® WEAR Partial GTX Hooded Jacket 990R/black/terra grey Herre,,gore-wear-100459,ok
https://loplabbet.no/gorer-wear-r7-partial-gtx-hooded-jakke-990rblackterra-grey-dame-100460,gore-wear,GORE® WEAR R7 Partial GTX Hooded Jakke 990R/black/terra grey Dame,,gore-wear-100460,ok
https://loplabbet.no/gorer-wear-r7-partial-gtx-hooded-jakke-ayaufireballorbit-blue-dame-100460,gorer,GORE® WEAR R7 Partial GTX Hooded Jakke AYAU/fireball/orbit blue Dame,,gorer-100460,ok
https://loplabbet.no/gorer-wear-r5-infinium-windstopper-tights-9900black-herre-100659,gore-wear,GORE® WEAR R5 Infinium Windstopper Tights 9900/black Herre,,gore-wear-100659,ok
https://loplabbet.no/gorer-wear-r5-infinium-windstopper-tights-9900black-dame-100660,gore-wear,GORE® WEAR R5 Infinium Windstopper Tights 9900/black Dame,,gore-wear-100660,ok
https://loplabbet.no/gorer-wear-r5-infinium-pant-9900black-herre-100661,gore-wear,GORE® WEAR R5 Infinium Pant 9900/black Herre,,gore-wear-100661,ok
https://loplabbet.no/gorer-wear-r5-infinium-pant-9900black-dame-100662,gore-wear,GORE® WEAR R5 Infinium Pant 9900/black Dame,,gore-wear-100662,ok
https://loplabbet.no/gorer-wear-formula-vest-0100white-herre-100750,gorer,GORE® WEAR Formula Vest 0100/white Herre,,gorer-100750,ok
https://loplabbet.no/gorer-wear-formula-vest-9900black-herre-100750,gorer,GORE® WEAR Formula Vest 9900/black Herre,,gorer-100750,ok
https://loplabbet.no/gorer-wear-formula-vest-0100white-dame-100755,gorer,GORE® WEAR Formula Vest 0100/white Dame,,gorer-100755,ok
https://loplabbet.no/gorer-wear-formula-vest-9900black-dame-100755,gorer,GORE® WEAR Formula Vest 9900/black Dame,,gorer-100755,ok
https://loplabbet.no/gore-r7-partial-gtx-i-hooded-jacket-bluegrey-herre-100459,gore,GORE R7 Partial GTX I Hooded Jacket Blue/Grey Herre,,gore-100459,ok
https://loplabbet.no/gore-r7-partial-gtx-i-hooded-jacket-bluegrey-dame-100460,gore,GORE R7 Partial GTX I Hooded Jacket Blue/Grey Dame,,gore-100460,ok
https://loplabbet.no/gore-wear-windstopper-beanie-black-unisex-100340,gore,GORE WEAR Windstopper Beanie black Unisex,,gore-100340,ok
https://loplabbet.no/gore-wear-gore-tex-infinitum-stretch-hanske-9900black-unisex-100410,gore,GORE WEAR Gore-tex Infinitum Stretch Hanske 9900/black Unisex,,gore-100410,ok
https://loplabbet.no/gore-wear-r7-partial-gtx-i-hooded-jacket-blackutility-green-herre-100459,gore,GORE WEAR R7 Partial GTX I Hooded Jacket black/utility green Herre,,gore-100459,ok
https://loplabbet.no/gore-wear-r7-partial-gtx-i-hd-jacket-blackutility-green-dame-100460,gore,GORE WEAR R7 Partial GTX I Hd Jacket black/utility green Dame,,gore-100460,ok
https://loplabbet.no/gripgrab-expert-winter-touchscreen-hanske-black-unisex-1020,gripgrab,GRIPGRAB Expert Winter Touchscreen Hanske Black Unisex,,gripgrab-1020,ok
https://loplabbet.no/gripgrab-thermo-windproof-touchscreen-hanske-black-unisex-1022,gripgrab,GRIPGRAB Thermo Windproof Touchscreen Hanske Black Unisex,,gripgrab-1022,ok
https://loplabbet.no/gripgrab-sykkelhanske-waterproof-knitted-thermal-glove-black-unisex-1074,gripgrab,GRIPGRAB Sykkelhanske Waterproof Knitted Thermal Glove Black Unisex,,gripgrab-1074,ok
https://loplabbet.no/gripgrab-waterproof-knitted-thermal-glove-black-unisex-1074,gripgrab,GRIPGRAB Waterproof Knitted Thermal Glove Black Unisex,,gripgrab-1074,ok
https://loplabbet.no/gripgrab-waterproof-knitted-thermal-glove-yellow-hi-vis-unisex-1074,gripgrab,GRIPGRAB Sykkelhanske Waterproof Knitted Thermal Glove Yellow Hi-Vis Unisex,,gripgrab-1074,ok
https://loplabbet.no/haile-gebreselassie-emperor-of-long-distance-unisex-107405,haile-gebreselassie,HAILE GEBRESELASSIE Emperor of Long Distance Unisex,,haile-gebreselassie-107405,ok
https://loplabbet.no/hestra-hestra-nimbus-mitt-black-unisex-31261,hestra,"HESTRA Hestra Nimbus mitt, Black Unisex",,hestra-31261,ok
https://loplabbet.no/hestra-nimbus-split-mitt-svart-unisex-31262,hestra,HESTRA Nimbus Split Mitt Svart Unisex,,hestra-31262,ok
https://loplabbet.no/hestra-runners-all-weather-hansker-dark-grey-unisex-32940,hestra,HESTRA Runners All Weather Hansker Dark grey Unisex,,hestra-32940,ok
https://loplabbet.no/hestra-merino-wool-innerliner-active-charcoal-unisex-34110,hestra,HESTRA Merino Wool Innerliner Active Charcoal Unisex,,hestra-34110,ok
https://loplabbet.no/hestra-merino-wool-liner-long-5-finger-black-unisex-34140,hestra,HESTRA Merino Wool Liner Long - 5 finger Black Unisex,,hestra-34140,ok
https://loplabbet.no/hestra-merino-windwool-liner-5-finger-black-unisex-34290,hestra,HESTRA Merino Windwool Liner - 5 finger Black Unisex,,hestra-34290,ok
https://loplabbet.no/hestra-touch-point-dry-wool-5-fingers-navy-unisex-34380,hestra,HESTRA Touch Point Dry Wool - 5 fingers Navy Unisex,,hestra-34380,ok
https://loplabbet.no/hestra-infinium-stretch-liner-light-5-finger-black-unisex-34510,hestra,HESTRA Infinium Stretch Liner Light 5 finger Black Unisex,,hestra-34510,ok
https://loplabbet.no/hestra-ws-breeze-vott-black-dame-37351,hestra,HESTRA W.S Breeze Vott Black Dame,,hestra-37351,ok
https://loplabbet.no/hestra-ws-breeze-vott-offwhite-dame-37351,hestra,HESTRA W.S Breeze Vott Offwhite Dame,,hestra-37351,ok
https://loplabbet.no/hestra-comfort-tracker-3-finger-hansker-blackivory-unisex-37442,hestra,HESTRA Comfort Tracker 3 Finger Hansker Black/Ivory Unisex,,hestra-37442,ok
https://loplabbet.no/hestra-ws-wool-terry-splitt-mitt-black-unisex-37462,hestra,HESTRA W.S Wool Terry Splitt Mitt Black Unisex,,hestra-37462,ok
https://loplabbet.no/hoka-speedgoat-4-fpblfiesta-provincial-blue-herre-1106525,hoka,HOKA Speedgoat 4 FPBL/FIESTA / PROVINCIAL BLUE Herre,,hoka-1106525,ok
https://loplabbet.no/hoka-speedgoat-4-pblgprovincial-blue-luminary-gre-dame-1106527,hoka,HOKA Speedgoat 4 PBLG/PROVINCIAL BLUE / LUMINARY GRE Dame,,hoka-1106527,ok
https://loplabbet.no/hoka-speedgoat-4-gtx-adgganthracite-dark-gull-grey-dame-1106531,hoka,HOKA Speedgoat 4 GTX ADGG/ANTHRACITE / DARK GULL GREY Dame,,hoka-1106531,ok
https://loplabbet.no/hoka-speedgoat-mid-2-gtx-obbsombre-blue-blue-sheen-herre-1106532,hoka,HOKA Speedgoat Mid 2 GTX OBBS/OMBRE BLUE / BLUE SHEEN Herre,,hoka-1106532,ok
https://loplabbet.no/hoka-carbon-x-2-dbctrdiva-blue-citrus-herre-1113526,hoka,HOKA Carbon X 2 DBCTR/DIVA BLUE / CITRUS Herre,,hoka-1113526,ok
https://loplabbet.no/hoka-carbon-x-2-dbctrdiva-blue-citrus-dame-1113527,hoka,HOKA Carbon X 2 DBCTR/DIVA BLUE / CITRUS Dame,,hoka-1113527,ok
https://loplabbet.no/hoka-clifton-8-bwhtblack-white-dame-1119394,hoka,HOKA Clifton 8 BWHT/BLACK / WHITE Dame,,hoka-1119394,ok
https://loplabbet.no/hoka-clifton-8-wide-bwhtblack-white-dame-1121375,hoka,HOKA Clifton 8 wide BWHT/BLACK / WHITE Dame,,hoka-1121375,ok
https://loplabbet.no/hoka-speedgoat-5-castlerock-flame-herre-1123157,hoka,HOKA Speedgoat 5 CASTLEROCK / FLAME Herre,,hoka-1123157,ok
https://loplabbet.no/hoka-speedgoat-5-tfstthyme-fiesta-herre-1123157,hoka,HOKA Speedgoat 5 TFST/THYME / FIESTA Herre,,hoka-1123157,ok
https://loplabbet.no/hoka-speedgoat-5-deep-lagoon-ocean-mist-dame-1123158,hoka,HOKA Speedgoat 5 DEEP LAGOON / OCEAN MIST Dame,,hoka-1123158,ok
https://loplabbet.no/hoka-speedgoat-5-mercury-trellis-dame-1123158,hoka,HOKA Speedgoat 5 MERCURY / TRELLIS Dame,,hoka-1123158,ok
https://loplabbet.no/hoka-tecton-x-porypersimmon-orange-radiant-yellow-herre-1123161,hoka,HOKA Tecton X PORY/PERSIMMON ORANGE / RADIANT YELLOW Herre,,hoka-1123161,ok
https://loplabbet.no/hoka-tecton-x-tfstthyme-fiesta-herre-1123161,hoka,HOKA Tecton X TFST/THYME / FIESTA Herre,,hoka-1123161,ok
https://loplabbet.no/hoka-tecton-x-cbcrlcamellia-blue-coral-dame-1123162,hoka,HOKA Tecton X CBCRL/CAMELLIA / BLUE CORAL Dame,,hoka-1123162,ok
https://loplabbet.no/hoka-arahi-6-wide-bwhtblack-white-herre-1123196,hoka,HOKA Arahi 6 BRED BWHT/BLACK / WHITE Herre,,hoka-1123196,ok
https://loplabbet.no/hoka-arahi-6-wide-all-aboard-coastal-sky-dame-1123197,hoka,HOKA Arahi 6 BRED ALL ABOARD / COASTAL SKY Dame,,hoka-1123197,ok
https://loplabbet.no/hoka-arahi-6-wide-bwhtblack-white-dame-1123197,hoka,HOKA Arahi 6 BRED BWHT/BLACK / WHITE Dame,,hoka-1123197,ok
https://loplabbet.no/hoka-mach-5-bcstlblack-castlerock-herre-1127893,hoka,HOKA Mach 5 BCSTL/BLACK / CASTLEROCK Herre,,hoka-1127893,ok
https://loplabbet.no/hoka-mach-5-ceramic-evening-primrose-herre-1127893,hoka,HOKA Mach 5 CERAMIC / EVENING PRIMROSE Herre,,hoka-1127893,ok
https://loplabbet.no/hoka-mach-5-white-blue-glass-herre-1127893,hoka,HOKA Mach 5 WHITE / BLUE GLASS Herre,,hoka-1127893,ok
https://loplabbet.no/hoka-mach-5-ceramic-evening-primrose-dame-1127894,hoka,HOKA Mach 5 CERAMIC / EVENING PRIMROSE Dame,,hoka-1127894,ok
https://loplabbet.no/hoka-mach-5-white-blue-glass-dame-1127894,hoka,HOKA Mach 5 WHITE / BLUE GLASS Dame,,hoka-1127894,ok
https://loplabbet.no/hoka-clifton-9-black-black-herre-1127895,hoka,HOKA Clifton 9 BLACK / BLACK Herre,,hoka-1127895,ok
https://loplabbet.no/hoka-clifton-9-black-white-herre-1127895,hoka,HOKA Clifton 9 BLACK / WHITE Herre,,hoka-1127895,ok
https://loplabbet.no/hoka-clifton-9-vibrant-orange-impala-herre-1127895,hoka,HOKA Clifton 9 VIBRANT ORANGE / IMPALA Herre,,hoka-1127895,ok
https://loplabbet.no/hoka-clifton-9-white-white-herre-1127895,hoka,HOKA Clifton 9 WHITE / WHITE Herre,,hoka-1127895,ok
https://loplabbet.no/hoka-clifton-9-bellwether-blue-evening-sky-dame-1127896,hoka,HOKA Clifton 9 BELLWETHER BLUE / EVENING SKY Dame,,hoka-1127896,ok
https://loplabbet.no/hoka-clifton-9-black-black-dame-1127896,hoka,HOKA Clifton 9 BLACK / BLACK Dame,,hoka-1127896,ok
https://loplabbet.no/hoka-clifton-9-black-white-dame-1127896,hoka,HOKA Clifton 9 BLACK / WHITE Dame,,hoka-1127896,ok
https://loplabbet.no/hoka-clifton-9-cyclamen-sweet-lilac-dame-1127896,hoka,HOKA Clifton 9 CYCLAMEN / SWEET LILAC Dame,,hoka-1127896,ok
https://loplabbet.no/hoka-clifton-9-raspberry-strawberry-dame-1127896,hoka,HOKA Clifton 9 RASPBERRY / STRAWBERRY Dame,,hoka-1127896,ok
https://loplabbet.no/hoka-clifton-9-white-white-dame-1127896,hoka,HOKA Clifton 9 WHITE / WHITE Dame,,hoka-1127896,ok
https://loplabbet.no/hoka-speedgoat-5-gtx-bblcblack-black-herre-1127912,hoka,HOKA Speedgoat 5 GTX BBLC/BLACK / BLACK Herre,,hoka-1127912,ok
https://loplabbet.no/hoka-speedgoat-5-gtx-dtbcdeep-teal-black-dame-1127913,hoka,HOKA Speedgoat 5 GTX DTBC/DEEP TEAL / BLACK Dame,,hoka-1127913,ok
https://loplabbet.no/hoka-rocket-x-2-ceramic-evening-primrose-unisex-1127927,hoka,HOKA Rocket X 2 CERAMIC / EVENING PRIMROSE Unisex,,hoka-1127927,ok
https://loplabbet.no/hoka-rocket-x-2-lettuce-solar-flare-unisex-1127927,hoka,HOKA Rocket X 2 LETTUCE / SOLAR FLARE Unisex,,hoka-1127927,ok
https://loplabbet.no/hoka-u-rocket-x-2-yuzu-cielo-blue-unisex-1127927,hoka,HOKA U ROCKET X 2 YUZU / CIELO BLUE Unisex,,hoka-1127927,ok
https://loplabbet.no/hoka-bondi-8-wide-bblcblack-black-herre-1127953,hoka,HOKA Bondi 8 Wide BBLC/BLACK / BLACK Herre,,hoka-1127953,ok
https://loplabbet.no/hoka-bondi-8-wide-bwhtblack-white-herre-1127953,hoka,HOKA Bondi 8 Wide BWHT/BLACK / WHITE Herre,,hoka-1127953,ok
https://loplabbet.no/hoka-bondi-8-wide-shmssharkskin-harbor-mist-herre-1127953,hoka,HOKA Bondi 8 Wide SHMS/SHARKSKIN / HARBOR MIST Herre,,hoka-1127953,ok
https://loplabbet.no/hoka-bondi-8-wide-bblcblack-black-dame-1127954,hoka,HOKA Bondi 8 BRED BBLC/BLACK / BLACK Dame,,hoka-1127954,ok
https://loplabbet.no/hoka-bondi-8-wide-bwhtblack-white-dame-1127954,hoka,HOKA Bondi 8 Wide BWHT/BLACK / WHITE Dame,,hoka-1127954,ok
https://loplabbet.no/hoka-bondi-8-wide-hmlrharbor-mist-lunar-rock-dame-1127954,hoka,HOKA Bondi 8 BRED HMLR/HARBOR MIST / LUNAR ROCK Dame,,hoka-1127954,ok
https://loplabbet.no/hoka-clifton-9-wide-black-white-herre-1132210,hoka,HOKA Clifton 9 Wide BLACK / WHITE Herre,,hoka-1132210,ok
https://loplabbet.no/hoka-clifton-9-wide-black-white-dame-1132211,hoka,HOKA Clifton 9 Wide BLACK / WHITE Dame,,hoka-1132211,ok
https://loplabbet.no/hoka-speedgoat-5-gtx-spike-bblcblack-black-dame-1133532,hoka,HOKA Speedgoat 5 GTX Spike BBLC/BLACK / BLACK Dame,,hoka-1133532,ok
https://loplabbet.no/hoka-speedgoat-5-gtx-spike-bblcblack-black-herre-1133550,hoka,HOKA Speedgoat 5 GTX Spike BBLC/BLACK / BLACK Herre,,hoka-1133550,ok
https://loplabbet.no/hoka-tecton-x-2-cherries-jubilee-flame-dame-1134507,hoka,HOKA Tecton X 2 CHERRIES JUBILEE / FLAME Dame,,hoka-1134507,ok
https://loplabbet.no/hoka-tecton-x-2-evening-primrose-radiant-yellow-dame-1134507,hoka,HOKA Tecton X 2 EVENING PRIMROSE / RADIANT YELLOW Dame,,hoka-1134507,ok
https://loplabbet.no/hoka-tecton-x-2-cherrie-jubilee-flame-herre-1134516,hoka,HOKA Tecton X 2 CHERRIE JUBILEE / FLAME Herre,,hoka-1134516,ok
https://loplabbet.no/hoka-tecton-x-2-evening-primrose-radiant-yellow-herre-1134516,hoka,HOKA Tecton X 2 EVENING PRIMROSE / RADIANT YELLOW Herre,,hoka-1134516,ok
https://loplabbet.no/hoka-ora-recovery-slide-3-black-black-unisex-1135061,hoka,HOKA ORA RECOVERY SLIDE 3 BLACK / BLACK Unisex,,hoka-1135061,ok
https://loplabbet.no/hoka-mach-x-dusk-cloudless-herre-1141450,hoka,HOKA Mach X DUSK / CLOUDLESS Herre,,hoka-1141450,ok
https://loplabbet.no/hoka-mach-x-ocean-mist-lime-glow-herre-1141450,hoka,HOKA Mach X OCEAN MIST / LIME GLOW Herre,,hoka-1141450,ok
https://loplabbet.no/hoka-mach-x-dusk-illusion-dame-1141451,hoka,HOKA Mach X DUSK / ILLUSION Dame,,hoka-1141451,ok
https://loplabbet.no/hoka-mach-x-lime-glow-sunlit-ocean-dame-1141451,hoka,HOKA Mach X LIME GLOW / SUNLIT OCEAN Dame,,hoka-1141451,ok
https://loplabbet.no/hoka-cielo-road-virtual-blue-cloudless-unisex-1143490,hoka,HOKA Cielo Road VIRTUAL BLUE/ CLOUDLESS Unisex,,hoka-1143490,ok
https://loplabbet.no/hoka-cielo-road-white-ceramic-unisex-1143490,hoka,HOKA Cielo Road WHITE / CERAMIC Unisex,,hoka-1143490,ok
https://loplabbet.no/hoka-m-mach-6-black-night-sky-herre-1147790,hoka,HOKA MACH 6 BLACK / NIGHT SKY Herre,,hoka-1147790,ok
https://loplabbet.no/hoka-m-mach-6-downpour-thunder-cloud-herre-1147790,hoka,HOKA MACH 6 DOWNPOUR / THUNDER CLOUD Herre,,hoka-1147790,ok
https://loplabbet.no/hoka-mach-6-dusk-shadow-herre-1147790,hoka,HOKA MACH 6 DUSK / SHADOW Herre,,hoka-1147790,ok
https://loplabbet.no/hoka-mach-6-electric-cobalt-varsity-navy-herre-1147790,hoka,HOKA MACH 6 ELECTRIC COBALT / VARSITY NAVY Herre,,hoka-1147790,ok
https://loplabbet.no/hoka-mach-6-white-nimbus-cloud-herre-1147790,hoka,HOKA MACH 6 WHITE / NIMBUS CLOUD Herre,,hoka-1147790,ok
https://loplabbet.no/hoka-mach-6-white-solar-flare-herre-1147790,hoka,HOKA MACH 6 WHITE / SOLAR FLARE Herre,,hoka-1147790,ok
https://loplabbet.no/hoka-speedgoat-6-antique-olive-squash-herre-1147791,hoka,HOKA SPEEDGOAT 6 ANTIQUE OLIVE / SQUASH Herre,,hoka-1147791,ok
https://loplabbet.no/hoka-speedgoat-6-sherbet-beet-root-herre-1147791,hoka,HOKA SPEEDGOAT 6 SHERBET / BEET ROOT Herre,,hoka-1147791,ok
https://loplabbet.no/hoka-mach-6-cloudless-waterpark-dame-1147810,hoka,HOKA MACH 6 CLOUDLESS / WATERPARK Dame,,hoka-1147810,ok
https://loplabbet.no/hoka-mach-6-illusion-dusk-dame-1147810,hoka,HOKA MACH 6 ILLUSION / DUSK Dame,,hoka-1147810,ok
https://loplabbet.no/hoka-w-mach-6-tundra-blue-raindrop-dame-1147810,hoka,HOKA MACH 6 TUNDRA BLUE / RAINDROP Dame,,hoka-1147810,ok
https://loplabbet.no/hoka-mach-6-white-nimbus-cloud-dame-1147810,hoka,HOKA MACH 6 WHITE / NIMBUS CLOUD Dame,,hoka-1147810,ok
https://loplabbet.no/hoka-speedgoat-6-sherbet-beet-root-dame-1147811,hoka,HOKA SPEEDGOAT 6 SHERBET / BEET ROOT Dame,,hoka-1147811,ok
https://loplabbet.no/hoka-speedgoat-6-varsity-navy-meteor-dame-1147811,hoka,HOKA SPEEDGOAT 6 VARSITY NAVY / METEOR Dame,,hoka-1147811,ok
https://loplabbet.no/hoka-w-mach-6-wide-black-white-dame-1147834,hoka,HOKA W MACH 6 WIDE BLACK / WHITE Dame,,hoka-1147834,ok
https://loplabbet.no/hoka-arahi-7-wide-black-white-herre-1147870,hoka,HOKA Arahi 7 Wide BLACK / WHITE Herre,,hoka-1147870,ok
https://loplabbet.no/hoka-arahi-7-wide-black-white-dame-1147890,hoka,HOKA Arahi 7 BRED BLACK / WHITE Dame,,hoka-1147890,ok
https://loplabbet.no/hoka-cielo-x1-evening-sky-lettuce-unisex-1147910,hoka,HOKA Cielo X1 EVENING SKY / LETTUCE Unisex,,hoka-1147910,ok
https://loplabbet.no/hoka-cielo-x1-frost-cerise-unisex-1147910,hoka,HOKA Cielo X1 FROST / CERISE Unisex,,hoka-1147910,ok
https://loplabbet.no/hoka-cielo-x1-white-virtual-blue-unisex-1147910,hoka,HOKA Cielo X1 WHITE / VIRTUAL BLUE Unisex,,hoka-1147910,ok
https://loplabbet.no/hoka-skyward-x-blanc-de-blanc-virtual-blue-herre-1147911,hoka,HOKA SKYWARD X BLANC DE BLANC / VIRTUAL BLUE Herre,,hoka-1147911,ok
https://loplabbet.no/hoka-skyward-x-clear-sea-alpine-blue-herre-1147911,hoka,HOKA SKYWARD X CLEAR SEA / ALPINE BLUE Herre,,hoka-1147911,ok
https://loplabbet.no/hoka-skyward-x-luna-moth-black-herre-1147911,hoka,HOKA SKYWARD X LUNA MOTH / BLACK Herre,,hoka-1147911,ok
https://loplabbet.no/hoka-skyward-x-blanc-de-blanc-swim-day-dame-1147912,hoka,HOKA SKYWARD X BLANC DE BLANC / SWIM DAY Dame,,hoka-1147912,ok
https://loplabbet.no/hoka-skyward-x-jadeite-dried-rose-dame-1147912,hoka,HOKA SKYWARD X JADEITE / DRIED ROSE Dame,,hoka-1147912,ok
https://loplabbet.no/hoka-skyward-x-mint-fluorite-blue-spark-dame-1147912,hoka,HOKA SKYWARD X MINT FLUORITE / BLUE SPARK Dame,,hoka-1147912,ok
https://loplabbet.no/hoka-u-cielo-flyx-lettuce-virtual-blue-unisex-1151990,hoka,HOKA U CIELO FLYX LETTUCE / VIRTUAL BLUE Unisex,,hoka-1151990,ok
https://loplabbet.no/hoka-u-cielo-flyx-solar-flare-cerise-unisex-1151990,hoka,HOKA U CIELO FLYX SOLAR FLARE / CERISE Unisex,,hoka-1151990,ok
https://loplabbet.no/hoka-skyflow-birch-alabaster-herre-1155111,hoka,HOKA SKYFLOW BIRCH / ALABASTER Herre,,hoka-1155111,ok
https://loplabbet.no/hoka-skyflow-varsity-navy-electric-cobalt-herre-1155111,hoka,HOKA SKYFLOW VARSITY NAVY / ELECTRIC COBALT Herre,,hoka-1155111,ok
https://loplabbet.no/hoka-tecton-x-3-neon-hoka-citrus-black-herre-1155112,hoka,HOKA TECTON X 3 NEON HOKA CITRUS / BLACK Herre,,hoka-1155112,ok
https://loplabbet.no/hoka-tecton-x-3-stormy-skies-cerise-herre-1155112,hoka,HOKA TECTON X 3 STORMY SKIES / CERISE Herre,,hoka-1155112,ok
https://loplabbet.no/hoka-tecton-x-3-tart-apple-blue-twilight-herre-1155112,hoka,HOKA TECTON X 3 TART APPLE / BLUE TWILIGHT Herre,,hoka-1155112,ok
https://loplabbet.no/hoka-skyflow-midnight-pink-twilight-dame-1155113,hoka,HOKA SKYFLOW MIDNIGHT / PINK TWILIGHT Dame,,hoka-1155113,ok
https://loplabbet.no/hoka-w-skyflow-rose-cream-alabaster-dame-1155113,hoka,HOKA SKYFLOW ROSE CREAM / ALABASTER Dame,,hoka-1155113,ok
https://loplabbet.no/hoka-skyflow-starlight-glow-carnation-dame-1155113,hoka,HOKA SKYFLOW STARLIGHT GLOW / CARNATION Dame,,hoka-1155113,ok
https://loplabbet.no/hoka-tecton-x-3-mint-fluorite-varsity-navy-dame-1155114,hoka,HOKA TECTON X 3 MINT FLUORITE / VARSITY NAVY Dame,,hoka-1155114,ok
https://loplabbet.no/hoka-tecton-x-3-neon-hoka-citrus-black-dame-1155114,hoka,HOKA TECTON X 3 NEON HOKA CITRUS / BLACK Dame,,hoka-1155114,ok
https://loplabbet.no/hoka-tecton-x-3-stormy-skies-cerise-dame-1155114,hoka,HOKA TECTON X 3 STORMY SKIES / CERISE Dame,,hoka-1155114,ok
https://loplabbet.no/hoka-mach-x-2-frost-citrus-herre-1155119,hoka,HOKA MACH X 2 FROST / CITRUS Herre,,hoka-1155119,ok
https://loplabbet.no/hoka-mach-x-2-grapefruit-electric-coral-herre-1155119,hoka,HOKA MACH X 2 GRAPEFRUIT / ELECTRIC CORAL Herre,,hoka-1155119,ok
https://loplabbet.no/hoka-mach-x-2-frost-electric-aqua-dame-1155120,hoka,HOKA MACH X 2 FROST / ELECTRIC AQUA Dame,,hoka-1155120,ok
https://loplabbet.no/hoka-mach-x-2-grapefruit-electric-coral-dame-1155120,hoka,HOKA MACH X 2 GRAPEFRUIT / ELECTRIC CORAL Dame,,hoka-1155120,ok
https://loplabbet.no/hoka-m-speedgoat-6-gtx-black-outer-orbit-herre-1155150,hoka,HOKA SPEEDGOAT 6 GTX BLACK / OUTER ORBIT Herre,,hoka-1155150,ok
https://loplabbet.no/hoka-speedgoat-6-gtx-black-outer-orbit-dame-1155151,hoka,HOKA SPEEDGOAT 6 GTX BLACK / OUTER ORBIT Dame,,hoka-1155151,ok
https://loplabbet.no/hoka-speedgoat-6-gtx-bred-black-outer-orbit-herre-1155770,hoka,HOKA Speedgoat 6 GTX bred BLACK / OUTER ORBIT Herre,,hoka-1155770,ok
https://loplabbet.no/hoka-cielo-x1-20-frost-black-unisex-1162053,hoka,HOKA CIELO X1 2.0 FROST / BLACK Unisex,,hoka-1162053,ok
https://loplabbet.no/hoka-cielo-x1-20-frost-lava-unisex-1162053,hoka,HOKA CIELO X1 2.0 FROST / LAVA Unisex,,hoka-1162053,ok
https://loplabbet.no/hoka-cielo-x1-20-skyward-blue-cielo-blue-unisex-1162053,hoka,HOKA CIELO X1 2.0 SKYWARD BLUE / CIELO BLUE Unisex,,hoka-1162053,ok
https://loplabbet.no/hoka-mach-x-2-bred-black-electric-aqua-herre-1162390,hoka,HOKA MACH X 2 bred BLACK / ELECTRIC AQUA Herre,,hoka-1162390,ok
https://loplabbet.no/hoka-mach-x-2-bred-black-electric-aqua-dame-1162410,hoka,HOKA MACH X 2 bred BLACK / ELECTRIC AQUA Dame,,hoka-1162410,ok
https://loplabbet.no/hoka-mach-x-3-neon-hoka-citrus-neon-lime-herre-1168720,hoka,HOKA MACH X 3 NEON HOKA CITRUS / NEON LIME Herre,,hoka-1168720,ok
https://loplabbet.no/hoka-mach-x-3-neon-yuzu-squid-ink-herre-1168720,hoka,HOKA MACH X 3 NEON YUZU / SQUID INK Herre,,hoka-1168720,ok
https://loplabbet.no/hoka-mach-x-3-neon-rose-neon-tangerine-dame-1168721,hoka,HOKA MACH X 3 NEON ROSE / NEON TANGERINE Dame,,hoka-1168721,ok
https://loplabbet.no/hoka-mach-x-3-white-alabaster-dame-1168721,hoka,HOKA MACH X 3 WHITE / ALABASTER Dame,,hoka-1168721,ok
https://loplabbet.no/hoka-mafate-5-mineral-blue-washed-blue-herre-1168722,hoka,HOKA MAFATE 5 MINERAL BLUE / WASHED BLUE Herre,,hoka-1168722,ok
https://loplabbet.no/hoka-mafate-5-skyward-blue-black-herre-1168722,hoka,HOKA MAFATE 5 SKYWARD BLUE / BLACK Herre,,hoka-1168722,ok
https://loplabbet.no/hoka-mafate-5-ambient-blue-rosemary-dame-1168723,hoka,HOKA MAFATE 5 AMBIENT BLUE / ROSEMARY Dame,,hoka-1168723,ok
https://loplabbet.no/hoka-mafate-5-skyward-blue-black-dame-1168723,hoka,HOKA MAFATE 5 SKYWARD BLUE / BLACK Dame,,hoka-1168723,ok
https://loplabbet.no/hoka-rocket-x-3-sunlight-neon-hoka-citrus-unisex-1168724,hoka,HOKA ROCKET X 3 SUNLIGHT / NEON HOKA CITRUS Unisex,,hoka-1168724,ok
https://loplabbet.no/hoka-rocket-x-3-white-black-unisex-1168724,hoka,HOKA ROCKET X 3 WHITE / BLACK Unisex,,hoka-1168724,ok
https://loplabbet.no/hoka-mach-x-3-wide-neon-hoka-citrus-neon-lime-herre-1168871,hoka,HOKA MACH X 3 BRED NEON HOKA CITRUS / NEON LIME Herre,,hoka-1168871,ok
https://loplabbet.no/hoka-mach-7-frost-neon-yuzu-herre-1171904,hoka,HOKA MACH 7 FROST / NEON YUZU Herre,,hoka-1171904,ok
https://loplabbet.no/hoka-mach-7-virtual-blue-soft-cobalt-herre-1171904,hoka,HOKA MACH 7 VIRTUAL BLUE / SOFT COBALT Herre,,hoka-1171904,ok
https://loplabbet.no/hoka-skyward-x-2-grout-cobalt-herre-1171925,hoka,HOKA SKYWARD X 2 GROUT / COBALT Herre,,hoka-1171925,ok
https://loplabbet.no/hoka-skyward-x-2-lilac-cream-tangerine-glow-dame-1171926,hoka,HOKA SKYWARD X 2 LILAC CREAM / TANGERINE GLOW Dame,,hoka-1171926,ok
https://loplabbet.no/hoka-cielo-x1-30-neon-yuzu-thyme-unisex-1171927,hoka,HOKA CIELO X1 3.0 NEON YUZU / THYME Unisex,,hoka-1171927,ok
https://loplabbet.no/hoka-mach-7-frost-neon-yuzu-dame-1171938,hoka,HOKA MACH 7 FROST / NEON YUZU Dame,,hoka-1171938,ok
https://loplabbet.no/hoka-rocket-x-trail-black-skyward-blue-herre-1176330,hoka,HOKA ROCKET X TRAIL BLACK / SKYWARD BLUE Herre,,hoka-1176330,ok
https://loplabbet.no/hoka-rocket-x-trail-neon-yuzu-neon-flame-herre-1176330,hoka,HOKA ROCKET X TRAIL NEON YUZU / NEON FLAME Herre,,hoka-1176330,ok
https://loplabbet.no/hoka-rocket-x-trail-squid-ink-neon-nebula-herre-1176330,hoka,HOKA ROCKET X TRAIL SQUID INK / NEON NEBULA Herre,,hoka-1176330,ok
https://loplabbet.no/hoka-rocket-x-trail-black-skyward-blue-dame-1176331,hoka,HOKA ROCKET X TRAIL BLACK / SKYWARD BLUE Dame,,hoka-1176331,ok
https://loplabbet.no/hoka-rocket-x-trail-neon-yuzu-neon-flame-dame-1176331,hoka,HOKA ROCKET X TRAIL NEON YUZU / NEON FLAME Dame,,hoka-1176331,ok
https://loplabbet.no/hyperice-vyper-go-black-unisex-31020-006-00,hyperice,HYPERICE Vyper Go Black Unisex,,hyperice-31020-006-00,ok
https://loplabbet.no/hyperice-hyperice-hypersphere-mini-black-unisex-34000-001-00,hyperice,HYPERICE Hyperice Hypersphere Mini Black Unisex,,hyperice-34000-001-00,ok
https://loplabbet.no/hyperice-hypervolt-2-attachment-heads-gray-unisex-40018-001-00,hyperice,HYPERICE Hypervolt 2 Attachment Heads Gray Unisex,,hyperice-40018-001-00,ok
https://loplabbet.no/hyperice-hyperice-hypervolt-heated-head-black-unisex-40021-001-00,hyperice,HYPERICE Hyperice Hypervolt Heated Head Black Unisex,,hyperice-40021-001-00,ok
https://loplabbet.no/hyperice-hyperice-hypervolt-heated-head-svart-unisex-40021-001-00,hyperice,HYPERICE Hyperice Hypervolt Heated Head Svart Unisex,,hyperice-40021-001-00,ok
https://loplabbet.no/hyperice-hypervolt-2-slate-gray-unisex-53200-006-00,hyperice,HYPERICE Hypervolt 2 Slate Gray Unisex,,hyperice-53200-006-00,ok
https://loplabbet.no/hyperice-hypervolt-2-black-unisex-53200-038-01,hyperice,HYPERICE Hypervolt 2 Black Unisex,,hyperice-53200-038-01,ok
https://loplabbet.no/hyperice-hypervolt-go-2-arctic-gray-unisex-55200-006-00,hyperice,HYPERICE Hypervolt GO 2 Arctic Gray Unisex,,hyperice-55200-006-00,ok
https://loplabbet.no/hyperice-hypervolt-go-2-artic-grey-unisex-55205-001-00,hyperice,HYPERICE Hypervolt GO 2 Artic Grey Unisex,,hyperice-55205-001-00,ok
https://loplabbet.no/hyperice-hypervolt-go-2-black-unisex-55205-001-01,hyperice,HYPERICE Hypervolt GO 2 Black Unisex,,hyperice-55205-001-01,ok
https://loplabbet.no/hyperice-hypervolt-bt-black-unisex-700032,hyperice,HYPERICE Hypervolt BT black Unisex,,hyperice-700032,ok
https://loplabbet.no/iamrunbox-molle-straps-black-unisex-01ms19v02,iamrunbox,IAMRUNBOX Molle Straps Black Unisex,,iamrunbox-01ms19v02,ok
https://loplabbet.no/iamrunbox-rain-cover-orange-unisex-01rcvr19o,iamrunbox,IAMRUNBOX Rain Cover Orange Unisex,,iamrunbox-01rcvr19o,ok
https://loplabbet.no/iamrunbox-space-bag-black-unisex-01spcbg19b,iamrunbox,IAMRUNBOX Space Bag Black Unisex,,iamrunbox-01spcbg19b,ok
https://loplabbet.no/iamrunbox-pro-20-black-unisex-backpack-pro-20,iamrunbox,IAMRUNBOX Pro 2.0 BLACK Unisex,,iamrunbox-backpack-pro-20,ok
https://loplabbet.no/iamrunbox-backpack-pro-16-black-unisex-bbpp-16bb-05,iamrunbox,IAMRUNBOX Backpack Pro 16&quot; Black Unisex,,iamrunbox-bbpp-16bb-05,ok
https://loplabbet.no/iamrunbox-recycled-everyday-rolltop-black-unisex-evrrltp16lb,iamrunbox,IAMRUNBOX Recycled Everyday Rolltop Black Unisex,,iamrunbox-evrrltp16lb,ok
https://loplabbet.no/iamrunbox-recycled-everyday-rolltop-orange-unisex-evrrltp16lo,iamrunbox,IAMRUNBOX Recycled Everyday Rolltop Orange Unisex,,iamrunbox-evr-rltp-16l-o,ok
https://loplabbet.no/iamrunbox-removable-waist-pocket-belt-black-unisex-wstpcktbeltb,iamrunbox,IAMRUNBOX Removable Waist Pocket Belt Black Unisex,,iamrunbox-wstpcktbeltb,ok
https://loplabbet.no/icebug-newrun-bugrip-gtx-ablackpoison-herre-g18003-9,icebug,ICEBUG Newrun BUGrip GTX A/Black/Poison Herre,,icebug-g18003-9,ok
https://loplabbet.no/icebug-newrun-bugrip-gtx-ablackjademist-dame-g18004-9,icebug,ICEBUG NewRun BUGrip GTX A/Black/JadeMist Dame,,icebug-g18004-9,ok
https://loplabbet.no/icebug-arcus-bugrip-gtx-trueblack-herre-h70001-9,icebug,ICEBUG Arcus BUGrip GTX TrueBlack Herre,,icebug-h70001-9,ok
https://loplabbet.no/icebug-arcus-bugrip-gtx-trueblack-dame-h70002-9,icebug,ICEBUG Arcus BUGrip GTX TrueBlack Dame,,icebug-h70002-9,ok
https://loplabbet.no/icebug-floorsaver-black-unisex-x0314,icebug,ICEBUG FloorSaver Black Unisex,,icebug-x0314,ok
https://loplabbet.no/idk-butte-pigger-5-mm-unisex-100743,idk,IDK Butte Pigger 5 mm Unisex,,idk-100743,ok
https://loplabbet.no/injinji-trail-midweight-mini-crew-granite-unisex-ij0007,injinji,INJINJI Trail Midweight Mini-Crew Granite Unisex,,injinji-ij0007,ok
https://loplabbet.no/injinji-sokk-ultra-run-no-show-onyx-unisex-ij0023,injinji,INJINJI Ultra Run No-Show Onyx Unisex,,injinji-ij0023,ok
https://loplabbet.no/injinji-ultra-run-mini-crew-onyx-unisex-ij0025,injinji,INJINJI Ultra Run Mini-Crew Onyx Unisex,,injinji-ij0025,ok
https://loplabbet.no/injinji-sokk-ultra-run-crew-obsidian-unisex-ij0027,injinji,INJINJI Sokk Ultra Run Crew Obsidian Unisex,,injinji-ij0027,ok
https://loplabbet.no/injinji-run-lightweight-no-show-white-unisex-ij0029,injinji,INJINJI Run Lightweight No-Show White Unisex,,injinji-ij0029,ok
https://loplabbet.no/injinji-run-lightweight-mini-crew-black-unisex-ij0030,injinji,INJINJI Run Lightweight Mini-Crew Black Unisex,,injinji-ij0030,ok
https://loplabbet.no/injinji-outdoor-midweight-crew-wool-slate-unisex-ij0034,injinji,INJINJI Outdoor Midweight Crew Wool Slate Unisex,,injinji-ij0034,ok
https://loplabbet.no/inov-8-terraultra-g-260-unisex-gnbkgreenblack-unisex,inov,"INOV-8 TerraUltra G 260, unisex GNBK/Green/Black Unisex",,inov-8-000835-gnbk-s-01,ok
https://loplabbet.no/inov-8-trailroc-g-280-blbkblueblack-herre-000859-blbk-m-01,inov,INOV-8 Trailroc G 280 BLBK/Blue/Black Herre,,inov-000859-blbk-m-01,ok
https://loplabbet.no/inov-8-trailroc-g-280-rdorredorange-herre-000859-rdor-m-01,inov,INOV-8 Trailroc G 280 RDOR/Red/Orange Herre,,inov-8-000859-rdor-m-01,ok
https://loplabbet.no/inov-8-trailroc-g-280-pkywpinkyellow-dame-000860-pkyw-m-01,inov,INOV-8 Trailroc G 280 PKYW/Pink/Yellow Dame,,inov-8-000860-pkyw-m-01,ok
https://loplabbet.no/inov-8-trailroc-g-280-plbkpurpleblack-dame-000860-plbk-m-01,inov,INOV-8 Trailroc G 280 PLBK/Purple/Black Dame,,inov-8-000860-plbk-m-01,ok
https://loplabbet.no/inov-8-terraultra-g-260-herre-blgybluegrey-herre,inov,"INOV-8 TerraUltra G 260, herre BLGY/Blue/Grey Herre",,inov-blgybluegrey-herre,ok
https://loplabbet.no/inov-8-terraultra-g-260-rdgyredgrey-dame-000863-rdgy-s-01,inov,INOV-8 TerraUltra G 260 RDGY/Red/Grey Dame,,inov-8-000863-rdgy-s-01,ok
https://loplabbet.no/inov-8-x-talon-g-235-orbkorangeblack-herre-000910-orbk-p-01,inov,INOV-8 X-Talon G 235 ORBK/Orange/Black Herre,,inov-8-000910-orbk-p-01,ok
https://loplabbet.no/inov-8-x-talon-g-235-orbkorangeblack-dame-000911-orbk-p-01,inov,INOV-8 X-Talon G 235 ORBK/Orange/Black Dame,,inov-8-000911-orbk-p-01,ok
https://loplabbet.no/inov-8-x-talon-g-210-v20-dame-blbkblueblack-dame,inov,"INOV-8 X-Talon G 210, V20, dame BLBK/Blue/Black Dame",,inov-blbkblueblack-dame,ok
https://loplabbet.no/inov-8-trailfly-ultra-g-300-max-greenblack-herre-000977,inov,INOV-8 Trailfly Ultra G 300 Max GREEN/BLACK Herre,,inov-000977,ok
https://loplabbet.no/inov-8-trailfly-ultra-g-300-max-greenblack-dame-000978,inov-8,INOV-8 Trailfly Ultra G 300 Max GREEN/BLACK Dame,,inov-8-000978,ok
https://loplabbet.no/inov-8-x-talon-g210-ywbkyellowblack-herre-000985-ywbk-p-01,inov,INOV-8 X-Talon G210 YWBK/Yellow/Black Herre,,inov-000985-ywbk-p-01,ok
https://loplabbet.no/inov-8-trailfly-g-270-bluenectar-herre-001058,inov,INOV-8 Trailfly G 270 BLUE/NECTAR Herre,,inov-001058,ok
https://loplabbet.no/inov-8-trailflytm-g-270-pinemint-dame-001059,inov,INOV-8 TrailFly™ G 270 PINE/MINT Dame,,inov-001059,ok
https://loplabbet.no/inov-8-trailflytm-g-270-v2-bluenectar-herre-001065,inov,INOV-8 TrailFly™ G 270 V2 BLUE/NECTAR Herre,,inov-001065,ok
https://loplabbet.no/kahtoola-nanospikesr-brodder-unisex-k040,kahtoola,"KAHTOOLA NANOspikes®, Brodder. Unisex",,kahtoola-k040,ok
https://loplabbet.no/kahtoola-nanospikes-footwear-traction-v2-xs-olympic-coast-unisex-kt05101,kahtoola,"KAHTOOLA NANOspikes Footwear Traction v2, XS Olympic Coast Unisex",,kahtoola-kt05101,ok
https://loplabbet.no/kahtoola-nanospikes-footwear-traction-v2-s-olympic-coast-unisex-kt05102,kahtoola,"KAHTOOLA NANOspikes Footwear Traction v2, S Olympic Coast Unisex",,kahtoola-kt05102,ok
https://loplabbet.no/kahtoola-nanospikes-footwear-traction-v2-m-olympic-coast-unisex-kt05103,kahtoola,"KAHTOOLA NANOspikes Footwear Traction v2, M Olympic Coast Unisex",,kahtoola-kt05103,ok
https://loplabbet.no/kahtoola-nanospikes-footwear-traction-v2-l-olympic-coast-unisex-kt05104,kahtoola,"KAHTOOLA NANOspikes Footwear Traction v2, L Olympic Coast Unisex",,kahtoola-kt05104,ok
https://loplabbet.no/kahtoola-nanospikes-footwear-traction-v2-xl-olympic-coast-unisex-kt05105,kahtoola,"KAHTOOLA NANOspikes Footwear Traction v2, XL Olympic Coast Unisex",,kahtoola-kt05105,ok
https://loplabbet.no/kahtoola-nanospikes-footwear-traction-v2-xs-charcoalred-unisex-kt05106,kahtoola,"KAHTOOLA NANOspikes Footwear Traction v2, XS Charcoal/Red Unisex",,kahtoola-kt05106,ok
https://loplabbet.no/kahtoola-nanospikes-footwear-traction-v2-s-charcoalred-unisex-kt05107,kahtoola,"KAHTOOLA NANOspikes Footwear Traction v2, S Charcoal/Red Unisex",,kahtoola-kt05107,ok
https://loplabbet.no/kahtoola-nanospikes-footwear-traction-v2-m-charcoalred-unisex-kt05108,kahtoola,"KAHTOOLA NANOspikes Footwear Traction v2, M Charcoal/Red Unisex",,kahtoola-kt05108,ok
https://loplabbet.no/kahtoola-nanospikes-footwear-traction-v2-l-charcoalred-unisex-kt05109,kahtoola,"KAHTOOLA NANOspikes Footwear Traction v2, L Charcoal/Red Unisex",,kahtoola-kt05109,ok
https://loplabbet.no/kahtoola-nanospikes-footwear-traction-v2-xl-charcoalred-unisex-kt05110,kahtoola,"KAHTOOLA NANOspikes Footwear Traction v2, XL Charcoal/Red Unisex",,kahtoola-kt05110,ok
https://loplabbet.no/kahtoola-exospikestm-black-xs-black-unisex-kt10006,kahtoola,KAHTOOLA EXOspikes™ BLACK XS Black Unisex,,kahtoola-kt10006,ok
https://loplabbet.no/kahtoola-exospikestm-black-s-black-unisex-kt10007,kahtoola,KAHTOOLA EXOspikes™ BLACK S Black Unisex,,kahtoola-kt10007,ok
https://loplabbet.no/kahtoola-exospikestm-black-m-black-unisex-kt10008,kahtoola,KAHTOOLA EXOspikes™ BLACK M Black Unisex,,kahtoola-kt10008,ok
https://loplabbet.no/kahtoola-exospikestm-black-l-black-unisex-kt10009,kahtoola,KAHTOOLA EXOspikes™ BLACK L Black Unisex,,kahtoola-kt10009,ok
https://loplabbet.no/kahtoola-exospikestm-black-xl-black-unisex-kt10010,kahtoola,KAHTOOLA EXOspikes™ BLACK XL Black Unisex,,kahtoola-kt10010,ok
https://loplabbet.no/klaveness-termofelt-bruddsale-venstre-unisex-ms-0958l,klaveness,"KLAVENESS Termofelt Bruddsåle, venstre Unisex",,klaveness-ms-0958l,ok
https://loplabbet.no/klaveness-termofelt-bruddsale-hoyre-unisex-ms-0958r,klaveness,"KLAVENESS Termofelt Bruddsåle, høyre Unisex",,klaveness-ms-0958r,ok
https://loplabbet.no/loplabbet-lopeboka-unisex-10011,l-plabbet,LÖPLABBET Løpeboka Unisex,,l-plabbet-10011,ok
https://loplabbet.no/loplabbet-refleksvest-svart-unisex-11001,l-plabbet,LÖPLABBET Refleksvest Svart Unisex,,l-plabbet-11001,ok
https://loplabbet.no/loplabbet-running-hat-navy-unisex-sb-100001,l-plabbet-sb,LÖPLABBET Running Hat Navy Unisex,,l-plabbet-sb-100001,ok
https://loplabbet.no/loplabbet-running-neck-warmer-black-unisex-sb-100005,l-plabbet-sb,LÖPLABBET Running Neck Warmer Black Unisex,,l-plabbet-sb-100005,ok
https://loplabbet.no/loplabbet-reflekssele-bla-unisex-sb-100006,loplabbet,LÖPLABBET Reflekssele svart Blå Unisex,,loplabbet-sb-100006,ok
https://loplabbet.no/loplabbet-reflekssele-svart-unisex-sb-100006,l-plabbet-sb,LÖPLABBET Reflekssele Svart Unisex,,l-plabbet-sb-100006,ok
https://loplabbet.no/loplabbet-reflekssele-bla-unisex-sb-100007,l-plabbet-sb,LÖPLABBET Reflekssele Blå Unisex,,l-plabbet-sb-100007,ok
https://loplabbet.no/loplabbet-reflekssele-svart-unisex-sb-100007,loplabbet,LÖPLABBET Reflekssele blå Svart Unisex,,loplabbet-sb-100007,ok
https://loplabbet.no/la-sportiva-prodigio-pro-hurricaneapricot-herre-zfrs100,la,LA SPORTIVA Prodigio Pro Hurricane/Apricot Herre,,la-sportiva-zfrs100,ok
https://loplabbet.no/la-sportiva-prodigio-pro-night-skyrosebed-dame-zfrs101,la,LA SPORTIVA Prodigio Pro Night Sky/Rosebed Dame,,la-sportiva-zfrs101,ok
https://loplabbet.no/ledlenser-hodelykt-neo5r-blackgrey-unisex-ll502323,ledlenser,LEDLENSER Hodelykt NEO5R Black/grey Unisex,,ledlenser-ll502323,ok
https://loplabbet.no/ledlenser-hodelykt-neo9r-blackgrey-unisex-ll502324,ledlenser,LEDLENSER Hodelykt NEO9R Black/Grey Unisex,,ledlenser-ll502324,ok
https://loplabbet.no/ledlenser-hodelykt-neo1r-blackgrey-unisex-ll502712,ledlenser,LEDLENSER Hodelykt NEO1R Black/Grey Unisex,,ledlenser-ll502712,ok
https://loplabbet.no/leki-rubber-tip-trekking-and-hiking-black-unisex-88211010,leki,LEKI Rubber tip Trekking &amp; Hiking BLACK Unisex,,leki-88211010,ok
https://loplabbet.no/lifesystems-overlevelsespose-thermal-bag-orange-unisex-ls42130,lifesystems,LIFESYSTEMS Overlevelsespose Thermal Bag Orange Unisex,,lifesystems-ls42130,ok
https://loplabbet.no/lungplus-lungplus-sport-unisex-101,lungplus,LUNGPLUS Lungplus Sport Unisex,,lungplus-101,ok
https://loplabbet.no/mads-drange-rivalene-unisex-111235,mads,MADS DRANGE Rivalene Unisex,,mads-111235,ok
https://loplabbet.no/marus-bakken-loping-raskere-og-skadefri-nc-unisex-110011,marus,MARUS BAKKEN Løping! - raskere og skadefri NC,,marus-110011,ok
https://loplabbet.no/maurten-drink-mix-160-box-of-18-unisex-10102box,maurten,MAURTEN Drink Mix 160 - box of 18 Unisex,,maurten-10102box,ok
https://loplabbet.no/maurten-drink-mix-160-box-of-18-nc-unisex-10102box,maurten,MAURTEN Drink Mix 160 - box of 18 NC Unisex,,maurten-10102-box,ok
https://loplabbet.no/maurten-drink-mix-160-unisex-10102stk,maurten,MAURTEN Drink Mix 160 Unisex,,maurten-10102stk,ok
https://loplabbet.no/maurten-drink-mix-160-40gr-nc-unisex-10102stk,maurten,MAURTEN Drink Mix 160 - 40gr NC Unisex,,maurten-10102-stk,ok
https://loplabbet.no/maurten-drink-mix-320-box-of-14-unisex-10202box,maurten,MAURTEN Drink Mix 320 - box of 14 Unisex,,maurten-10202box,ok
https://loplabbet.no/maurten-drink-mix-320-box-of-14-nc-unisex-10202box,maurten,MAURTEN Drink Mix 320 - box of 14 NC Unisex,,maurten-10202-box,ok
https://loplabbet.no/maurten-drink-mix-320-unisex-10202stk,maurten,MAURTEN Drink Mix 320 Unisex,,maurten-10202stk,ok
https://loplabbet.no/maurten-drink-mix-320-nc-unisex-10202stk,maurten,MAURTEN Drink Mix 320 NC Unisex,,maurten-10202-stk,ok
https://loplabbet.no/maurten-drink-mix-320-caf-100-unisex,maurten,MAURTEN Drink Mix 320 Caf 100 Unisex,,,ok
https://loplabbet.no/maurten-drink-mix-320-caf-100-box-of-14-unisex-10402box,maurten,MAURTEN Drink Mix 320 CAF 100 - box of 14 Unisex,,maurten-10402box,ok
https://loplabbet.no/maurten-drink-mix-320-box-of-14-nc-unisex-10402box,maurten,MAURTEN Drink Mix 320 - box of 14 NC Unisex,,maurten-10402-box,ok
https://loplabbet.no/maurten-drink-mix-320-unisex-10402stk,maurten,MAURTEN Drink Mix 320 Unisex,,maurten-10402stk,ok
https://loplabbet.no/maurten-drink-mix-320-83gr-nc-unisex-10402stk,maurten,MAURTEN Drink Mix 320 - 83gr NC Unisex,,maurten-10402-stk,ok
https://loplabbet.no/maurten-drikkeflaske-500ml-unisex-11901,maurten,MAURTEN Drikkeflaske 500ml Unisex,,maurten-11901,ok
https://loplabbet.no/maurten-drikkeflaske-750ml-unisex-11903,maurten,MAURTEN Drikkeflaske 750ml Unisex,,maurten-11903,ok
https://loplabbet.no/maurten-maurten-gel-100-box-of-12-unisex-12002box,maurten,MAURTEN Maurten Gel 100 - box of 12 Unisex,,maurten-12002box,ok
https://loplabbet.no/maurten-gel-100-box-of-12-nc-unisex-12002box,maurten,MAURTEN GEL 100 - box of 12 NC Unisex,,maurten-12002-box,ok
https://loplabbet.no/maurten-gel-100-unisex-12002stk,maurten,MAURTEN Gel 100 Unisex,,maurten-12002stk,ok
https://loplabbet.no/maurten-gel-100-40gr-nc-unisex-12002stk,maurten,MAURTEN GEL 100 - 40gr NC Unisex,,maurten-12002-stk,ok
https://loplabbet.no/maurten-gel-160-box-of-10-unisex-12102box,maurten,MAURTEN GEL 160 - box of 10 Unisex,,maurten-12102box,ok
https://loplabbet.no/maurten-gel-160-box-of-10-nc-unisex-12102box,maurten,MAURTEN GEL 160 - box of 10 NC Unisex,,maurten-12102box,ok
https://loplabbet.no/maurten-gel-160-unisex-12102stk,maurten,MAURTEN GEL 160 Unisex,,maurten-12102stk,ok
https://loplabbet.no/maurten-gel-160-nc-unisex-12102stk,maurten,MAURTEN GEL 160 NC Unisex,,maurten-12102-stk,ok
https://loplabbet.no/maurten-gel-160-box-of-12-black-unisex-12103,maurten,MAURTEN GEL 160 - box of 12 Black Unisex,,maurten-12103,ok
https://loplabbet.no/maurten-maurten-gel-100-caf-100-box-of-12-unisex-13002box,maurten,MAURTEN Maurten Gel 100 Caf 100 - box of 12 Unisex,,maurten-13002box,ok
https://loplabbet.no/maurten-gel-100-caf-100-box-of-12-nc-unisex-13002box,maurten,MAURTEN GEL 100 CAF 100 - box of 12 NC Unisex,,maurten-13002-box,ok
https://loplabbet.no/maurten-gel-100-caf-100-unisex-13002stk,maurten,MAURTEN Gel 100 Caf 100 Unisex,,maurten-13002stk,ok
https://loplabbet.no/maurten-gel-caf-100-40gr-nc-unisex-13002stk,maurten,MAURTEN GEL CAF 100 - 40gr NC Unisex,,maurten-13002-stk,ok
https://loplabbet.no/maurten-solid-225-unisex-14103stk,maurten,MAURTEN SOLID 225 Unisex,,maurten-14103stk,ok
https://loplabbet.no/maurten-solid-160-unisex-14106stk,maurten,MAURTEN SOLID 160 Unisex,,maurten-14106stk,ok
https://loplabbet.no/maurten-solid-160-nc-unisex-14106stk,maurten,MAURTEN SOLID 160 NC Unisex,,maurten-14106-stk,ok
https://loplabbet.no/maurten-solid-c-225-unisex-14203stk,maurten,MAURTEN SOLID C 225 Unisex,,maurten-14203stk,ok
https://loplabbet.no/maurten-solid-c-160-unisex-14206stk,maurten,MAURTEN SOLID C 160 Unisex,,maurten-14206stk,ok
https://loplabbet.no/maurten-solid-c-160-nc-unisex-14206stk,maurten,MAURTEN SOLID C 160 NC Unisex,,maurten-14206-stk,ok
https://loplabbet.no/maurten-starter-kit-svart-unisex-211022,maurten,MAURTEN Starter Kit Svart Unisex,,maurten-211022,ok
https://loplabbet.no/maurten-gel-160-black-unisex,maurten,MAURTEN Gel 160 Black Unisex,,,ok
https://loplabbet.no/maurten-soft-flask-drink-550ml-unisex-211045,maurten,MAURTEN Soft flask Drink 550ml Unisex,,maurten-211045,ok
https://loplabbet.no/maurten-soft-flask-gel-150ml-unisex-211046,maurten,MAURTEN Soft flask Gel 150ml Unisex,,maurten-211046,ok
https://loplabbet.no/maurten-maurten-marathon-pack-svart-unisex-211054,maurten,MAURTEN MAURTEN Marathon Pack Svart Unisex,,maurten-211054,ok
https://loplabbet.no/maurten-bicarb-system-12-black-unisex-211063,maurten,MAURTEN BICARB System 12 Black Unisex,,maurten-211063,ok
https://loplabbet.no/maurten-bicarb-system-15-black-unisex-211064,maurten,MAURTEN BICARB System 15 Black Unisex,,maurten-211064,ok
https://loplabbet.no/maurten-bicarb-system-19-black-unisex-211065,maurten,MAURTEN BICARB System 19 Black Unisex,,maurten-211065,ok
https://loplabbet.no/maurten-bicarb-system-22-black-unisex-211066,maurten,MAURTEN BICARB System 22 Black Unisex,,maurten-211066,ok
https://loplabbet.no/maurten-bicarb-system-25-black-unisex-211067,maurten,MAURTEN BICARB System 25 Black Unisex,,maurten-211067,ok
https://loplabbet.no/maurten-gel-100-box-of-12-unisex-211075,maurten,MAURTEN GEL 100 box of 12 Unisex,,maurten-211075,ok
https://loplabbet.no/maurten-addition-apple-box-of-6-servings-unisex-211076,maurten,MAURTEN Addition Apple - box of 6 servings Unisex,,maurten-211076,ok
https://loplabbet.no/maurten-addition-cola-box-of-6-servings-unisex-211077,maurten,MAURTEN Addition Cola - box of 6 servings Unisex,,maurten-211077,ok
https://loplabbet.no/maurten-addition-menthol-box-of-6-servings-unisex-211078,maurten,MAURTEN Addition Menthol - box of 6 servings Unisex,,maurten-211078,ok
https://loplabbet.no/maurten-addition-orange-box-of-6-servings-unisex-211079,maurten,MAURTEN Addition Orange - box of 6 servings Unisex,,maurten-211079,ok
https://loplabbet.no/maurten-solid-225-unisex,maurten,MAURTEN SOLID 225 Unisex,,,ok
https://loplabbet.no/maurten-solid-c-225-unisex,maurten,MAURTEN SOLID C 225 Unisex,,,ok
https://loplabbet.no/miiego-miibuds-action-sort-unisex-11060,miiego,MIIEGO Miibuds Action Sort Unisex,,miiego-11060,ok
https://loplabbet.no/miiego-miirhythm-sort-unisex-11065,miiego,MIIEGO Miirhythm Sort Unisex,,miiego-11065,ok
https://loplabbet.no/miiego-miiband-sort-unisex-13030,miiego,MIIEGO MIIBAND Sort Unisex,,miiego-13030,ok
https://loplabbet.no/mizuno-mizuno-neo-vista-2-dazzling-bluewhitelightning-yellow-herre-j1gc2534,mizuno,MIZUNO MIZUNO NEO VISTA 2 Dazzling Blue/White/Lightning Yellow Herre,,mizuno-j1gc2534,ok
https://loplabbet.no/mizuno-wave-rebellion-flash-3-dazzling-bluesurf-the-webfortune-yellow-herre-j1gc2535,mizuno,MIZUNO Wave Rebellion Flash 3 Dazzling Blue/Surf the Web/Fortune Yellow Herre,,mizuno-j1gc2535,ok
https://loplabbet.no/mizuno-hyperwarp-pure-whitelightning-yellowdazzling-blue-unisex-j1gc2670,mizuno,MIZUNO HYPERWARP PURE White/Lightning Yellow/Dazzling Blue Unisex,,mizuno-j1gc2670,ok
https://loplabbet.no/mizuno-hyperwarp-pro-whitelightning-yellowdazzling-blue-unisex-j1gc2672,mizuno,MIZUNO HYPERWARP PRO White/Lightning Yellow/Dazzling Blue Unisex,,mizuno-j1gc2672,ok
https://loplabbet.no/mizuno-mizuno-neo-zen-2-whiteestate-bluelightning-yellow-herre-j1gc2686,mizuno,MIZUNO MIZUNO NEO ZEN 2 White/Estate Blue/Lightning Yellow Herre,,mizuno-j1gc2686,ok
https://loplabbet.no/mizuno-mizuno-neo-vista-2-ultramarinewhitelightning-yellow-dame-j1gd2534,mizuno,MIZUNO MIZUNO NEO VISTA 2 Ultramarine/White/Lightning Yellow Dame,,mizuno-j1gd2534,ok
https://loplabbet.no/mizuno-wave-rebellion-flash-3-ultramarinedazzling-bluefortune-yellow-dame-j1gd2535,mizuno,MIZUNO Wave Rebellion Flash 3 Ultramarine/Dazzling Blue/Fortune Yellow Dame,,mizuno-j1gd2535,ok
https://loplabbet.no/mizuno-mizuno-neo-zen-2-whiteultramarinelightning-yellow-dame-j1gd2686,mizuno,MIZUNO MIZUNO NEO ZEN 2 White/Ultramarine/Lightning Yellow Dame,,mizuno-j1gd2686,ok
https://loplabbet.no/mizuno-neo-vista-3-whiteblackorangecom-herre-j1gm2610,mizuno,MIZUNO NEO VISTA 3 White/Black/Orange.com Herre,,mizuno-j1gm2610,ok
https://loplabbet.no/mizuno-neo-vista-3-whiteflamingo-corallime-pulp-dame-j1gw2610,mizuno,MIZUNO NEO VISTA 3 White/Flamingo Coral/Lime Pulp Dame,,mizuno-j1gw2610,ok
https://loplabbet.no/moonlight-bright-as-day-800-02sort-unisex-7000000003042,moonlight,MOONLIGHT Bright as Day 800 02/Sort Unisex,,moonlight-7000000003042,ok
https://loplabbet.no/moonlight-bright-as-day-800-sort-unisex-7000000003042,moonlight,MOONLIGHT Bright as Day 800 Sort Unisex,,moonlight-7000000003042,ok
https://loplabbet.no/nathan-run-laces-black-unisex-1170n,nathan,NATHAN Run Laces Black Unisex,,nathan-1170n,ok
https://loplabbet.no/nathan-run-laces-pink-unisex-1170n,nathan,NATHAN Run Laces Pink Unisex,,nathan-1170n,ok
https://loplabbet.no/nathan-run-laces-royal-blue-unisex-1170n,nathan,NATHAN Run Laces Royal Blue Unisex,,nathan-1170n,ok
https://loplabbet.no/nathan-run-laces-sour-green-apple-unisex-1170n,nathan,NATHAN Run Laces Sour Green Apple Unisex,,nathan-1170n,ok
https://loplabbet.no/nathan-run-laces-white-unisex-1170n,nathan,NATHAN Run Laces White Unisex,,nathan-1170n,ok
https://loplabbet.no/nathan-the-zipster-15black-unisex-7702n,nathan,NATHAN The Zipster 15/Black Unisex,,nathan-7702n,ok
https://loplabbet.no/nathan-trail-mix-plus-2-15black-unisex-ns4640,nathan,NATHAN Trail Mix Plus 2 15/Black Unisex,,nathan-ns4640,ok
https://loplabbet.no/nathan-zipster-15black-unisex-ns7702,nathan,NATHAN Zipster 15/Black Unisex,,nathan-ns7702,ok
https://loplabbet.no/new-balance-high-pony-performance-hat-white-dame-lah21103,new,NEW BALANCE High Pony Performance Hat White Dame,,new-lah21103,ok
https://loplabbet.no/new-balance-new-balance-fresh-foam-x-1080v13-white-herre-m108013a,new,NEW BALANCE New Balance Fresh Foam X 1080v13 WHITE Herre,,new-m108013a,ok
https://loplabbet.no/new-balance-freshfoam-1080-v14-wide-earth-shadow-herre-m108014f-2e,new,NEW BALANCE FreshFoam 1080 v14 BRED EARTH SHADOW Herre,,new-balance-m108014f-2e,ok
https://loplabbet.no/new-balance-freshfoam-1080-v14-m-earth-shadow-herre-m108014f,new,NEW BALANCE FreshFoam 1080 v14 EARTH SHADOW Herre,,new-balance-m108014f,ok
https://loplabbet.no/new-balance-infinion-1080-v15-alkaline-green-herre-m10802xq,new,NEW BALANCE Infinion 1080 v15 ALKALINE GREEN Herre,,new-balance-m10802xq,ok
https://loplabbet.no/new-balance-fresh-foam-x-1080v13-marine-blue-herre-m1080b13,new,NEW BALANCE Fresh Foam X 1080v13 MARINE BLUE Herre,,new-m1080b13,ok
https://loplabbet.no/new-balance-fresh-foam-x-1080v13-1b-bredde-grey-matter-herre-m1080i13,new,NEW BALANCE Fresh Foam X 1080v13 1B-bredde GREY MATTER Herre,,new-m1080i13,ok
https://loplabbet.no/new-balance-1080-v12-vibrant-orange-herre-m1080m12,new,NEW BALANCE 1080 V12 VIBRANT ORANGE Herre,,new-m1080m12,ok
https://loplabbet.no/new-balance-new-balance-fresh-foam-x-1080v13-black-herre-m1080m13,new,NEW BALANCE New Balance Fresh Foam X 1080v13 BLACK Herre,,new-m1080m13,ok
https://loplabbet.no/new-balance-freshfoam-860-v14-blue-gemstone-herre-m86014e,new,NEW BALANCE FreshFoam 860 v14 BLUE GEMSTONE Herre,,new-balance-m86014e,ok
https://loplabbet.no/new-balance-freshfoam-860-v15-reflection-herre-m8603tw,new,NEW BALANCE FreshFoam 860 v15 REFLECTION Herre,,new-balance-m8603tw,ok
https://loplabbet.no/new-balance-freshfoam-860-v15-fairweather-blue-herre-m8607b2,new,NEW BALANCE FreshFoam 860 v15 FAIRWEATHER BLUE Herre,,new-m8607b2,ok
https://loplabbet.no/new-balance-new-balance-freshfoam-860v14-blue-oasis-herre-m860r14d,new,NEW BALANCE New Balance FreshFoam 860v14 BLUE OASIS Herre,,new-m860r14d,ok
https://loplabbet.no/new-balance-freshfoam-860v14-arctic-grey-herre-m860t14,new,NEW BALANCE FreshFoam 860v14 ARCTIC GREY Herre,,new-balance-m860t14,ok
https://loplabbet.no/new-balance-freshfoam-880-v15-vintage-indigo-herre-m8801mj,new,NEW BALANCE FreshFoam 880 v15 VINTAGE INDIGO Herre,,new-m8801mj,ok
https://loplabbet.no/new-balance-freshfoam-880-v15-grey-matter-herre-m8801zt,new,NEW BALANCE FreshFoam 880 v15 GREY MATTER Herre,,new-m8801zt,ok
https://loplabbet.no/new-balance-freshfoam-880-v15-bred-altitude-herre-m88049z-2e,new,NEW BALANCE FreshFoam 880 v15 BRED ALTITUDE Herre,,new-balance-m88049z-2e,ok
https://loplabbet.no/new-balance-freshfoam-880-v15-altitude-herre-m88049z,new,NEW BALANCE FreshFoam 880 v15 ALTITUDE Herre,,new-balance-m88049z,ok
https://loplabbet.no/new-balance-fresh-foam-880-v14-inkwell-herre-m880a14d,new,NEW BALANCE Fresh Foam 880 v14 INKWELL Herre,,new-balance-m880a14d,ok
https://loplabbet.no/new-balance-freshfoam-880v14-bred-black-herre-m880b142e,new,NEW BALANCE FreshFoam 880v14 Bred BLACK Herre,,new-balance-m880b142e,ok
https://loplabbet.no/new-balance-freshfoam-880v14-black-herre-m880b14d,new,NEW BALANCE FreshFoam 880v14 BLACK Herre,,new-m880b14d,ok
https://loplabbet.no/new-balance-fresh-foam-880v-v14-white-herre-m880c14,new,NEW BALANCE Fresh Foam 880v V14 WHITE Herre,,new-balance-m880c14,ok
https://loplabbet.no/new-balance-880-v10-gtx-herre-blablack-herre,new,"NEW BALANCE 880 V10 GTX, herre BLA/BLACK Herre",,new-blablack-herre,ok
https://loplabbet.no/new-balance-freshfoam-880v15-sea-stone-herre-m880i15,new,NEW BALANCE FreshFoam 880v15 SEA STONE Herre,,new-m880i15,ok
https://loplabbet.no/new-balance-fresh-foam-x-880-v13-extra-wide-black-herre-m880k13,new,NEW BALANCE Fresh Foam X 880 v13 extra wide BLACK Herre,,new-m880k13,ok
https://loplabbet.no/new-balance-fresh-foam-x-880-v13-wide-phantom-herre-m880k13-wide,new,NEW BALANCE Fresh Foam X 880 v13 wide PHANTOM Herre,,new-m880k13-wide,ok
https://loplabbet.no/new-balance-fresh-foam-x-880-v13-black-herre-m880m13,new,NEW BALANCE Fresh Foam X 880 v13 BLACK Herre,,new-balance-m880m13,ok
https://loplabbet.no/new-balance-fresh-foam-x-880-v13-nb-navy-herre-m880n13,new,NEW BALANCE Fresh Foam X 880 v13 NB NAVY Herre,,new-balance-m880n13,ok
https://loplabbet.no/new-balance-freshfoam-ellipse-afterglow-herre-melps78s,new,NEW BALANCE Ellipse AFTERGLOW Herre,,new-balance-melps78s,ok
https://loplabbet.no/new-balance-fuelcell-rebel-v5-alkaline-green-herre-mfcx4tr,new,NEW BALANCE FuelCell Rebel v5 ALKALINE GREEN Herre,,new-balance-mfcx4tr,ok
https://loplabbet.no/new-balance-fuelcell-rebel-v5-pistachio-butter-herre-mfcx8qy,new,NEW BALANCE FuelCell Rebel v5 PISTACHIO BUTTER Herre,,new-balance-mfcx8qy,ok
https://loplabbet.no/new-balance-fuelcell-rebel-v4-clay-ash-herre-mfcxce4,new,NEW BALANCE FuelCell Rebel v4 CLAY ASH Herre,,new-mfcxce4,ok
https://loplabbet.no/new-balance-fuelcell-rebel-v4-blue-herre-mfcxch4d,new,NEW BALANCE FuelCell Rebel v4 BLUE Herre,,new-balance-mfcxch4d,ok
https://loplabbet.no/new-balance-fuelcell-rebel-v4-hot-mango-herre-mfcxco4,new,NEW BALANCE FuelCell Rebel v4 HOT MANGO Herre,,new-balance-mfcxco4,ok
https://loplabbet.no/new-balance-fuelcell-rebel-v2-blackpink-glo-herre-mfcxcp2,new,NEW BALANCE Fuelcell Rebel V2 BLACK/PINK GLO Herre,,new-balance-mfcxcp2,ok
https://loplabbet.no/new-balance-fuelcell-rebel-v5-urgent-red-herre-mfcxla5,new,NEW BALANCE FuelCell Rebel v5 URGENT RED Herre,,new-mfcxla5,ok
https://loplabbet.no/new-balance-new-balance-fuelcell-rebel-v4-magnet-herre-mfcxlb4,new,NEW BALANCE New Balance FuelCell Rebel v4 MAGNET Herre,,new-balance-mfcxlb4,ok
https://loplabbet.no/new-balance-new-balance-fuelcell-rebel-v4-linen-unisex-mfcxld4,new,NEW BALANCE New Balance FuelCell Rebel v4 LINEN Unisex,,new-balance-mfcxld4,ok
https://loplabbet.no/new-balance-new-balance-fuelcell-rebel-v4-graphite-herre-mfcxlk4d,new,NEW BALANCE New Balance FuelCell Rebel v4 GRAPHITE Herre,,new-mfcxlk4d,ok
https://loplabbet.no/new-balance-new-balance-fuelcell-rebel-v4-white-herre-mfcxll4,new,NEW BALANCE New Balance FuelCell Rebel v4 WHITE Herre,,new-mfcxll4,ok
https://loplabbet.no/new-balance-fuelcell-rebel-v5-urgent-red-herre-mfcxlv5,new,NEW BALANCE FuelCell Rebel v5 URGENT RED Herre,,new-balance-mfcxlv5,ok
https://loplabbet.no/new-balance-graphic-impact-run-packable-jacket-eclipse-herre-mj21265,new,NEW BALANCE Graphic Impact Run Packable Jacket ECLIPSE Herre,,new-balance-mj21265,ok
https://loplabbet.no/new-balance-graphic-impact-run-packable-jacket-heritage-blue-herre-mj21265,new,NEW BALANCE Graphic Impact Run Packable Jacket HERITAGE BLUE Herre,,new-mj21265,ok
https://loplabbet.no/new-balance-fresh-foam-x-more-v4-black-herre-mmorcd4,new,NEW BALANCE Fresh Foam X More v4 BLACK Herre,,new-balance-mmorcd4,ok
https://loplabbet.no/new-balance-fresh-foam-x-more-v4-nb-navy-herre-mmorcn4,new,NEW BALANCE Fresh Foam X More v4 NB NAVY Herre,,new-mmorcn4,ok
https://loplabbet.no/new-balance-fresh-foam-x-more-v4-aluminum-herre-mmorco4,new,NEW BALANCE Fresh Foam X More V4 ALUMINUM Herre,,new-mmorco4,ok
https://loplabbet.no/new-balance-freshfoam-more-v5-grey-herre-mmorlj5d,new,NEW BALANCE FreshFoam More v5 GREY Herre,,new-mmorlj5d,ok
https://loplabbet.no/new-balance-freshfoam-more-v5-black-herre-mmorlk5,new,NEW BALANCE FreshFoam More v5 BLACK Herre,,new-mmorlk5,ok
https://loplabbet.no/new-balance-new-balance-impact-woven-pant-black-herre-mp21272,new,NEW BALANCE New Balance Impact Woven Pant BLACK Herre,,new-mp21272,ok
https://loplabbet.no/new-balance-impact-run-luminous-heat-tight-black-herre-mp33258,new,NEW BALANCE Impact Run Luminous Heat Tight BLACK Herre,,new-balance-mp33258,ok
https://loplabbet.no/new-balance-fuelcell-supercomp-elite-v5-alkaline-green-herre-mrcel55l,new,NEW BALANCE FuelCell SuperComp Elite v5 ALKALINE GREEN Herre,,new-balance-mrcel55l,ok
https://loplabbet.no/new-balance-fuelcell-supercomp-elite-v5-boysenberry-herre-mrcel79h,new,NEW BALANCE FuelCell SuperComp Elite v5 BOYSENBERRY Herre,,new-balance-mrcel79h,ok
https://loplabbet.no/new-balance-supercomp-elite-v3-electric-indigo-herre-mrcelce3,new,NEW BALANCE SuperComp Elite V3 ELECTRIC INDIGO Herre,,new-mrcelce3,ok
https://loplabbet.no/new-balance-fuelcell-supercomp-elite-v3-cosmic-pineapple-herre-mrcelcp3,new,NEW BALANCE FuelCell Supercomp Elite V3 COSMIC PINEAPPLE Herre,,new-mrcelcp3,ok
https://loplabbet.no/new-balance-fuelcell-supercomp-elite-v4-pink-herre-mrcelcp4d,new,NEW BALANCE FuelCell SuperComp Elite v4 PINK Herre,,new-balance-mrcelcp4d,ok
https://loplabbet.no/new-balance-supercomp-elite-v3-thirty-watt-herre-mrcelct3,new,NEW BALANCE SuperComp Elite V3 THIRTY WATT Herre,,new-mrcelct3,ok
https://loplabbet.no/new-balance-fuelcell-supercomp-elite-v4-green-herre-mrcelct4d,new,NEW BALANCE FuelCell SuperComp Elite v4 GREEN Herre,,new-balance-mrcelct4d,ok
https://loplabbet.no/new-balance-fuelcell-supercomp-elite-v4-white-herre-mrcelcw4,new,NEW BALANCE FuelCell SuperComp Elite v4 WHITE Herre,,new-balance-mrcelcw4,ok
https://loplabbet.no/new-balance-fuelcell-supercomp-elite-v4-white-herre-mrcella4,new,NEW BALANCE FuelCell Supercomp Elite V4 WHITE Herre,,new-mrcella4,ok
https://loplabbet.no/new-balance-new-balance-fuelcell-supercomp-elite-v4-wide-bleached-lime-glo-herre-mrcelln4,new,NEW BALANCE New Balance FuelCell SuperComp Elite v4 wide BLEACHED LIME GLO Herre,,new-mrcelln4,ok
https://loplabbet.no/new-balance-fuelcell-supercomp-elite-v5-wide-urgent-red-herre-mrcellr5-2e,new,NEW BALANCE FuelCell SuperComp Elite v5 BRED URGENT RED Herre,,new-balance-mrcellr5-2e,ok
https://loplabbet.no/new-balance-fuelcell-supercomp-elite-v5-urgent-red-herre-mrcellr5,new,NEW BALANCE FuelCell SuperComp Elite v5 URGENT RED Herre,,new-balance-mrcellr5,ok
https://loplabbet.no/new-balance-fuelcell-supercomp-trainer-v3-fairweather-blue-herre-mrcx17a,new,NEW BALANCE FuelCell SuperComp Trainer v3 FAIRWEATHER BLUE Herre,,new-balance-mrcx17a,ok
https://loplabbet.no/new-balance-fuelcell-supercomp-trainer-v3-mosaic-green-herre-mrcx25r,new,NEW BALANCE FuelCell SuperComp Trainer v3 MOSAIC GREEN Herre,,new-balance-mrcx25r,ok
https://loplabbet.no/new-balance-fuelcell-supercomp-trainer-v2-herre-black-herre-mrcxbk3,new,"NEW BALANCE FuelCell SuperComp Trainer, v2 herre BLACK Herre",,new-black-herre-mrcxbk3,ok
https://loplabbet.no/new-balance-supercomp-trainer-black-herre-mrcxbm2,new,NEW BALANCE Supercomp Trainer BLACK Herre,,new-mrcxbm2,ok
https://loplabbet.no/new-balance-fuelcell-supercomp-trainer-v2-white-herre-mrcxca3,new,NEW BALANCE FuelCell SuperComp Trainer v2 WHITE Herre,,new-mrcxca3,ok
https://loplabbet.no/new-balance-fuelcell-supercomp-trainer-v3-angora-herre-mrcxca4,new,NEW BALANCE FuelCell SuperComp Trainer v3 ANGORA Herre,,new-balance-mrcxca4,ok
https://loplabbet.no/new-balance-fuelcell-supercomp-trainer-v3-melon-water-herre-mrcxcg4,new,NEW BALANCE FuelCell SuperComp Trainer v3 MELON WATER Herre,,new-balance-mrcxcg4,ok
https://loplabbet.no/new-balance-fuelcell-supercomp-trainer-v2-neon-dragonfly-herre-mrcxck3,new,NEW BALANCE FuelCell SuperComp Trainer v2 NEON DRAGONFLY Herre,,new-mrcxck3,ok
https://loplabbet.no/new-balance-fuelcell-supercomp-trainer-v3-black-herre-mrcxlb4d,new,NEW BALANCE FuelCell SuperComp Trainer v3 BLACK Herre,,new-balance-mrcxlb4d,ok
https://loplabbet.no/new-balance-supercomp-trainer-blue-herre-mrcxlg2,new,NEW BALANCE Supercomp Trainer BLUE Herre,,new-mrcxlg2,ok
https://loplabbet.no/new-balance-supercomp-trainer-v3-white-herre-mrcxlw4d,new,NEW BALANCE FuelCell SuperComp Trainer v3 WHITE Herre,,new-balance-mrcxlw4d,ok
https://loplabbet.no/new-balance-fuelcell-tc-herre-blublue-herre,new,"NEW BALANCE Fuelcell TC, herre BLU/BLUE Herre",,new-balance-mrcxvh1,ok
https://loplabbet.no/new-balance-fuelcell-supercomp-trainer-v3-m-urgent-red-herre-mrcxy4-2e,new,NEW BALANCE FuelCell SuperComp Trainer v3 bred URGENT RED Herre,,new-balance-mrcxy4-2e,ok
https://loplabbet.no/new-balance-fuelcell-supercomp-trainer-v3-urgent-red-herre-mrcxy4,new,NEW BALANCE FuelCell SuperComp Trainer v3 URGENT RED Herre,,new-balance-mrcxy4,ok
https://loplabbet.no/new-balance-q-speed-fuel-2-in-1-5-inch-short-herre-black-herre,new,"NEW BALANCE Q Speed Fuel 2 in 1 5 inch Short, herre BLACK Herre",,new-black-herre,ok
https://loplabbet.no/new-balance-impact-run-5-inch-short-heritage-blue-herre-ms21268,new,NEW BALANCE Impact Run 5 Inch Short HERITAGE BLUE Herre,,new-ms21268,ok
https://loplabbet.no/new-balance-q-speed-6-inch-2-in-1-short-black-herre-ms33282,new,NEW BALANCE Q Speed 6 Inch 2-in-1 Short BLACK Herre,,new-ms33282,ok
https://loplabbet.no/new-balance-rc-short-5-black-herre-ms41286,new,NEW BALANCE RC Short 5&quot; BLACK Herre,,new-ms41286,ok
https://loplabbet.no/new-balance-graphic-impact-run-short-sleeve-navy-multi-herre-mt21277,new,NEW BALANCE Graphic Impact Run Short Sleeve NAVY MULTI Herre,,new-mt21277,ok
https://loplabbet.no/new-balance-heat-grid-half-zip-athletic-grey-herre-mt23252,new,NEW BALANCE Heat Grid Half Zip ATHLETIC GREY Herre,,new-mt23252,ok
https://loplabbet.no/new-balance-heat-grid-half-zip-cayenne-herre-mt23252,new,NEW BALANCE Heat Grid Half Zip CAYENNE Herre,,new-mt23252,ok
https://loplabbet.no/new-balance-q-speed-jacquard-short-sleeve-thirty-watt-herre-mt33281,new,NEW BALANCE Q Speed Jacquard Short Sleeve THIRTY WATT Herre,,new-mt33281,ok
https://loplabbet.no/new-balance-athletics-run-t-shirt-black-herre-mt41253,new,NEW BALANCE Athletics Run T-Shirt BLACK Herre,,new-mt41253,ok
https://loplabbet.no/new-balance-athletics-run-t-shirt-blue-agate-herre-mt41253,new,NEW BALANCE Athletics Run T-Shirt BLUE AGATE Herre,,new-mt41253,ok
https://loplabbet.no/new-balance-athletics-run-t-shirt-blue-oasis-heather-herre-mt41253,new,NEW BALANCE Athletics Run T-Shirt BLUE OASIS HEATHER Herre,,new-mt41253,ok
https://loplabbet.no/new-balance-athletics-run-long-sleeve-t-shirt-athletic-grey-herre-mt41256,new,NEW BALANCE Athletics Run Long Sleeve T-Shirt ATHLETIC GREY Herre,,new-mt41256,ok
https://loplabbet.no/new-balance-athletics-heat-grid-12-zip-athletic-grey-herre-mt43204,new,NEW BALANCE Athletics Heat Grid 1/2 Zip ATHLETIC GREY Herre,,new-mt43204,ok
https://loplabbet.no/new-balance-minimus-trail-black-herre-mtm10ly1d,new,NEW BALANCE Minimus Trail BLACK Herre,,new-balance-mtm10ly1d,ok
https://loplabbet.no/new-balance-fuel-cell-supercomp-trail-neon-dragonfly-herre-mttrxld,new,NEW BALANCE Fuel Cell Supercomp Trail NEON DRAGONFLY Herre,,new-mttrxld,ok
https://loplabbet.no/new-balance-fresh-foam-vongo-v5-oxygen-blue-herre-mvngobp5,new,NEW BALANCE Fresh Foam Vongo V5 OXYGEN BLUE Herre,,new-balance-mvngobp5,ok
https://loplabbet.no/new-balance-fresh-foam-x-vongo-v5-graphite-herre-mvngocd5,new,NEW BALANCE Fresh Foam X Vongo v5 GRAPHITE Herre,,new-mvngocd5,ok
https://loplabbet.no/new-balance-fresh-foam-x-vongo-v5-cobalt-herre-mvngocg5,new,NEW BALANCE Fresh Foam X Vongo V5 COBALT Herre,,new-balance-mvngocg5,ok
https://loplabbet.no/new-balance-new-balance-supercomp-md-x-white-unisex-umdelre2,new,NEW BALANCE New Balance Supercomp MD-X WHITE Unisex,,new-umdelre2,ok
https://loplabbet.no/new-balance-freshfoam-1080-v14-narrow-earth-shadow-dame-w108014e-2a,new,NEW BALANCE FreshFoam 1080 v14 SMAL EARTH SHADOW Dame,,new-balance-w108014e-2a,ok
https://loplabbet.no/new-balance-freshfoam-1080-v14-w-earth-shadow-dame-w108014e,new,NEW BALANCE FreshFoam 1080 v14 EARTH SHADOW Dame,,new-balance-w108014e,ok
https://loplabbet.no/new-balance-infinion-1080-v15-pink-heat-dame-w1080940,new,NEW BALANCE Infinion 1080 v15 PINK HEAT Dame,,new-w1080940,ok
https://loplabbet.no/new-balance-1080-f12-phantomblack-dame-w1080f12,new,NEW BALANCE 1080 F12 PHANTOM/BLACK Dame,,new-w1080f12,ok
https://loplabbet.no/new-balance-fresh-foam-x-1080-v13-sea-salt-dame-w1080f13,new,NEW BALANCE Fresh Foam X 1080 V13 SEA SALT Dame,,new-w1080f13,ok
https://loplabbet.no/new-balance-new-balance-freshfoam-1080v13-black-dame-w1080k13b,new,NEW BALANCE New Balance FreshFoam 1080v13 BLACK Dame,,new-w1080k13b,ok
https://loplabbet.no/new-balance-1080-v11-pale-blue-chill-dame-w1080l11,new,NEW BALANCE 1080 V11 PALE BLUE CHILL Dame,,new-w1080l11,ok
https://loplabbet.no/new-balance-1080-v12-vibrant-apricot-dame-w1080m12,new,NEW BALANCE 1080 V12 VIBRANT APRICOT Dame,,new-w1080m12,ok
https://loplabbet.no/new-balance-new-balance-fresh-foam-x-1080v13-sea-salt-dame-w1080o13,new,NEW BALANCE New Balance Fresh Foam X 1080v13 SEA SALT Dame,,new-w1080o13,ok
https://loplabbet.no/new-balance-1080-v11-dame-turquoise-dame,new,"NEW BALANCE 1080 V11, dame TURQUOISE Dame",,new-balance-w1080s11,ok
https://loplabbet.no/new-balance-freshfoam-860-v14-frosted-glass-dame-w86014e,new,NEW BALANCE FreshFoam 860 v14 FROSTED GLASS Dame,,new-balance-w86014e,ok
https://loplabbet.no/new-balance-freshfoam-860-v15-bred-sea-salt-dame-w8602jm-d,new,NEW BALANCE FreshFoam 860 v15 Bred SEA SALT Dame,,new-balance-w8602jm-d,ok
https://loplabbet.no/new-balance-freshfoam-860-v15-smal-fairweather-blue-dame-w86038b-2a,new,NEW BALANCE FreshFoam 860 v15 SMAL FAIRWEATHER BLUE Dame,,new-balance-w86038b-2a,ok
https://loplabbet.no/new-balance-freshfoam-860-v15-bred-fairweather-blue-dame-w86038b-d,new,NEW BALANCE FreshFoam 860 v15 BRED FAIRWEATHER BLUE Dame,,new-balance-w86038b-d,ok
https://loplabbet.no/new-balance-freshfoam-860-v15-fairweather-blue-dame-w86038b,new,NEW BALANCE FreshFoam 860 v15 FAIRWEATHER BLUE Dame,,new-balance-w86038b,ok
https://loplabbet.no/new-balance-freshfoam-860v14-dark-arctic-grey-dame-w860l14,new,NEW BALANCE FreshFoam 860v14 DARK ARCTIC GREY Dame,,new-balance-w860l14,ok
https://loplabbet.no/new-balance-new-balance-freshfoam-860v14-sea-salt-dame-w860w14b,new,NEW BALANCE New Balance FreshFoam 860v14 SEA SALT Dame,,new-w860w14b,ok
https://loplabbet.no/new-balance-freshfoam-880-v15-sea-salt-dame-w8801s6,new,NEW BALANCE FreshFoam 880 v15 SEA SALT Dame,,new-w8801s6,ok
https://loplabbet.no/new-balance-freshfoam-880-v15-smal-bright-mint-dame-w8803ss-2a,new,NEW BALANCE FreshFoam 880 v15 SMAL BRIGHT MINT Dame,,new-balance-w8803ss-2a,ok
https://loplabbet.no/new-balance-freshfoam-880-v15-bright-mint-dame-w8803ss,new,NEW BALANCE FreshFoam 880 v15 BRIGHT MINT Dame,,new-balance-w8803ss,ok
https://loplabbet.no/new-balance-freshfoam-880-v15-bred-bright-mint-dame-w8803ss-d,new,NEW BALANCE FreshFoam 880 v15 BRED BRIGHT MINT Dame,,new-balance-w8803ss-d,ok
https://loplabbet.no/new-balance-freshfoam-880-v15-glint-blue-dame-w880411,new,NEW BALANCE FreshFoam 880 v15 GLINT BLUE Dame,,new-balance-w880411,ok
https://loplabbet.no/new-balance-fresh-foam-x-880-v13-stone-pink-dame-w880c13,new,NEW BALANCE Fresh Foam X 880 v13 STONE PINK Dame,,new-w880c13,ok
https://loplabbet.no/new-balance-freshfoam-880v15-pearl-grey-dame-w880c15,new,NEW BALANCE FreshFoam 880v15 PEARL GREY Dame,,new-w880c15,ok
https://loplabbet.no/new-balance-fresh-foam-880-v14-quarry-blue-dame-w880j14b,new,NEW BALANCE Fresh Foam 880 v14 QUARRY BLUE Dame,,new-w880j14b,ok
https://loplabbet.no/new-balance-fresh-foam-x-880-v13-black-dame-w880k13,new,NEW BALANCE Fresh Foam X 880 V13 BLACK Dame,,new-w880k13,ok
https://loplabbet.no/new-balance-fresh-foam-x-880-v13-blacktop-dame-w880k13,new,NEW BALANCE Fresh Foam X 880 V13 BLACKTOP Dame,,new-balance-w880k13,ok
https://loplabbet.no/new-balance-fresh-foam-x-880-v13-wide-blacktop-dame-w880k13-wide,new,NEW BALANCE Fresh Foam X 880 V13 wide BLACKTOP Dame,,new-w880k13-wide,ok
https://loplabbet.no/new-balance-fresh-foam-880-v14-sea-salt-dame-w880r14,new,NEW BALANCE Fresh Foam 880 V14 SEA SALT Dame,,new-balance-w880r14,ok
https://loplabbet.no/new-balance-880-gtx-v11-black-dame-w880x11,new,NEW BALANCE 880 GTX V11 BLACK Dame,,new-balance-w880x11,ok
https://loplabbet.no/new-balance-fresh-foam-x-880-v13-black-dame-w880y13,new,NEW BALANCE Fresh Foam X 880 V13 BLACK Dame,,new-balance-w880y13,ok
https://loplabbet.no/new-balance-freshfoam-ellipse-afterglow-dame-welps8nk,new,NEW BALANCE Ellipse AFTERGLOW Dame,,new-balance-welps8nk,ok
https://loplabbet.no/new-balance-fuelcell-rebel-v5-alkaline-green-dame-wfcx3pe,new,NEW BALANCE FuelCell Rebel v5 ALKALINE GREEN Dame,,new-balance-wfcx3pe,ok
https://loplabbet.no/new-balance-fuelcell-rebel-v4-clay-ash-dame-wfcxca4,new,NEW BALANCE FuelCell Rebel v4 CLAY ASH Dame,,new-wfcxca4,ok
https://loplabbet.no/new-balance-fuelcell-rebel-v4-hot-mango-dame-wfcxcc4,new,NEW BALANCE FuelCell Rebel v4 HOT MANGO Dame,,new-balance-wfcxcc4,ok
https://loplabbet.no/new-balance-fuelcell-rebel-v4-blue-dame-wfcxch4b,new,NEW BALANCE FuelCell Rebel v4 BLUE Dame,,new-wfcxch4b,ok
https://loplabbet.no/new-balance-fuelcell-rebel-v2-blackpurple-dame-wfcxcv2,new,NEW BALANCE Fuelcell Rebel V2 BLACK/PURPLE Dame,,new-balance-wfcxcv2,ok
https://loplabbet.no/new-balance-fuelcell-rebel-v5-urgent-red-dame-wfcxl5a,new,NEW BALANCE FuelCell Rebel v5 URGENT RED Dame,,new-balance-wfcxl5a,ok
https://loplabbet.no/new-balance-fuelcell-rebel-v4-white-dame-wfcxla4,new,NEW BALANCE FuelCell Rebel v4 WHITE Dame,,new-wfcxla4,ok
https://loplabbet.no/new-balance-new-balance-fuelcell-rebel-v4-graphite-dame-wfcxlk4b,new,NEW BALANCE New Balance FuelCell Rebel v4 GRAPHITE Dame,,new-wfcxlk4b,ok
https://loplabbet.no/new-balance-fuelcell-rebel-v5-urgent-red-dame-wfcxlq5,new,NEW BALANCE FuelCell Rebel v5 URGENT RED Dame,,new-wfcxlq5,ok
https://loplabbet.no/new-balance-impact-run-light-pack-jacket-black-dame-wj21264,new,NEW BALANCE Impact Run Light Pack Jacket BLACK Dame,,new-wj21264,ok
https://loplabbet.no/new-balance-run-light-pack-jacket-stone-pink-dame-wj21265,new,NEW BALANCE Run Light Pack Jacket STONE PINK Dame,,new-wj21265,ok
https://loplabbet.no/new-balance-fresh-foam-x-more-v4-black-dame-wmorbk4,new,NEW BALANCE Fresh Foam X More v4 BLACK Dame,,new-wmorbk4,ok
https://loplabbet.no/new-balance-fresh-foam-x-more-v4-gulf-red-dame-wmorcj4,new,NEW BALANCE Fresh Foam X More v4 GULF RED Dame,,new-wmorcj4,ok
https://loplabbet.no/new-balance-fresh-foam-x-more-v4-blue-dame-wmorck4,new,NEW BALANCE Fresh Foam X More V4 Blue Dame,,new-wmorck4,ok
https://loplabbet.no/new-balance-fresh-foam-x-more-v4-marine-blue-dame-wmorct4,new,NEW BALANCE Fresh Foam X More v4 MARINE BLUE Dame,,new-wmorct4,ok
https://loplabbet.no/new-balance-freshfoam-more-v5-black-dame-wmorlk5,new,NEW BALANCE FreshFoam More v5 BLACK Dame,,new-wmorlk5,ok
https://loplabbet.no/new-balance-freshfoam-more-v5-pink-dame-wmorlt5b,new,NEW BALANCE FreshFoam More v5 PINK Dame,,new-wmorlt5b,ok
https://loplabbet.no/new-balance-impact-run-tight-natural-indigo-dame-wp21273,new,NEW BALANCE Impact Run Tight NATURAL INDIGO Dame,,new-wp21273,ok
https://loplabbet.no/new-balance-impact-run-tight-blue-haze-heather-dame-wp21274,new,NEW BALANCE Impact Run Tight BLUE HAZE HEATHER Dame,,new-wp21274,ok
https://loplabbet.no/new-balance-impact-run-luminous-heat-tight-black-dame-wp33258,new,NEW BALANCE Impact Run Luminous Heat Tight BLACK Dame,,new-wp33258,ok
https://loplabbet.no/new-balance-fuelcell-supercomp-elite-v5-pink-heat-dame-wrcel4yx,new,NEW BALANCE FuelCell SuperComp Elite v5 PINK HEAT Dame,,new-balance-wrcel4yx,ok
https://loplabbet.no/new-balance-fuelcell-supercomp-elite-v5-boysenberry-dame-wrcel7uh,new,NEW BALANCE FuelCell SuperComp Elite v5 BOYSENBERRY Dame,,new-balance-wrcel7uh,ok
https://loplabbet.no/new-balance-fuelcell-supercomp-elite-v4-pink-dame-wrcelcp4b,new,NEW BALANCE FuelCell SuperComp Elite v4 PINK Dame,,new-balance-wrcelcp4b,ok
https://loplabbet.no/new-balance-supercomp-elite-v3-thirty-watt-dame-wrcelct3,new,NEW BALANCE SuperComp Elite V3 THIRTY WATT Dame,,new-wrcelct3,ok
https://loplabbet.no/new-balance-fuelcell-supercomp-elite-v4-green-dame-wrcelct4b,new,NEW BALANCE FuelCell SuperComp Elite v4 GREEN Dame,,new-balance-wrcelct4b,ok
https://loplabbet.no/new-balance-fuelcell-supercomp-elite-v4-white-dame-wrcelcw4,new,NEW BALANCE FuelCell SuperComp Elite v4 WHITE Dame,,new-balance-wrcelcw4,ok
https://loplabbet.no/new-balance-fuelcell-supercomp-elite-v4-white-dame-wrcella4,new,NEW BALANCE FuelCell Supercomp Elite V4 WHITE Dame,,new-wrcella4,ok
https://loplabbet.no/new-balance-fuelcell-supercomp-elite-v3-white-dame-wrcelle3,new,NEW BALANCE FuelCell Supercomp Elite V3 WHITE Dame,,new-wrcelle3,ok
https://loplabbet.no/new-balance-fuelcell-supercomp-elite-v5-wide-urgent-red-dame-wrcellr5-d,new,NEW BALANCE FuelCell SuperComp Elite v5 BRED URGENT RED Dame,,new-balance-wrcellr5-d,ok
https://loplabbet.no/new-balance-fuelcell-supercomp-elite-v5-urgent-red-dame-wrcellr5,new,NEW BALANCE FuelCell SuperComp Elite v5 URGENT RED Dame,,new-balance-wrcellr5,ok
https://loplabbet.no/new-balance-fuelcell-supercomp-trainer-v3-glint-blue-dame-wrcx76e,new,NEW BALANCE FuelCell SuperComp Trainer v3 GLINT BLUE Dame,,new-balance-wrcx76e,ok
https://loplabbet.no/new-balance-fuelcell-supercomp-trainer-v3-truffle-salt-dame-wrcx7rc,new,NEW BALANCE FuelCell SuperComp Trainer v3 TRUFFLE SALT Dame,,new-balance-wrcx7rc,ok
https://loplabbet.no/new-balance-fuelcell-supercomp-trainer-v2-black-dame-wrcxbk3,new,NEW BALANCE FuelCell SuperComp Trainer V2 BLACK Dame,,new-wrcxbk3,ok
https://loplabbet.no/new-balance-supercomp-trainer-black-dame-wrcxbm2,new,NEW BALANCE Supercomp Trainer BLACK Dame,,new-wrcxbm2,ok
https://loplabbet.no/new-balance-fuelcell-supercomp-trainer-v2-white-dame-wrcxca3,new,NEW BALANCE FuelCell SuperComp Trainer V2 WHITE Dame,,new-wrcxca3,ok
https://loplabbet.no/new-balance-fuelcell-supercomp-trainer-v3-angora-dame-wrcxca4,new,NEW BALANCE FuelCell SuperComp Trainer v3 ANGORA Dame,,new-balance-wrcxca4,ok
https://loplabbet.no/new-balance-fuelcell-supercomp-trainer-v3-melon-water-dame-wrcxcg4,new,NEW BALANCE FuelCell SuperComp Trainer v3 MELON WATER Dame,,new-balance-wrcxcg4,ok
https://loplabbet.no/new-balance-supercomp-trainer-electric-red-dame-wrcxcr2,new,NEW BALANCE Supercomp Trainer ELECTRIC RED Dame,,new-wrcxcr2,ok
https://loplabbet.no/new-balance-fuelcell-supercomp-trainer-v3-sea-salt-dame-wrcxcs4,new,NEW BALANCE FuelCell SuperComp Trainer v3 SEA SALT Dame,,new-balance-wrcxcs4,ok
https://loplabbet.no/new-balance-supercomp-trainer-green-dame-wrcxlm2,new,NEW BALANCE Supercomp Trainer GREEN Dame,,new-wrcxlm2,ok
https://loplabbet.no/new-balance-fuelcell-supercomp-trainer-v3-white-dame-wrcxlw4b,new,NEW BALANCE FuelCell SuperComp Trainer v3 WHITE Dame,,new-balance-wrcxlw4b,ok
https://loplabbet.no/new-balance-fuelcell-supercomp-trainer-v2-neon-dragonfly-dame-wrcxly3,new,NEW BALANCE FuelCell SuperComp Trainer V2 NEON DRAGONFLY Dame,,new-wrcxly3,ok
https://loplabbet.no/new-balance-new-balance-fuelcell-tc-vicvivid-coral-dame-wrcxvc1,new,NEW BALANCE New Balance Fuelcell TC VIC/VIVID CORAL Dame,,new-wrcxvc1,ok
https://loplabbet.no/new-balance-impact-run-fitted-short-black-dame-ws11260,new,NEW BALANCE Impact Run Fitted Short BLACK Dame,,new-ws11260,ok
https://loplabbet.no/new-balance-q-speed-shape-shield-fitted-short-black-dame-ws33283,new,NEW BALANCE Q Speed Shape Shield Fitted Short BLACK Dame,,new-balance-ws33283,ok
https://loplabbet.no/new-balance-heat-grid-half-zip-black-dame-wt13269,new,NEW BALANCE Heat Grid Half Zip BLACK Dame,,new-wt13269,ok
https://loplabbet.no/new-balance-q-speed-jacquard-short-sleeve-dame-vibrant-spring-glo-dame,new,"NEW BALANCE Q Speed Jacquard Short Sleeve, dame VIBRANT SPRING GLO Dame",,new-vibrant-spring-glo-dame,ok
https://loplabbet.no/new-balance-q-speed-jacquard-short-sleeve-vibrant-violet-dame-wt13277,new,NEW BALANCE Q Speed Jacquard Short Sleeve VIBRANT VIOLET Dame,,new-balance-wt13277,ok
https://loplabbet.no/new-balance-heat-grid-half-zip-grey-violet-heather-dame-wt23252,new,NEW BALANCE Heat Grid Half Zip GREY VIOLET HEATHER Dame,,new-wt23252,ok
https://loplabbet.no/new-balance-heat-grid-half-zip-raisin-heather-dame-wt23252,new,NEW BALANCE Heat Grid Half Zip RAISIN HEATHER Dame,,new-wt23252,ok
https://loplabbet.no/new-balance-heat-grid-half-zip-sea-salt-heather-dame-wt23252,new,NEW BALANCE Heat Grid Half Zip SEA SALT HEATHER Dame,,new-wt23252,ok
https://loplabbet.no/new-balance-q-speed-jacquard-short-sleeve-thirty-watt-dame-wt33281,new,NEW BALANCE Q Speed Jacquard Short Sleeve THIRTY WATT Dame,,new-wt33281,ok
https://loplabbet.no/new-balance-athletics-tank-blue-agate-heather-dame-wt41250,new,NEW BALANCE Athletics Tank BLUE AGATE HEATHER Dame,,new-wt41250,ok
https://loplabbet.no/new-balance-athletics-long-sleeve-nb-navy-heather-dame-wt41256,new,NEW BALANCE Athletics Long Sleeve NB NAVY HEATHER Dame,,new-wt41256,ok
https://loplabbet.no/new-balance-athletics-heat-grid-half-zip-sparrow-heather-dame-wt43200,new,NEW BALANCE Athletics Heat Grid Half Zip SPARROW HEATHER Dame,,new-balance-wt43200,ok
https://loplabbet.no/new-balance-fuel-cell-supercomp-trail-neon-dragonfly-dame-wttrxld,new,NEW BALANCE Fuel Cell Supercomp Trail NEON DRAGONFLY Dame,,new-wttrxld,ok
https://loplabbet.no/new-balance-fresh-foam-vongo-v4-dame-blublue-dame,new,"NEW BALANCE Fresh Foam Vongo V4, dame BLU/BLUE Dame",,new-balance-wvngoaj4,ok
https://loplabbet.no/new-balance-vongo-v5-dame-black-dame,new,"NEW BALANCE Vongo V5, dame BLACK Dame",,new-balance-wvngobs5,ok
https://loplabbet.no/new-balance-fresh-foam-x-vongo-v5-washed-pink-dame-wvngocp5,new,NEW BALANCE Fresh Foam X Vongo V5 WASHED PINK Dame,,new-wvngocp5,ok
https://loplabbet.no/new-balance-fresh-foam-vongo-v5-garnet-dame-wvngogp5,new,NEW BALANCE Fresh Foam Vongo V5 GARNET Dame,,new-balance-wvngogp5,ok
https://loplabbet.no/nike-zoom-victory-2-060dark-charcoalatomic-red-black-herre-555365,nike,NIKE Zoom Victory 2 060/DARK CHARCOAL/ATOMIC RED-BLACK Herre,,nike-555365,ok
https://loplabbet.no/nike-nike-zoom-victory-2-100whiteblack-racer-blue-herre-555365,nike,NIKE Nike Zoom Victory 2 100/WHITE/BLACK-RACER BLUE Herre,,nike-555365,ok
https://loplabbet.no/nike-nike-zoom-sd-4-track-and-field-throwi-anthracitefierce-pink-black-unisex-685135,nike,NIKE Nike Zoom SD 4 Track &amp; Field Throwi ANTHRACITE/FIERCE PINK-BLACK Unisex,,nike-685135,ok
https://loplabbet.no/nike-nike-zoom-sd-4-track-and-field-throwi-racer-bluewhite-lime-blast-unisex-685135,nike,NIKE Nike Zoom SD 4 Track &amp; Field Throwi RACER BLUE/WHITE-LIME BLAST Unisex,,nike-685135,ok
https://loplabbet.no/nike-zoom-sd-4-whiteblack-hyper-pink-laser-orange-unisex-685135,nike,NIKE Zoom SD 4 WHITE/BLACK-HYPER PINK-LASER ORANGE Unisex,,nike-685135,ok
https://loplabbet.no/nike-zoom-rival-d-9-100whiteblack-racer-blue-unisex-806556,nike,NIKE Zoom Rival D 9 100/WHITE/BLACK-RACER BLUE Unisex,,nike-806556,ok
https://loplabbet.no/nike-zoom-rival-d-9-413hypr-cbltwhite-black-ghst-grn-unisex-806556,nike,NIKE Zoom Rival D 9 413/HYPR CBLT/WHITE-BLACK-GHST GRN Unisex,,nike-806556,ok
https://loplabbet.no/nike-high-jump-elite-anthracitefierce-pink-black-unisex-806561,nike,NIKE High Jump Elite ANTHRACITE/FIERCE PINK-BLACK Unisex,,nike-806561,ok
https://loplabbet.no/nike-high-jump-elite-whiteblack-hyper-pink-laser-orange-unisex-806561,nike,NIKE High Jump Elite WHITE/BLACK-HYPER PINK-LASER ORANGE Unisex,,nike-806561,ok
https://loplabbet.no/nike-zoom-victory-3-001phantomoil-grey-unisex-835997,nike,NIKE Zoom Victory 3 001/PHANTOM/OIL GREY Unisex,,nike-835997,ok
https://loplabbet.no/nike-nike-zoom-victory-3-unisex-017blackwhite-volt-unisex-835997,nike,NIKE Zoom Victory 3 017/BLACK/WHITE-VOLT Unisex,,nike-835997,ok
https://loplabbet.no/nike-zoom-victory-3-404hydrogen-blueblack-sky-grey-unisex-835997,nike,NIKE Zoom Victory 3 404/HYDROGEN BLUE/BLACK-SKY GREY Unisex,,nike-835997,ok
https://loplabbet.no/nike-nike-zoom-victory-3-unisex-413hypr-cbltwhite-black-ghst-grn-unisex-835997,nike,"NIKE Nike Zoom Victory 3, unisex 413/HYPR CBLT/WHITE-BLACK-GHST GRN Unisex",,nike-413hypr-cbltwhite-black-ghst-grn-unisex-835997,ok
https://loplabbet.no/nike-nike-zoom-victory-3-unisex-446football-blueblue-fox-bright-unisex-835997,nike,"NIKE Nike Zoom Victory 3, unisex 446/FOOTBALL BLUE/BLUE FOX-BRIGHT Unisex",,nike-446football-blueblue-fox-bright-unisex-835997,ok
https://loplabbet.no/nike-zoom-ja-fly-3-barely-volthyper-orange-dynamic-turq-unisex-865633,nike,NIKE Zoom Ja Fly 3 BARELY VOLT/HYPER ORANGE-DYNAMIC TURQ Unisex,,nike-865633,ok
https://loplabbet.no/nike-zoom-rival-d-10-001phantomoil-grey-unisex-907566,nike,NIKE Zoom Rival D 10 001/PHANTOM/OIL GREY Unisex,,nike-907566,ok
https://loplabbet.no/nike-zoom-rival-d-10-003blackindigo-fog-stellar-indigo-unisex-907566,nike,NIKE Zoom Rival D 10 003/BLACK/INDIGO FOG-STELLAR INDIGO Unisex,,nike-907566,ok
https://loplabbet.no/nike-zoom-rival-d-10-077pure-platinumblack-platinum-t-unisex-907566,nike,NIKE Zoom Rival D 10 077/PURE PLATINUM/BLACK-PLATINUM T Unisex,,nike-907566,ok
https://loplabbet.no/nike-zoom-rival-d-10-604laser-crimsonwhite-black-universit-unisex-907566,nike,NIKE Zoom Rival D 10 604/LASER CRIMSON/WHITE-BLACK-UNIVERSIT Unisex,,nike-907566,ok
https://loplabbet.no/nike-zoom-rival-d-10-blackwhite-iron-grey-hyper-crimson-unisex-907566,nike,NIKE Zoom Rival D 10 BLACK/WHITE-IRON GREY-HYPER CRIMSON Unisex,,nike-907566,ok
https://loplabbet.no/nike-zoom-rival-d-10-bright-mangoblackened-blue-purple-unisex-907566,nike,NIKE Zoom Rival D 10 BRIGHT MANGO/BLACKENED BLUE-PURPLE Unisex,,nike-907566,ok
https://loplabbet.no/nike-zoom-rival-d-10-obsidianmetallic-silver-wild-berry-unisex-907566,nike,NIKE Zoom Rival D 10 OBSIDIAN/METALLIC SILVER-WILD BERRY Unisex,,nike-907566,ok
https://loplabbet.no/nike-zoom-victory-5-xc-terrengpiggsko-barely-volthyper-orange-dynamic-tu-unisex-aj0847,nike,NIKE Zoom Victory 5 XC terrengpiggsko BARELY VOLT/HYPER ORANGE-DYNAMIC TU Unisex,,nike-aj0847,ok
https://loplabbet.no/nike-zoom-javelin-elite-3-whiteblack-laser-orange-hyper-pink-unisex-aj8119,nike,NIKE Zoom Javelin Elite 3 WHITE/BLACK-LASER ORANGE-HYPER PINK Unisex,,nike-aj8119,ok
https://loplabbet.no/nike-one-tights-dame-010blackwhite-dame-aj8827,nike,"NIKE One Tights, dame 010/BLACK/WHITE Dame",,nike-010blackwhite-dame-aj8827,ok
https://loplabbet.no/nike-spike-flat-unisex-sailblackblue-unisex,nike,"NIKE Spike-Flat, unisex Sail/BlackBlue Unisex",,nike-sailblackblue-unisex,ok
https://loplabbet.no/nike-running-tights-herre-010blackreflective-silv-herre-at4238,nike,"NIKE Running Tights, herre 010/BLACK/REFLECTIVE SILV Herre",,nike-010blackreflective-silv-herre-at4238,ok
https://loplabbet.no/nike-plus-miler-short-sleeve-blackreflective-silv-dame-av7922,nike,NIKE Plus Miler Short-Sleeve BLACK/REFLECTIVE SILV Dame,,nike-av7922,ok
https://loplabbet.no/nike-aerobill-tailwind-running-cap-whitereflective-silv-unisex-bv2204,nike,NIKE AeroBill Tailwind Running Cap WHITE/REFLECTIVE SILV Unisex,,nike-bv2204,ok
https://loplabbet.no/nike-dri-fit-swoosh-medium-support-sports-bh-cinnabarwhite-dame-bv3630,nike,NIKE Dri-Fit Swoosh medium support sports BH CINNABAR/WHITE Dame,,nike-bv3630,ok
https://loplabbet.no/nike-swoosh-medium-support-sport-bra-blackwhite-dame-bv3636,nike,NIKE Swoosh Medium Support Sport Bra BLACK/WHITE Dame,,nike-bv3636,ok
https://loplabbet.no/nike-swoosh-medium-support-sport-bra-madder-rootwhite-dame-bv3636,nike,NIKE Swoosh Medium Support Sport Bra MADDER ROOT/WHITE Dame,,nike-bv3636,ok
https://loplabbet.no/nike-swoosh-medium-support-sport-bra-olive-aurawhite-dame-bv3636,nike,NIKE Swoosh Medium Support Sport Bra OLIVE AURA/WHITE Dame,,nike-bv3636,ok
https://loplabbet.no/nike-swoosh-medium-support-sport-bra-oxygen-purplewhite-dame-bv3636,nike,NIKE Swoosh Medium Support Sport Bra OXYGEN PURPLE/WHITE Dame,,nike-bv3636,ok
https://loplabbet.no/nike-phenom-running-pant-herre-010blackreflective-silv-herre-bv4837,nike,"NIKE Phenom Running Pant, herre 010/BLACK/REFLECTIVE SILV Herre",,nike-010blackreflective-silv-herre-bv4837,ok
https://loplabbet.no/nike-zoom-superfly-elite-2-hyper-pinkblack-laser-orange-unisex-cd4382,nike,NIKE Zoom Superfly Elite 2 HYPER PINK/BLACK-LASER ORANGE Unisex,,nike-cd4382,ok
https://loplabbet.no/nike-zoom-superfly-elite-2-racer-bluewhite-lime-blast-unisex-cd4382,nike,NIKE Zoom Superfly Elite 2 RACER BLUE/WHITE-LIME BLAST Unisex,,nike-cd4382,ok
https://loplabbet.no/nike-air-zoom-victory-hyper-pinkblack-laser-orange-unisex-cd4385,nike,NIKE Air Zoom Victory HYPER PINK/BLACK-LASER ORANGE Unisex,,nike-cd4385,ok
https://loplabbet.no/nike-air-zoom-tempo-nextpercent-hyper-violetblack-flash-crimson-dame-ci9924,nike,NIKE Air Zoom Tempo Next% HYPER VIOLET/BLACK-FLASH CRIMSON Dame,,nike-ci9924,ok
https://loplabbet.no/nike-running-t-skjorte-010blackwhite-dame-cj1970,nike,NIKE Running T-skjorte 010/BLACK/WHITE Dame,,nike-cj1970,ok
https://loplabbet.no/nike-aeroswift-shorts-blackwhite-dame-cj2367,nike,NIKE Aeroswift Shorts BLACK/WHITE Dame,,nike-cj2367,ok
https://loplabbet.no/nike-flex-stride-5-lopeshorts-blackreflective-silv-herre-cj5453,nike,NIKE Flex Stride 5&quot; Løpeshorts BLACK/REFLECTIVE SILV Herre,,nike-cj5453,ok
https://loplabbet.no/nike-flex-stride-5-lopeshorts-blackblackreflective-silv-herre-cj5467,nike,NIKE Flex Stride 5&quot; Løpeshorts BLACK/BLACK/REFLECTIVE SILV Herre,,nike-cj5467,ok
https://loplabbet.no/nike-nike-aeroswift-2-running-shorts-blackwhite-herre-cj7837,nike,NIKE Nike Aeroswift 2&quot; Running Shorts BLACK/WHITE Herre,,nike-cj7837,ok
https://loplabbet.no/nike-nike-aeroswift-2-running-shorts-whitepolar-herre-cj7837,nike,NIKE Nike Aeroswift 2&quot; Running Shorts WHITE/POLAR Herre,,nike-cj7837,ok
https://loplabbet.no/nike-aeroswift-lopeshorts-blackwhite-herre-cj7840,nike,NIKE AeroSwift Løpeshorts BLACK/WHITE Herre,,nike-cj7840,ok
https://loplabbet.no/nike-city-sleek-short-sleeve-blackreflective-silv-dame-cj9444,nike,NIKE City Sleek Short Sleeve BLACK/REFLECTIVE SILV Dame,,nike-cj9444,ok
https://loplabbet.no/nike-air-zoom-lj-elite-racer-bluewhite-safety-orange-unisex-ct0079,nike,NIKE Air Zoom LJ Elite RACER BLUE/WHITE-SAFETY ORANGE Unisex,,nike-ct0079,ok
https://loplabbet.no/nike-air-zoom-lj-elite-whiteblack-laser-orange-hyper-pink-unisex-ct0079,nike,NIKE Air Zoom LJ Elite WHITE/BLACK-LASER ORANGE-HYPER PINK Unisex,,nike-ct0079,ok
https://loplabbet.no/nike-plus-size-fast-7-running-tights-010blackreflective-silv-dame-ct0825,nike,NIKE Plus Size Fast 7&quot; Running Tights 010/BLACK/REFLECTIVE SILV Dame,,nike-ct0825,ok
https://loplabbet.no/nike-pegasus-trail-2-gtx-blackiron-grey-mtlc-dark-grey-dame-cu2018,nike,NIKE Pegasus Trail 2 GTX BLACK/IRON GREY-MTLC DARK GREY Dame,,nike-cu2018,ok
https://loplabbet.no/nike-one-tights-plus-size-010blackwhite-dame-cu2917,nike,NIKE One Tights Plus Size 010/BLACK/WHITE Dame,,nike-cu2917,ok
https://loplabbet.no/nike-element-half-zip-langermet-genser-blackreflective-silv-dame-cu3220,nike,NIKE Element Half-Zip Langermet Genser BLACK/REFLECTIVE SILV Dame,,nike-cu3220,ok
https://loplabbet.no/nike-element-half-zip-langermet-genser-diffused-bluereflective-silv-dame-cu3220,nike,NIKE Element Half-Zip Langermet Genser DIFFUSED BLUE/REFLECTIVE SILV Dame,,nike-cu3220,ok
https://loplabbet.no/nike-element-half-zip-langermet-genser-smoke-greylt-smoke-greyreflective-dame-cu3220,nike,NIKE Element Half-Zip Langermet Genser SMOKE GREY/LT SMOKE GREY/REFLECTIVE Dame,,nike-cu3220,ok
https://loplabbet.no/nike-element-half-zip-langermet-genser-valerian-bluereflective-silv-dame-cu3220,nike,NIKE Element Half-Zip Langermet Genser VALERIAN BLUE/REFLECTIVE SILV Dame,,nike-cu3220,ok
https://loplabbet.no/zoomx-vaporfly-nextpercent-2-dame-barely-voltblack-dynamic-turq-volt-dame,zoomx,"NIKE ZoomX Vaporfly Next% 2, dame Dame",,zoomx-barely-voltblack-dynamic-turq-volt-dame,ok
https://loplabbet.no/zoomx-vaporfly-nextpercent-2-dame-blackbright-crimson-fuchsia-dream-white-dame,zoomx,"NIKE ZoomX Vaporfly Next% 2, dame Dame",,zoomx-blackbright-crimson-fuchsia-dream-white-dame,ok
https://loplabbet.no/zoomx-vaporfly-nextpercent-2-dame-peach-creamblack-green-shock-dame,zoomx,"NIKE ZoomX Vaporfly Next% 2, dame Dame",,zoomx-peach-creamblack-green-shock-dame,ok
https://loplabbet.no/nike-plus-size-air-78-running-tights-500sapphiresapphirereflective-silv-dame-cu8421,nike,NIKE Plus Size Air 7/8 Running Tights 500/SAPPHIRE/SAPPHIRE/REFLECTIVE SILV Dame,,nike-cu8421,ok
https://loplabbet.no/nike-zoomx-dragonfly-barely-volthyper-orange-dynamic-turq-unisex-cv0400,nike,NIKE ZoomX Dragonfly BARELY VOLT/HYPER ORANGE-DYNAMIC TURQ Unisex,,nike-cv0400,ok
https://loplabbet.no/nike-zoomx-dragonfly-hyper-pinkblack-laser-orange-unisex-cv0400,nike,NIKE ZoomX Dragonfly HYPER PINK/BLACK-LASER ORANGE Unisex,,nike-cv0400,ok
https://loplabbet.no/nike-nike-zoomx-dragonfly-unisex-racer-bluewhite-safety-orange-unisex-cv0400,nike,"NIKE Nike ZoomX Dragonfly, unisex. RACER BLUE/WHITE-SAFETY ORANGE Unisex",,nike-racer-bluewhite-safety-orange-unisex-cv0400,ok
https://loplabbet.no/nike-air-zoom-pegasus-38-thunder-bluewolf-grey-black-herre-cw7356,nike,NIKE Air Zoom Pegasus 38 THUNDER BLUE/WOLF GREY-BLACK Herre,,nike-cw7356,ok
https://loplabbet.no/nike-swoosh-run-t-skjorte-plus-size-368olive-flakwhite-dame-cz7562,nike,NIKE Swoosh Run T-skjorte Plus Size 368/OLIVE FLAK/WHITE Dame,,nike-cz7562,ok
https://loplabbet.no/nike-windrunner-mens-running-jacket-game-royalobsidianreflective-silv-herre-cz9070,nike,NIKE Windrunner Men&#x27;s Running Jacket GAME ROYAL/OBSIDIAN/REFLECTIVE SILV Herre,,nike-cz9070,ok
https://loplabbet.no/nike-dri-fit-rise-365-short-sleeve-shirt-blackreflective-silv-herre-cz9184,nike,NIKE Dri-FIT Rise 365 Short Sleeve Shirt BLACK/REFLECTIVE SILV Herre,,nike-cz9184,ok
https://loplabbet.no/nike-dri-fit-rise-365-short-sleeve-shirt-cobalt-blisshtrreflective-silv-herre-cz9184,nike,NIKE Dri-FIT Rise 365 Short Sleeve Shirt COBALT BLISS/HTR/REFLECTIVE SILV Herre,,nike-cz9184,ok
https://loplabbet.no/nike-dri-fit-rise-365-short-sleeve-shirt-game-royalhtrreflective-silv-herre-cz9184,nike,NIKE Dri-FIT Rise 365 Short Sleeve Shirt GAME ROYAL/HTR/REFLECTIVE SILV Herre,,nike-cz9184,ok
https://loplabbet.no/nike-dri-fit-rise-365-short-sleeve-shirt-mineralreflective-silv-herre-cz9184,nike,NIKE Dri-FIT Rise 365 Short Sleeve Shirt MINERAL/REFLECTIVE SILV Herre,,nike-cz9184,ok
https://loplabbet.no/nike-dri-fit-rise-365-short-sleeve-shirt-neutral-olivehtrreflective-silv-herre-cz9184,nike,NIKE Dri-FIT Rise 365 Short Sleeve Shirt NEUTRAL OLIVE/HTR/REFLECTIVE SILV Herre,,nike-cz9184,ok
https://loplabbet.no/nike-dri-fit-rise-365-short-sleeve-shirt-smoke-greyhtrreflective-silv-herre-cz9184,nike,NIKE Dri-FIT Rise 365 Short Sleeve Shirt SMOKE GREY/HTR/REFLECTIVE SILV Herre,,nike-cz9184,ok
https://loplabbet.no/nike-dri-fit-rise-365-short-sleeve-shirt-university-bluereflective-silv-herre-cz9184,nike,NIKE Dri-FIT Rise 365 Short Sleeve Shirt UNIVERSITY BLUE/REFLECTIVE SILV Herre,,nike-cz9184,ok
https://loplabbet.no/nike-dri-fit-rise-365-short-sleeve-shirt-vapor-greenreflective-silv-herre-cz9184,nike,NIKE Dri-FIT Rise 365 Short Sleeve Shirt VAPOR GREEN/REFLECTIVE SILV Herre,,nike-cz9184,ok
https://loplabbet.no/nike-dri-fit-rise-365-short-sleeve-shirt-vintage-greenhtrreflective-silv-herre-cz9184,nike,NIKE Dri-FIT Rise 365 Short Sleeve Shirt VINTAGE GREEN/HTR/REFLECTIVE SILV Herre,,nike-cz9184,ok
https://loplabbet.no/nike-dri-fit-rise-365-short-sleeve-shirt-vivid-greenhtrreflective-silv-herre-cz9184,nike,NIKE Dri-FIT Rise 365 Short Sleeve Shirt VIVID GREEN/HTR/REFLECTIVE SILV Herre,,nike-cz9184,ok
https://loplabbet.no/nike-dri-fit-rise-365-short-sleeve-shirt-whitereflective-silv-herre-cz9184,nike,NIKE Dri-FIT Rise 365 Short Sleeve Shirt WHITE/REFLECTIVE SILV Herre,,nike-cz9184,ok
https://loplabbet.no/nike-nike-epic-fast-womens-mid-rise-poc-blackreflective-silv-dame-cz9240,nike,NIKE Nike Epic Fast Women&#x27;s Mid-Rise Poc BLACK/REFLECTIVE SILV Dame,,nike-cz9240,ok
https://loplabbet.no/nike-aeroswift-running-shorts-blackwhite-dame-cz9398,nike,NIKE AeroSwift Running Shorts BLACK/WHITE Dame,,nike-cz9398,ok
https://loplabbet.no/nike-tempo-lux-lopeshorts-blackblackreflective-silv-dame-cz9576,nike,NIKE Tempo Lux Løpeshorts BLACK/BLACK/REFLECTIVE SILV Dame,,nike-cz9576,ok
https://loplabbet.no/nike-air-t-skjorte-plus-size-010blackreflective-silv-dame-da3113,nike,NIKE Air T-skjorte Plus Size 010/BLACK/REFLECTIVE SILV Dame,,nike-da3113,ok
https://loplabbet.no/nike-air-zoom-structure-24-blackwhite-dame-da8570,nike,NIKE Air Zoom Structure 24 BLACK/WHITE Dame,,nike-da8570,ok
https://loplabbet.no/nike-zoom-rival-distance-unisex-blackmetallic-silver-dk-smoke-grey-unisex,nike,NIKE Zoom Rival Distance BLACK/METALLIC SILVER-DK SMOKE GREY Unisex,,nike-blackmetallic-silver-dk-smoke-grey-unisex,ok
https://loplabbet.no/nike-zoom-rival-distance-unisex-blue-chillblack-bright-crimson-whi-unisex,nike,"NIKE Zoom Rival Distance, unisex BLUE CHILL/BLACK-BRIGHT CRIMSON-WHI Unisex",,nike-blue-chillblack-bright-crimson-whi-unisex,ok
https://loplabbet.no/nike-zoom-rival-distance-unisex-hyper-pinkblack-laser-orange-unisex,nike,NIKE Zoom Rival Distance HYPER PINK/BLACK-LASER ORANGE Unisex,,nike-dc8725,ok
https://loplabbet.no/nike-zoom-rival-distance-unisex-whiteblack-metallic-silver-unisex,nike,NIKE Zoom Rival Distance WHITE/BLACK-METALLIC SILVER Unisex,,nike-whiteblack-metallic-silver-unisex,ok
https://loplabbet.no/nike-nike-zoom-rival-multi-track-and-field-blackmetallic-silver-lt-smoke-grey-unisex-dc8749,nike,NIKE Nike Zoom Rival Multi Track and Field BLACK/METALLIC SILVER-LT SMOKE GREY Unisex,,nike-dc8749,ok
https://loplabbet.no/nike-nike-zoom-rival-multi-track-and-field-racer-bluewhite-safety-orange-unisex-dc8749,nike,NIKE Nike Zoom Rival Multi Track and Field RACER BLUE/WHITE-SAFETY ORANGE Unisex,,nike-dc8749,ok
https://loplabbet.no/nike-zoomx-invincible-run-flyknit-2-601-burgundy-crushmint-foam-deser-dame-dc9993,nike,NIKE ZoomX Invincible Run Flyknit 2 601-BURGUNDY CRUSH/MINT FOAM-DESER Dame,,nike-dc9993,ok
https://loplabbet.no/nike-zoomx-invincible-run-flyknit-2-blackmetallic-silver-summit-white-dame-dc9993,nike,NIKE ZoomX Invincible Run Flyknit 2 BLACK/METALLIC SILVER-SUMMIT WHITE Dame,,nike-dc9993,ok
https://loplabbet.no/nike-one-mid-rise-7-tights-blackwhite-dame-dd0243,nike,NIKE One Mid-Rise 7&quot; Tights BLACK/WHITE Dame,,nike-dd0243,ok
https://loplabbet.no/nike-nike-one-womens-mid-rise-crop-legg-blackwhite-dame-dd0247,nike,NIKE Nike One Women&#x27;s Mid-Rise Crop Legg BLACK/WHITE Dame,,nike-dd0247,ok
https://loplabbet.no/nike-nike-one-78-mid-rise-tights-blackwhite-dame-dd0249,nike,NIKE Nike One 7/8 Mid-Rise Tights BLACK/WHITE Dame,,nike-dd0249,ok
https://loplabbet.no/nike-nike-one-tights-mid-rise-valerian-bluewhite-dame-dd0252,nike,NIKE Nike One Tights Mid-Rise VALERIAN BLUE/WHITE Dame,,nike-dd0252,ok
https://loplabbet.no/nike-dri-fit-element-14-zip-blackreflective-silv-herre-dd4756,nike,NIKE Dri-FIT Element 1/4-Zip BLACK/REFLECTIVE SILV Herre,,nike-dd4756,ok
https://loplabbet.no/nike-dri-fit-element-14-zip-obsidiangame-royalhtrreflective-herre-dd4756,nike,NIKE Dri-FIT Element 1/4-Zip OBSIDIAN/GAME ROYAL/HTR/REFLECTIVE Herre,,nike-dd4756,ok
https://loplabbet.no/nike-dri-fit-element-14-zip-obsidiangame-royalhtrreflective-silv-herre-dd4756,nike,NIKE Dri-FIT Element 1/4-Zip OBSIDIAN/GAME ROYAL/HTR/REFLECTIVE SILV Herre,,nike-dd4756,ok
https://loplabbet.no/nike-dri-fit-run-division-t-skjorte-blackbright-crimsonreflective-sil-dame-dd5176,nike,NIKE Dri-FIT Run Division T-skjorte BLACK/BRIGHT CRIMSON/REFLECTIVE SIL Dame,,nike-dd5176,ok
https://loplabbet.no/nike-therma-fit-repel-element-zip-blackreflective-silv-herre-dd5662,nike,NIKE Therma-FIT Repel Element Zip BLACK/REFLECTIVE SILV Herre,,nike-dd5662,ok
https://loplabbet.no/nike-dri-fit-race-short-sleeve-baltic-bluereflective-silv-dame-dd5927,nike,NIKE Dri-FIT Race Short-Sleeve BALTIC BLUE/REFLECTIVE SILV Dame,,nike-dd5927,ok
https://loplabbet.no/nike-dri-fit-race-short-sleeve-blackreflective-silv-dame-dd5927,nike,NIKE Dri-FIT Race Short-Sleeve BLACK/REFLECTIVE SILV Dame,,nike-dd5927,ok
https://loplabbet.no/nike-dri-fit-race-short-sleeve-coral-chalkreflective-silv-dame-dd5927,nike,NIKE Dri-FIT Race Short-Sleeve CORAL CHALK/REFLECTIVE SILV Dame,,nike-dd5927,ok
https://loplabbet.no/nike-dri-fit-race-short-sleeve-rapid-tealreflective-silv-dame-dd5927,nike,NIKE Dri-FIT Race Short-Sleeve RAPID TEAL/REFLECTIVE SILV Dame,,nike-dd5927,ok
https://loplabbet.no/nike-therma-fit-element-12-zip-lt-iron-orereflective-silv-dame-dd6799,nike,NIKE Therma-FIT Element 1/2-zip LT IRON ORE/REFLECTIVE SILV Dame,,nike-dd6799,ok
https://loplabbet.no/nike-air-zoom-pegasus-39-301barely-greencave-purple-mint-foam-volt-dame-dh4072,nike,NIKE Air Zoom Pegasus 39 301/BARELY GREEN/CAVE PURPLE-MINT FOAM-VOLT Dame,,nike-dh4072,ok
https://loplabbet.no/nike-air-zoom-maxfly-hyper-pinkblack-laser-orange-pink-blast-unisex-dh5359,nike,NIKE Air Zoom Maxfly HYPER PINK/BLACK-LASER ORANGE-PINK BLAST Unisex,,nike-dh5359,ok
https://loplabbet.no/nike-air-zoom-maxfly-racer-bluewhite-lime-blast-unisex-dh5359,nike,NIKE Air Zoom Maxfly RACER BLUE/WHITE-LIME BLAST Unisex,,nike-dh5359,ok
https://loplabbet.no/nike-react-infinity-run-flyknit-3-blackwhite-herre-dh5392,nike,NIKE React Infinity Run Flyknit 3 BLACK/WHITE Herre,,nike-dh5392,ok
https://loplabbet.no/nike-zoomx-invincible-run-flyknit-2-siren-redblack-team-red-green-strike-herre-dh5425,nike,NIKE ZoomX Invincible Run Flyknit 2 SIREN RED/BLACK-TEAM RED-GREEN STRIKE Herre,,nike-dh5425,ok
https://loplabbet.no/nike-zoomx-invincible-run-flyknit-2-whiteblack-lt-smoke-grey-hyper-pink-herre-dh5425,nike,NIKE ZoomX Invincible Run Flyknit 2 WHITE/BLACK-LT SMOKE GREY-HYPER PINK Herre,,nike-dh5425,ok
https://loplabbet.no/nike-zoomx-dragonfly-white-unisex-dj5255-100,nike,NIKE ZoomX Dragonfly WHITE Unisex,,nike-dj5255-100,ok
https://loplabbet.no/nike-air-zoom-long-jump-elite-100whiteblack-bright-crimson-pink-blast-unisex-dj5258,nike,NIKE Air Zoom Long Jump Elite 100/WHITE/BLACK-BRIGHT CRIMSON-PINK BLAST Unisex,,nike-dj5258,ok
https://loplabbet.no/nike-zoom-superfly-elite-2-whiteblack-black-black-unisex-dj5391,nike,NIKE Zoom Superfly Elite 2 WHITE/BLACK-BLACK-BLACK Unisex,,nike-dj5391,ok
https://loplabbet.no/nike-air-zoom-tempo-nextpercent-herre-whiteblack-washed-coral-pink-blast-herre-dj5430,nike,"NIKE Air Zoom Tempo Next%, herre WHITE/BLACK-WASHED CORAL-PINK BLAST Herre",,nike-whiteblack-washed-coral-pink-blast-herre-dj5430,ok
https://loplabbet.no/nike-zoomx-invincible-run-flyknit-dame-phantomblack-football-grey-volt-dame,nike,"NIKE ZoomX Invincible Run Flyknit, dame PHANTOM/BLACK-FOOTBALL GREY-VOLT Dame",,nike-phantomblack-football-grey-volt-dame,ok
https://loplabbet.no/nike-zoomx-vaporfly-nextpercent-2-herre-white-herre-dj5457-100,nike,"NIKE ZoomX Vaporfly Next% 2, herre WHITE Herre",,nike-white-herre-dj5457-100,ok
https://loplabbet.no/nike-zoomx-vaporfly-nextpercent-2-white-dame-dj5458-100,nike,NIKE ZoomX Vaporfly Next% 2 WHITE Dame,,nike-dj5458-100,ok
https://loplabbet.no/nike-air-zoom-victory-racing-shoe-whiteblack-black-black-unisex-dj6205,nike,NIKE Air Zoom Victory Racing Shoe WHITE/BLACK-BLACK-BLACK Unisex,,nike-dj6205,ok
https://loplabbet.no/nike-zoomx-streakfly-800-total-orangeblack-bright-crim-unisex-dj6566,nike,NIKE ZoomX Streakfly 800-TOTAL ORANGE/BLACK-BRIGHT CRIM Unisex,,nike-dj6566,ok
https://loplabbet.no/nike-zoomx-streakfly-hyper-pinkblack-laser-orange-unisex-dj6566,nike,NIKE ZoomX Streakfly HYPER PINK/BLACK-LASER ORANGE Unisex,,nike-dj6566,ok
https://loplabbet.no/nike-nike-air-zoom-structure-25-midnight-navypure-platinum-white-black-herre-dj7883,nike,NIKE NIKE AIR ZOOM STRUCTURE 25 MIDNIGHT NAVY/PURE PLATINUM-WHITE-BLACK Herre,,nike-dj7883,ok
https://loplabbet.no/nike-structure-25-blackwhite-dk-smoke-grey-dame-dj7884,nike,NIKE Structure 25 BLACK/WHITE-DK SMOKE GREY Dame,,nike-dj7884,ok
https://loplabbet.no/nike-structure-25-platinum-violetwhite-photon-dust-dame-dj7884,nike,NIKE Structure 25 PLATINUM VIOLET/WHITE-PHOTON DUST Dame,,nike-dj7884,ok
https://loplabbet.no/nike-react-pegasus-trail-4-gtx-herre-blackwolf-grey-reflect-silver-herre,nike,NIKE React Pegasus Trail 4 GTX BLACK/WOLF GREY-REFLECT SILVER Herre,,nike-dj7926,ok
https://loplabbet.no/nike-react-pegasus-trail-4-gtx-dame-blackwolf-grey-reflect-silver-dame,nike,NIKE React Pegasus Trail 4 GTX BLACK/WOLF GREY-REFLECT SILVER Dame,,nike-dj7929,ok
https://loplabbet.no/nike-high-jump-elite-100whiteblack-black-unisex-dm3077,nike,NIKE High Jump Elite 100/WHITE/BLACK-BLACK Unisex,,nike-dm3077,ok
https://loplabbet.no/nike-pegasus-turbo-next-nature-004-pure-platinumbright-spruce-wh-herre-dm3413,nike,NIKE Pegasus Turbo Next Nature 004-PURE PLATINUM/BRIGHT SPRUCE-WH Herre,,nike-dm3413,ok
https://loplabbet.no/nike-pegasus-turbo-next-nature-ashen-slatepink-spell-cobalt-bliss-herre-dm3413,nike,NIKE Pegasus Turbo Next Nature ASHEN SLATE/PINK SPELL-COBALT BLISS Herre,,nike-dm3413,ok
https://loplabbet.no/nike-pegasus-turbo-next-nature-blacksail-off-noir-sesame-herre-dm3413,nike,NIKE Pegasus Turbo Next Nature BLACK/SAIL-OFF NOIR-SESAME Herre,,nike-dm3413,ok
https://loplabbet.no/nike-pegasus-turbo-next-nature-blackvivid-purple-anthracite-herre-dm3413,nike,NIKE Pegasus Turbo Next Nature BLACK/VIVID PURPLE-ANTHRACITE Herre,,nike-dm3413,ok
https://loplabbet.no/nike-pegasus-turbo-next-nature-mineral-teallight-silver-black-herre-dm3413,nike,NIKE Pegasus Turbo Next Nature MINERAL TEAL/LIGHT SILVER-BLACK Herre,,nike-dm3413,ok
https://loplabbet.no/nike-pegasus-turbo-next-nature-pure-platinumbright-crimson-black-herre-dm3413,nike,NIKE Pegasus Turbo Next Nature PURE PLATINUM/BRIGHT CRIMSON-BLACK Herre,,nike-dm3413,ok
https://loplabbet.no/nike-pegasus-turbo-next-nature-whiteiron-grey-light-bone-lt-iron-ore-herre-dm3413,nike,NIKE Pegasus Turbo Next Nature WHITE/IRON GREY-LIGHT BONE-LT IRON ORE Herre,,nike-dm3413,ok
https://loplabbet.no/nike-pegasus-turbo-next-nature-blackwhite-anthracite-noise-aqua-dame-dm3414,nike,NIKE Pegasus Turbo Next Nature BLACK/WHITE-ANTHRACITE-NOISE AQUA Dame,,nike-dm3414,ok
https://loplabbet.no/nike-pegasus-turbo-next-nature-fuchsia-dreambright-crimson-racer-blue-dame-dm3414,nike,NIKE Pegasus Turbo Next Nature FUCHSIA DREAM/BRIGHT CRIMSON-RACER BLUE Dame,,nike-dm3414,ok
https://loplabbet.no/nike-pegasus-turbo-next-nature-pink-oxfordwhite-barely-rose-white-dame-dm3414,nike,NIKE Pegasus Turbo Next Nature PINK OXFORD/WHITE-BARELY ROSE-WHITE Dame,,nike-dm3414,ok
https://loplabbet.no/nike-dri-fit-adv-aeroswift-mens-racing-tights-blackiron-greywhitewhite-herre-dm4613,nike,NIKE Dri-FIT ADV AeroSwift Men&#x27;s Racing tights BLACK/IRON GREY/WHITE/WHITE Herre,,nike-dm4613,ok
https://loplabbet.no/nike-nike-dri-fit-adv-aeroswift-racing-pants-blackwhite-herre-dm4615,nike,NIKE Nike Dri-FIT ADV AeroSwift Racing Pants BLACK/WHITE Herre,,nike-dm4615,ok
https://loplabbet.no/nike-nike-dri-fit-adv-aeroswift-half-tights-blackblackblackwhite-herre-dm4622,nike,NIKE Nike Dri-FIT ADV AeroSwift Half Tights BLACK/BLACK/BLACK/WHITE Herre,,nike-dm4622,ok
https://loplabbet.no/nike-dri-fit-adv-aeroswift-racing-deep-royal-bluebright-crimson-herre-dm4624,nike,NIKE Dri-FIT ADV AeroSwift Racing DEEP ROYAL BLUE/BRIGHT CRIMSON Herre,,nike-dm4624,ok
https://loplabbet.no/nike-dri-fit-adv-aeroswift-racing-polarwhite-herre-dm4624,nike,NIKE Dri-FIT ADV AeroSwift Racing POLAR/WHITE Herre,,nike-dm4624,ok
https://loplabbet.no/nike-dri-fit-adv-aeroswift-racing-team-redhyper-pink-herre-dm4624,nike,NIKE Dri-FIT ADV AeroSwift Racing TEAM RED/HYPER PINK Herre,,nike-dm4624,ok
https://loplabbet.no/nike-dri-fit-adv-aeroswift-racing-total-orangeghost-green-herre-dm4624,nike,NIKE Dri-FIT ADV AeroSwift Racing TOTAL ORANGE/GHOST GREEN Herre,,nike-dm4624,ok
https://loplabbet.no/nike-dri-fit-stride-mens-5-shorts-blackblackreflective-silv-herre-dm4755,nike,NIKE Dri-FIT Stride Men&#x27;s 5&quot; shorts BLACK/BLACK/REFLECTIVE SILV Herre,,nike-dm4755,ok
https://loplabbet.no/nike-dri-fit-stride-mens-5-shorts-game-royalblackreflective-silv-herre-dm4755,nike,NIKE Dri-FIT Stride Men&#x27;s 5&quot; shorts GAME ROYAL/BLACK/REFLECTIVE SILV Herre,,nike-dm4755,ok
https://loplabbet.no/nike-dri-fit-stride-mens-5-shorts-thunder-blueblackreflective-silv-herre-dm4755,nike,NIKE Dri-FIT Stride Men&#x27;s 5&quot; shorts THUNDER BLUE/BLACK/REFLECTIVE SILV Herre,,nike-dm4755,ok
https://loplabbet.no/nike-dri-fit-stride-mens-5-shorts-vintage-greenblackreflective-silv-herre-dm4755,nike,NIKE Dri-FIT Stride Men&#x27;s 5&quot; shorts VINTAGE GREEN/BLACK/REFLECTIVE SILV Herre,,nike-dm4755,ok
https://loplabbet.no/nike-dri-fit-stride-mens-7-2-in-1-blackblackblackreflective-silv-herre-dm4759,nike,NIKE Dri-FIT Stride Men&#x27;s 7&quot; 2-In-1 BLACK/BLACK/BLACK/REFLECTIVE SILV Herre,,nike-dm4759,ok
https://loplabbet.no/nike-dri-fit-stride-mens-7-2-in-1-smoke-greydk-smoke-greyreflective-silv-herre-dm4759,nike,NIKE Dri-FIT Stride Men&#x27;s 7&quot; 2-In-1 SMOKE GREY/DK SMOKE GREY/REFLECTIVE SILV Herre,,nike-dm4759,ok
https://loplabbet.no/nike-nike-dri-fit-stride-mens-7-2-in-1-thunder-bluereflective-silv-herre-dm4759,nike,NIKE Nike Dri-FIT Stride Men&#x27;s 7&quot; 2-In-1 THUNDER BLUE/REFLECTIVE SILV Herre,,nike-dm4759,ok
https://loplabbet.no/nike-dri-fit-stride-mens-7-blackblackreflective-silv-herre-dm4761,nike,NIKE Dri-FIT Stride Men&#x27;s 7&quot; BLACK/BLACK/REFLECTIVE SILV Herre,,nike-dm4761,ok
https://loplabbet.no/nike-dri-fit-stride-mens-7-game-royalblackreflective-silv-herre-dm4761,nike,NIKE Dri-FIT Stride Men&#x27;s 7&quot; GAME ROYAL/BLACK/REFLECTIVE SILV Herre,,nike-dm4761,ok
https://loplabbet.no/nike-dri-fit-stride-mens-7-herre-smoke-greyblackreflective-silv-herre,nike,"NIKE Nike Dri-FIT Stride Men&#x27;s 7&quot;, herre Herre",,nike-smoke-greyblackreflective-silv-herre,ok
https://loplabbet.no/nike-run-division-challenger-shorts-blackmedium-blue-herre-dm4807,nike,NIKE Run Division Challenger shorts BLACK/MEDIUM BLUE Herre,,nike-dm4807,ok
https://loplabbet.no/nike-dri-fit-adv-aeroswift-racing-lt-lemon-twistblack-dame-dm7551,nike,NIKE Dri-FIT ADV AeroSwift Racing LT LEMON TWIST/BLACK Dame,,nike-dm7551,ok
https://loplabbet.no/nike-dri-fit-adv-aeroswift-racing-peach-creamghost-green-dame-dm7551,nike,NIKE Dri-FIT ADV AeroSwift Racing PEACH CREAM/GHOST GREEN Dame,,nike-dm7551,ok
https://loplabbet.no/nike-dri-fit-adv-aeroswift-racing-vivid-purplebright-crimson-dame-dm7551,nike,NIKE Dri-FIT ADV AeroSwift Racing VIVID PURPLE/BRIGHT CRIMSON Dame,,nike-dm7551,ok
https://loplabbet.no/nike-zoom-fly-5-blackwhite-herre-dm8968,nike,NIKE Zoom Fly 5 BLACK/WHITE Herre,,nike-dm8968,ok
https://loplabbet.no/nike-zoom-fly-5-racer-bluewhite-high-voltage-sundi-herre-dm8968,nike,NIKE Zoom Fly 5 RACER BLUE/WHITE-HIGH VOLTAGE-SUNDI Herre,,nike-dm8968,ok
https://loplabbet.no/nike-zoom-fly-5-whiteblack-green-strike-racer-blue-herre-dm8968,nike,NIKE Zoom Fly 5 WHITE/BLACK-GREEN STRIKE-RACER BLUE Herre,,nike-dm8968,ok
https://loplabbet.no/nike-zoom-fly-5-blackwhite-dame-dm8974,nike,NIKE Zoom Fly 5 BLACK/WHITE Dame,,nike-dm8974,ok
https://loplabbet.no/nike-zoom-fly-5-glacier-blueblack-vapor-green-dame-dm8974,nike,NIKE Zoom Fly 5 GLACIER BLUE/BLACK-VAPOR GREEN Dame,,nike-dm8974,ok
https://loplabbet.no/nike-zoom-fly-5-whiterush-fuchsia-vivid-sulfur-dame-dm8974,nike,NIKE Zoom Fly 5 WHITE/RUSH FUCHSIA-VIVID SULFUR Dame,,nike-dm8974,ok
https://loplabbet.no/nike-air-zoom-alphafly-nextpercent-2-blackmtlc-gold-grain-sail-herre-dn3555,nike,NIKE Air Zoom Alphafly Next% 2 BLACK/MTLC GOLD GRAIN-SAIL Herre,,nike-dn3555,ok
https://loplabbet.no/nike-air-zoom-alphafly-nextpercent-2-hyper-pinkblack-laser-orange-white-herre-dn3555,nike,NIKE Air Zoom Alphafly Next% 2 HYPER PINK/BLACK-LASER ORANGE-WHITE Herre,,nike-dn3555,ok
https://loplabbet.no/air-zoom-alphafly-nextpercent-2-herre-total-orangeblack-bright-crimson-herre,air,"NIKE Air Zoom Alphafly Next% 2, herre Herre",,air-total-orangeblack-bright-crimson-herre,ok
https://loplabbet.no/nike-air-zoom-alphafly-nextpercent-2-whitedeep-jungle-clear-jade-herre-dn3555,nike,NIKE Air Zoom Alphafly Next% 2 WHITE/DEEP JUNGLE-CLEAR JADE Herre,,nike-dn3555,ok
https://loplabbet.no/nike-air-zoom-alphafly-nextpercent-2-hyper-pinkblack-laser-orange-white-dame-dn3559,nike,NIKE Air Zoom Alphafly Next% 2 HYPER PINK/BLACK-LASER ORANGE-WHITE Dame,,nike-dn3559,ok
https://loplabbet.no/nike-air-zoom-alphafly-nextpercent-2-whitedeep-jungle-clear-jade-dame-dn3559,nike,NIKE Air Zoom Alphafly Next% 2 WHITE/DEEP JUNGLE-CLEAR JADE Dame,,nike-dn3559,ok
https://loplabbet.no/nike-zoomx-dragonfly-bowerman-tc-gym-redwhite-black-unisex-dn4860,nike,NIKE ZoomX Dragonfly Bowerman TC GYM RED/WHITE-BLACK Unisex,,nike-dn4860,ok
https://loplabbet.no/nike-air-zoom-maxfly-more-uptempo-blackwhite-black-unisex-dn6948,nike,NIKE Air Zoom Maxfly More Uptempo BLACK/WHITE-BLACK Unisex,,nike-dn6948,ok
https://loplabbet.no/nike-nike-dri-fit-phenom-elite-pant-blackreflective-silv-herre-dq4745,nike,NIKE Nike Dri-FIT Phenom Elite Pant BLACK/REFLECTIVE SILV Herre,,nike-dq4745,ok
https://loplabbet.no/nike-dri-fit-run-rise-365-t-shirt-cargo-khakireflective-silv-herre-dq4757,nike,NIKE Dri-FIT Run Rise 365 T-shirt CARGO KHAKI/REFLECTIVE SILV Herre,,nike-dq4757,ok
https://loplabbet.no/nike-nike-df-go-mr-8in-short-blackblack-dame-dq5925,nike,NIKE Nike DF GO MR 8IN SHORT BLACK/BLACK Dame,,nike-dq5925,ok
https://loplabbet.no/nike-zoomx-invincible-run-3-astronomy-blueblack-glacier-blue-herre-dr2615,nike,NIKE ZoomX Invincible Run 3 ASTRONOMY BLUE/BLACK-GLACIER BLUE Herre,,nike-dr2615,ok
https://loplabbet.no/nike-zoomx-invincible-run-3-blackwhite-herre-dr2615,nike,NIKE ZoomX Invincible Run 3 BLACK/WHITE Herre,,nike-dr2615,ok
https://loplabbet.no/nike-zoomx-invincible-run-3-blackwhite-dark-grey-white-herre-dr2615,nike,NIKE ZoomX Invincible Run 3 BLACK/WHITE-DARK GREY-WHITE Herre,,nike-dr2615,ok
https://loplabbet.no/nike-zoomx-invincible-run-3-college-navymetallic-silver-herre-dr2615,nike,NIKE ZoomX Invincible Run 3 COLLEGE NAVY/METALLIC SILVER Herre,,nike-dr2615,ok
https://loplabbet.no/nike-zoomx-invincible-run-3-phantomblack-lt-crimson-university-red-herre-dr2615,nike,NIKE ZoomX Invincible Run 3 PHANTOM/BLACK-LT CRIMSON-UNIVERSITY RED Herre,,nike-dr2615,ok
https://loplabbet.no/nike-zoomx-invincible-run-3-pure-platinumblack-cool-grey-herre-dr2615,nike,NIKE ZoomX Invincible Run 3 PURE PLATINUM/BLACK-COOL GREY Herre,,nike-dr2615,ok
https://loplabbet.no/nike-zoomx-invincible-run-3-thunder-bluelt-armory-blue-black-white-herre-dr2615,nike,NIKE ZoomX Invincible Run 3 THUNDER BLUE/LT ARMORY BLUE-BLACK-WHITE Herre,,nike-dr2615,ok
https://loplabbet.no/nike-zoomx-invincible-run-3-whiteblack-fire-red-cement-grey-herre-dr2615,nike,NIKE ZoomX Invincible Run 3 WHITE/BLACK-FIRE RED-CEMENT GREY Herre,,nike-dr2615,ok
https://loplabbet.no/nike-zoomx-invincible-run-3-whiteblack-football-grey-cobalt-bliss-herre-dr2615,nike,NIKE ZoomX Invincible Run 3 WHITE/BLACK-FOOTBALL GREY-COBALT BLISS Herre,,nike-dr2615,ok
https://loplabbet.no/nike-zoomx-invincible-run-3-whitecoconut-milk-sesame-anthracite-herre-dr2615,nike,NIKE ZoomX Invincible Run 3 WHITE/COCONUT MILK-SESAME-ANTHRACITE Herre,,nike-dr2615,ok
https://loplabbet.no/nike-zoomx-invincible-run-3-whiteteam-gold-volt-sail-herre-dr2615,nike,NIKE ZoomX Invincible Run 3 WHITE/TEAM GOLD-VOLT-SAIL Herre,,nike-dr2615,ok
https://loplabbet.no/nike-zoomx-invincible-run-3-armory-navymtlc-red-bronze-vivid-g-dame-dr2660,nike,NIKE ZoomX Invincible Run 3 ARMORY NAVY/MTLC RED BRONZE-VIVID G Dame,,nike-dr2660,ok
https://loplabbet.no/nike-zoomx-invincible-run-3-blackhyper-violet-laser-orange-dame-dr2660,nike,NIKE ZoomX Invincible Run 3 BLACK/HYPER VIOLET-LASER ORANGE Dame,,nike-dr2660,ok
https://loplabbet.no/nike-zoomx-invincible-run-3-blackwhite-anthracite-baltic-blue-dame-dr2660,nike,NIKE ZoomX Invincible Run 3 BLACK/WHITE-ANTHRACITE-BALTIC BLUE Dame,,nike-dr2660,ok
https://loplabbet.no/nike-zoomx-invincible-run-3-light-bonepale-ivory-sail-dame-dr2660,nike,NIKE ZoomX Invincible Run 3 LIGHT BONE/PALE IVORY-SAIL Dame,,nike-dr2660,ok
https://loplabbet.no/nike-zoomx-invincible-run-3-light-creamwhite-coconut-milk-dame-dr2660,nike,NIKE ZoomX Invincible Run 3 LIGHT CREAM/WHITE-COCONUT MILK Dame,,nike-dr2660,ok
https://loplabbet.no/nike-zoomx-invincible-run-3-whiteblack-blue-tint-purple-agate-dame-dr2660,nike,NIKE ZoomX Invincible Run 3 WHITE/BLACK-BLUE TINT-PURPLE AGATE Dame,,nike-dr2660,ok
https://loplabbet.no/nike-zoomx-invincible-run-3-whitedeep-royal-blue-photon-dust-dame-dr2660,nike,NIKE ZoomX Invincible Run 3 WHITE/DEEP ROYAL BLUE-PHOTON DUST Dame,,nike-dr2660,ok
https://loplabbet.no/nike-zoomx-invincible-run-3-whitevivid-purple-vivid-sulfur-dame-dr2660,nike,NIKE ZoomX Invincible Run 3 WHITE/VIVID PURPLE-VIVID SULFUR Dame,,nike-dr2660,ok
https://loplabbet.no/nike-air-zoom-maxfly-mint-foamcave-purple-volt-unisex-dr9905,nike,NIKE Air Zoom Maxfly MINT FOAM/CAVE PURPLE-VOLT Unisex,,nike-dr9905,ok
https://loplabbet.no/nike-zoomx-dragonfly-voltcave-purple-mint-foam-vachetta-tan-unisex-dr9922,nike,NIKE ZoomX Dragonfly VOLT/CAVE PURPLE-MINT FOAM-VACHETTA TAN Unisex,,nike-dr9922,ok
https://loplabbet.no/nike-zoom-superfly-elite-2-voltcave-purple-mint-foam-unisex-dr9923,nike,NIKE Zoom Superfly Elite 2 VOLT/CAVE PURPLE-MINT FOAM Unisex,,nike-dr9923,ok
https://loplabbet.no/nike-air-zoom-long-jump-elite-unisex-mint-foamcave-purple-volt-unisex,nike,NIKE Air Zoom Long Jump Elite MINT FOAM/CAVE PURPLE-VOLT Unisex,,nike-dr9924,ok
https://loplabbet.no/nike-high-jump-elite-voltcave-purple-mint-foam-unisex-dr9925,nike,NIKE High Jump Elite VOLT/CAVE PURPLE-MINT FOAM Unisex,,nike-dr9925,ok
https://loplabbet.no/nike-zoom-sd-4-voltcave-purple-mint-foam-black-unisex-dr9935,nike,NIKE Zoom SD 4 VOLT/CAVE PURPLE-MINT FOAM-BLACK Unisex,,nike-dr9935,ok
https://loplabbet.no/nike-nike-zoomx-vaporfly-nextpercent-2-herre-voltblack-bright-crimson-lt-photo-blue-herre,nike,"NIKE Nike ZoomX Vaporfly Next% 2, herre VOLT/BLACK-BRIGHT CRIMSON-LT PHOTO BLUE Herre",,nike-voltblack-bright-crimson-lt-photo-blue-herre,ok
https://loplabbet.no/nike-air-zoom-pegasus-40-midnight-navypure-platinum-black-herre-dv3853,nike,NIKE Air Zoom Pegasus 40 MIDNIGHT NAVY/PURE PLATINUM-BLACK Herre,,nike-dv3853,ok
https://loplabbet.no/nike-air-zoom-pegasus-40-blackwhite-iron-grey-dame-dv3854,nike,NIKE Air Zoom Pegasus 40 BLACK/WHITE-IRON GREY Dame,,nike-dv3854,ok
https://loplabbet.no/nike-air-zoom-pegasus-40-whitemetallic-silver-pure-platinum-dame-dv3854,nike,NIKE Air Zoom Pegasus 40 WHITE/METALLIC SILVER-PURE PLATINUM Dame,,nike-dv3854,ok
https://loplabbet.no/nike-zoomx-vaporfly-nextpercent-3-blackmtlc-gold-grain-black-oatmeal-herre-dv4129,nike,NIKE ZoomX Vaporfly Next% 3 BLACK/MTLC GOLD GRAIN-BLACK-OATMEAL Herre,,nike-dv4129,ok
https://loplabbet.no/nike-zoomx-vaporfly-nextpercent-3-football-greyracer-blue-green-strike-herre-dv4129,nike,NIKE ZoomX Vaporfly Next% 3 FOOTBALL GREY/RACER BLUE-GREEN STRIKE Herre,,nike-dv4129,ok
https://loplabbet.no/nike-zoomx-vaporfly-nextpercent-3-hyper-pinkblack-laser-orange-herre-dv4129,nike,NIKE ZoomX Vaporfly Next% 3 HYPER PINK/BLACK-LASER ORANGE Herre,,nike-dv4129,ok
https://loplabbet.no/nike-zoomx-vaporfly-nextpercent-3-racer-bluewhite-black-herre-dv4129,nike,NIKE ZoomX Vaporfly Next% 3 Racer Blue/White-Black Herre,,nike-dv4129,ok
https://loplabbet.no/nike-zoomx-vaporfly-nextpercent-3-sailblack-crimson-tint-guava-ice-herre-dv4129,nike,NIKE ZoomX Vaporfly Next% 3 SAIL/BLACK-CRIMSON TINT-GUAVA ICE Herre,,nike-dv4129,ok
https://loplabbet.no/nike-zoomx-vaporfly-nextpercent-3-voltblack-scream-green-barely-volt-herre-dv4129,nike,NIKE ZoomX Vaporfly Next% 3 VOLT/BLACK-SCREAM GREEN-BARELY VOLT Herre,,nike-dv4129,ok
https://loplabbet.no/nike-zoomx-vaporfly-nextpercent-3-whiteblack-vivid-purple-purple-aga-herre-dv4129,nike,NIKE ZoomX Vaporfly Next% 3 WHITE/BLACK-VIVID PURPLE-PURPLE AGA Herre,,nike-dv4129,ok
https://loplabbet.no/nike-zoomx-vaporfly-nextpercent-3-whitedeep-jungle-jade-ice-clear-ja-herre-dv4129,nike,NIKE ZoomX Vaporfly Next% 3 WHITE/DEEP JUNGLE-JADE ICE-CLEAR JA Herre,,nike-dv4129,ok
https://loplabbet.no/nike-zoomx-vaporfly-nextpercent-3-whitedk-smoke-grey-particle-grey-herre-dv4129,nike,NIKE ZoomX Vaporfly Next% 3 WHITE/DK SMOKE GREY-PARTICLE GREY Herre,,nike-dv4129,ok
https://loplabbet.no/nike-zoomx-vaporfly-nextpercent-3-blackmtlc-gold-grain-black-oatmeal-dame-dv4130,nike,NIKE ZoomX Vaporfly Next% 3 BLACK/MTLC GOLD GRAIN-BLACK-OATMEAL Dame,,nike-dv4130,ok
https://loplabbet.no/nike-zoomx-vaporfly-nextpercent-3-laser-orangehyper-violet-citron-pulse-dame-dv4130,nike,NIKE ZoomX Vaporfly Next% 3 LASER ORANGE/HYPER VIOLET-CITRON PULSE Dame,,nike-dv4130,ok
https://loplabbet.no/nike-zoomx-vaporfly-nextpercent-3-voltblack-scream-green-barely-volt-dame-dv4130,nike,NIKE ZoomX Vaporfly Next% 3 VOLT/BLACK-SCREAM GREEN-BARELY VOLT Dame,,nike-dv4130,ok
https://loplabbet.no/nike-w-nike-zoomx-vaporfly-nextpercent-3-whiteblack-vivid-purple-purple-aga-dame-dv4130,nike,NIKE W NIKE ZOOMX VAPORFLY NEXT% 3 WHITE/BLACK-VIVID PURPLE-PURPLE AGA Dame,,nike-dv4130,ok
https://loplabbet.no/nike-zoomx-vaporfly-nextpercent-3-whitedeep-jungle-jade-ice-clear-ja-dame-dv4130,nike,NIKE ZoomX Vaporfly Next% 3 WHITE/DEEP JUNGLE-JADE ICE-CLEAR JA Dame,,nike-dv4130,ok
https://loplabbet.no/nike-zoomx-vaporfly-nextpercent-3-whitedk-smoke-grey-particle-grey-dame-dv4130,nike,NIKE ZoomX Vaporfly Next% 3 WHITE/DK SMOKE GREY-PARTICLE GREY Dame,,nike-dv4130,ok
https://loplabbet.no/nike-zoomx-vaporfly-nextpercent-3-whitetopaz-gold-sea-coral-pure-platinum-dame-dv4130,nike,NIKE ZoomX Vaporfly Next% 3 WHITE/TOPAZ GOLD-SEA CORAL-PURE PLATINUM Dame,,nike-dv4130,ok
https://loplabbet.no/nike-bowerman-track-club-aroswift-singlet-gym-redlt-crimsonwhite-herre-dv7713,nike,NIKE Bowerman Track Club Aroswift Singlet GYM RED/LT CRIMSON/WHITE Herre,,nike-dv7713,ok
https://loplabbet.no/nike-one-high-rise-capri-tights-blackwhite-dame-dv9024,nike,NIKE One High-Rise Capri Tights BLACK/WHITE Dame,,nike-dv9024,ok
https://loplabbet.no/nike-challenger-dri-fit-lopeshorts-med-innershorts-aster-pinkdark-ponyreflective-silv-herre-dv9363,nike,NIKE Challenger Dri-FIT løpeshorts med innershorts ASTER PINK/DARK PONY/REFLECTIVE SILV Herre,,nike-dv9363,ok
https://loplabbet.no/nike-nike-dri-fit-swift-womens-mid-rise-blackreflective-silv-dame-dx1029,nike,NIKE Nike Dri-FIT Swift Women&#x27;s Mid-Rise BLACK/REFLECTIVE SILV Dame,,nike-dx1029,ok
https://loplabbet.no/nike-zoomx-m-ultrafly-trail-dusty-cactusopti-yellow-glacier-blue-herre-dx1978,nike,NIKE ZoomX Ultrafly Trail DUSTY CACTUS/OPTI YELLOW-GLACIER BLUE Herre,,nike-dx1978,ok
https://loplabbet.no/nike-zoomx-ultrafly-trail-summit-whiteblack-vapor-green-herre-dx1978,nike,NIKE ZoomX Ultrafly Trail SUMMIT WHITE/BLACK-VAPOR GREEN Herre,,nike-dx1978,ok
https://loplabbet.no/nike-swoosh-light-support-womens-sports-bra-blackwhite-dame-dx6817,nike,NIKE Swoosh Light Support Women&#x27;s Sports Bra BLACK/WHITE Dame,,nike-dx6817,ok
https://loplabbet.no/nike-swoosh-light-support-womens-sports-bra-red-stardustwhite-dame-dx6817,nike,NIKE Swoosh Light Support Women&#x27;s Sports Bra RED STARDUST/WHITE Dame,,nike-dx6817,ok
https://loplabbet.no/nike-swoosh-medium-support-blackwhite-dame-dx6821,nike,NIKE Swoosh Medium Support BLACK/WHITE Dame,,nike-dx6821,ok
https://loplabbet.no/nike-swoosh-medium-support-cyberwhite-dame-dx6821,nike,NIKE Swoosh Medium Support CYBER/WHITE Dame,,nike-dx6821,ok
https://loplabbet.no/nike-swoosh-medium-support-ironstonewhite-dame-dx6821,nike,NIKE Swoosh Medium Support IRONSTONE/WHITE Dame,,nike-dx6821,ok
https://loplabbet.no/nike-swoosh-medium-support-lt-lemon-twistwhite-dame-dx6821,nike,NIKE Swoosh Medium Support LT LEMON TWIST/WHITE Dame,,nike-dx6821,ok
https://loplabbet.no/nike-swoosh-medium-support-mink-brownwhite-dame-dx6821,nike,NIKE Swoosh Medium Support MINK BROWN/WHITE Dame,,nike-dx6821,ok
https://loplabbet.no/nike-swoosh-medium-support-rugged-orangewhite-dame-dx6821,nike,NIKE Swoosh Medium Support RUGGED ORANGE/WHITE Dame,,nike-dx6821,ok
https://loplabbet.no/nike-swoosh-medium-support-sapphirewhite-dame-dx6821,nike,NIKE Swoosh Medium Support SAPPHIRE/WHITE Dame,,nike-dx6821,ok
https://loplabbet.no/nike-swoosh-medium-support-whitestone-mauveblack-dame-dx6821,nike,NIKE Swoosh Medium Support WHITE/STONE MAUVE/BLACK Dame,,nike-dx6821,ok
https://loplabbet.no/nike-zoomx-dragonfly-xc-terrengpiggsko-voltwhite-black-hyper-pink-unisex-dx7992,nike,NIKE ZoomX Dragonfly XC terrengpiggsko VOLT/WHITE-BLACK-HYPER PINK Unisex,,nike-dx7992,ok
https://loplabbet.no/nike-zoomx-ultrafly-trail-bright-crimsonblack-white-dame-dz0489,nike,NIKE ZoomX Ultrafly Trail BRIGHT CRIMSON/BLACK-WHITE Dame,,nike-dz0489,ok
https://loplabbet.no/nike-zoomx-ultrafly-trail-summit-whiteblack-vapor-green-dame-dz0489,nike,NIKE ZoomX Ultrafly Trail SUMMIT WHITE/BLACK-VAPOR GREEN Dame,,nike-dz0489,ok
https://loplabbet.no/nike-zoomx-ultrafly-trail-whiteblack-total-orange-pale-ivory-dame-dz0489,nike,NIKE ZoomX Ultrafly Trail WHITE/BLACK-TOTAL ORANGE-PALE IVORY Dame,,nike-dz0489,ok
https://loplabbet.no/nike-zoomx-ultrafly-trail-whitedeep-jungle-safety-orange-dame-dz0489,nike,NIKE ZoomX Ultrafly Trail WHITE/DEEP JUNGLE-SAFETY ORANGE Dame,,nike-dz0489,ok
https://loplabbet.no/nike-air-zoom-alpahafly-nextpercent-2-scream-greenblack-bright-crimson-herre-dz4784,nike,NIKE Air Zoom Alpahafly Next% 2 SCREAM GREEN/BLACK-BRIGHT CRIMSON Herre,,nike-dz4784,ok
https://loplabbet.no/nike-dri-fit-fly-unstructured-swoosh-cap-whiteanthraciteblack-unisex-fb5624,nike,NIKE Dri-FIT Fly Unstructured Swoosh Cap WHITE/ANTHRACITE/BLACK Unisex,,nike-fb5624,ok
https://loplabbet.no/nike-dri-fit-adv-fly-unstructured-caps-aquarius-blueanthracitereflective-silv-unisex-fb5681,nike,NIKE Dri-Fit ADV Fly Unstructured Caps AQUARIUS BLUE/ANTHRACITE/REFLECTIVE SILV Unisex,,nike-fb5681,ok
https://loplabbet.no/nike-dri-fit-adv-fly-unstructured-caps-blackanthracitereflective-silv-unisex-fb5681,nike,NIKE Dri-Fit ADV Fly Caps BLACK/ANTHRACITE/REFLECTIVE SILV Unisex,,nike-fb5681,ok
https://loplabbet.no/nike-u-nk-dfadv-fly-cap-u-ab-rfltv-cannonanthracitereflective-silv-unisex-fb5681,nike,NIKE Dri-Fit ADV Fly Caps CANNON/ANTHRACITE/REFLECTIVE SILV Unisex,,nike-fb5681,ok
https://loplabbet.no/nike-dri-fit-adv-fly-unstructured-caps-geode-tealanthracitereflective-si-unisex-fb5681,nike,NIKE Dri-Fit ADV Fly Unstructured Caps GEODE TEAL/ANTHRACITE/REFLECTIVE SI Unisex,,nike-fb5681,ok
https://loplabbet.no/nike-u-nk-dfadv-fly-cap-u-ab-rfltv-green-abyssanthracitereflective-silv-unisex-fb5681,nike,NIKE Dri-Fit ADV Fly Caps GREEN ABYSS/ANTHRACITE/REFLECTIVE SILV Unisex,,nike-fb5681,ok
https://loplabbet.no/nike-dri-fit-adv-fly-unstructured-caps-whiteanthracitereflective-silv-unisex-fb5681,nike,NIKE Dri-Fit ADV Fly Caps WHITE/ANTHRACITE/REFLECTIVE SILV Unisex,,nike-fb5681,ok
https://loplabbet.no/nike-therma-fit-adv-repel-aeroloft-vest-blackrefblk-herre-fb7542,nike,NIKE Therma-FIT ADV Repel AeroLoft Vest BLACK/REFBLK Herre,,nike-fb7542,ok
https://loplabbet.no/nike-therma-fit-adv-repel-aeroloft-vest-black-dame-fb7606,nike,NIKE Therma-FIT ADV Repel AeroLoft Vest BLACK Dame,,nike-fb7606,ok
https://loplabbet.no/nike-nike-pro-dri-fit-tights-blackwhite-herre-fb7952,nike,NIKE Nike Pro Dri-Fit Tights BLACK/WHITE Herre,,nike-fb7952,ok
https://loplabbet.no/nike-air-zoom-pegasus-41-voltblack-barely-volt-herre-fd2722,nike,NIKE AIR ZOOM PEGASUS 41 VOLT/BLACK-BARELY VOLT Herre,,nike-fd2722,ok
https://loplabbet.no/nike-air-zoom-pegasus-41-whiteblack-dusty-cactus-glacier-blue-herre-fd2722,nike,NIKE AIR ZOOM PEGASUS 41 WHITE/BLACK-DUSTY CACTUS-GLACIER BLUE Herre,,nike-fd2722,ok
https://loplabbet.no/nike-air-zoom-pegasus-41-whitevolt-black-herre-fd2722,nike,NIKE Pegasus 41 WHITE/VOLT-BLACK Herre,,nike-fd2722,ok
https://loplabbet.no/nike-air-zoom-pegasus-41-glacier-bluewhite-green-frost-black-dame-fd2723,nike,NIKE AIR ZOOM PEGASUS 41 GLACIER BLUE/WHITE-GREEN FROST-BLACK Dame,,nike-fd2723,ok
https://loplabbet.no/nike-air-zoom-pegasus-41-summit-whitechrome-bright-crimson-dame-fd2723,nike,NIKE AIR ZOOM PEGASUS 41 SUMMIT WHITE/CHROME-BRIGHT CRIMSON Dame,,nike-fd2723,ok
https://loplabbet.no/nike-air-zoom-pegasus-41-voltblack-barely-volt-dame-fd2723,nike,NIKE AIR ZOOM PEGASUS 41 VOLT/BLACK-BARELY VOLT Dame,,nike-fd2723,ok
https://loplabbet.no/nike-zoomx-zegama-trail-2-blackwhite-wolf-grey-anthracite-herre-fd5190,nike,NIKE ZOOMX ZEGAMA TRAIL 2 BLACK/WHITE-WOLF GREY-ANTHRACITE Herre,,nike-fd5190,ok
https://loplabbet.no/nike-nike-zoomx-zegama-trail-2-blackwhite-wolf-grey-anthracite-dame-fd5191,nike,NIKE Nike ZoomX Zegama Trail 2 BLACK/WHITE-WOLF GREY-ANTHRACITE Dame,,nike-fd5191,ok
https://loplabbet.no/nike-w-nike-zoomx-invincible-trail-cannonsoft-pearl-orange-chalk-dame-fd5191,nike,NIKE Nike ZoomX Zegama Trail 2 CANNON/SOFT PEARL-ORANGE CHALK Dame,,nike-fd5191,ok
https://loplabbet.no/nike-nike-zoomx-zegama-trail-2-thunder-blueglacier-blue-diffused-blue-dame-fd5191,nike,NIKE Nike ZoomX Zegama Trail 2 THUNDER BLUE/GLACIER BLUE-DIFFUSED BLUE Dame,,nike-fd5191,ok
https://loplabbet.no/nike-zoomx-vaporfly-nextpercent-3-ek-whiteblack-chile-red-coconut-milk-herre-fd6556,nike,NIKE ZoomX Vaporfly Next% 3 EK WHITE/BLACK-CHILE RED-COCONUT MILK Herre,,nike-fd6556,ok
https://loplabbet.no/nike-air-zoom-alphafly-nextpercent-2-ek-whiteblack-chile-red-coconut-milk-herre-fd6559,nike,NIKE Air Zoom Alphafly Next% 2 EK WHITE/BLACK-CHILE RED-COCONUT MILK Herre,,nike-fd6559,ok
https://loplabbet.no/nike-dri-fit-swift-3-2in1-blackreflective-silv-dame-fd7637,nike,NIKE Dri-FIT Swift 3&quot; 2in1 BLACK/REFLECTIVE SILV Dame,,nike-fd7637,ok
https://loplabbet.no/nike-air-zoom-alphafly-nextpercent-3-bright-crimsoncave-purple-lime-blast-herre-fd8311,nike,NIKE AIR ZOOM ALPHAFLY NEXT% 3 BRIGHT CRIMSON/CAVE PURPLE-LIME BLAST Herre,,nike-fd8311,ok
https://loplabbet.no/nike-air-zoom-alphafly-nextpercent-3-football-greyblue-void-ghost-herre-fd8311,nike,NIKE Air Zoom Alphafly Next% 3 FOOTBALL GREY/BLUE VOID-GHOST Herre,,nike-fd8311,ok
https://loplabbet.no/nike-air-zoom-alphafly-nextpercent-3-glacier-blueblack-mint-foam-green-shock-herre-fd8311,nike,NIKE Air Zoom Alphafly Next% 3 GLACIER BLUE/BLACK-MINT FOAM-GREEN SHOCK Herre,,nike-fd8311,ok
https://loplabbet.no/nike-air-zoom-alphafly-nextpercent-3-laser-orangeindigo-burst-citron-pulse-herre-fd8311,nike,NIKE Air Zoom Alphafly Next% 3 LASER ORANGE/INDIGO BURST-CITRON PULSE Herre,,nike-fd8311,ok
https://loplabbet.no/nike-air-zoom-alphafly-nextpercent-3-obsidianwhite-doll-persian-violet-herre-fd8311,nike,NIKE Air Zoom Alphafly Next% 3 OBSIDIAN/WHITE-DOLL-PERSIAN VIOLET Herre,,nike-fd8311,ok
https://loplabbet.no/nike-air-zoom-alphafly-nextpercent-3-sailblack-crimson-tint-guava-ice-herre-fd8311,nike,NIKE Air Zoom Alphafly Next% 3 SAIL/BLACK-CRIMSON TINT-GUAVA ICE Herre,,nike-fd8311,ok
https://loplabbet.no/nike-air-zoom-alphafly-nextpercent-3-voltconcord-dusty-cactus-total-ora-herre-fd8311,nike,NIKE AIR ZOOM ALPHAFLY NEXT% 3 VOLT/CONCORD-DUSTY CACTUS-TOTAL ORA Herre,,nike-fd8311,ok
https://loplabbet.no/nike-air-zoom-alphafly-nextpercent-3-whiteblack-purple-agate-vivid-grap-herre-fd8311,nike,NIKE AIR ZOOM ALPHAFLY NEXT% 3 WHITE/BLACK-PURPLE AGATE-VIVID GRAP Herre,,nike-fd8311,ok
https://loplabbet.no/nike-air-zoom-alphafly-nextpercent-3-whitegridiron-pure-platinum-herre-fd8311,nike,NIKE Air Zoom Alphafly Next% 3 WHITE/GRIDIRON-PURE PLATINUM Herre,,nike-fd8311,ok
https://loplabbet.no/nike-air-zoom-alphafly-nextpercent-3-wmns-bright-crimsoncave-purple-lime-blast-dame-fd8315,nike,NIKE AIR ZOOM ALPHAFLY NEXT% 3 BRIGHT CRIMSON/CAVE PURPLE-LIME BLAST Dame,,nike-fd8315,ok
https://loplabbet.no/nike-air-zoom-alphafly-nextpercent-3-fuchsia-glowpurple-dynasty-dame-fd8315,nike,NIKE AIR ZOOM ALPHAFLY NEXT% 3 FUCHSIA GLOW/PURPLE DYNASTY Dame,,nike-fd8315,ok
https://loplabbet.no/nike-air-zoom-alphafly-nextpercent-3-glacier-blueblack-mint-foam-green-dame-fd8315,nike,NIKE AIR ZOOM ALPHAFLY NEXT% 3 GLACIER BLUE/BLACK-MINT FOAM-GREEN Dame,,nike-fd8315,ok
https://loplabbet.no/nike-air-zoom-alphafly-nextpercent-3-hyper-pinkbordeaux-crimson-tint-dame-fd8315,nike,NIKE AIR ZOOM ALPHAFLY NEXT% 3 HYPER PINK/BORDEAUX-CRIMSON TINT Dame,,nike-fd8315,ok
https://loplabbet.no/nike-air-zoom-alphafly-nextpercent-3-laser-orangeindigo-burst-citron-pulse-dame-fd8315,nike,NIKE AIR ZOOM ALPHAFLY NEXT% 3 LASER ORANGE/INDIGO BURST-CITRON PULSE Dame,,nike-fd8315,ok
https://loplabbet.no/nike-air-zoom-alphafly-nextpercent-3-wmns-sailblack-crimson-tint-guava-ice-dame-fd8315,nike,NIKE AIR ZOOM ALPHAFLY NEXT% 3 SAIL/BLACK-CRIMSON TINT-GUAVA ICE Dame,,nike-fd8315,ok
https://loplabbet.no/nike-air-zoom-alphafly-nextpercent-3-voltconcord-dusty-cactus-total-ora-dame-fd8315,nike,NIKE AIR ZOOM ALPHAFLY NEXT% 3 VOLT/CONCORD-DUSTY CACTUS-TOTAL ORA Dame,,nike-fd8315,ok
https://loplabbet.no/nike-air-zoom-alphafly-nextpercent-3-whiteblack-purple-agate-vivid-grap-dame-fd8315,nike,NIKE AIR ZOOM ALPHAFLY NEXT% 3 WHITE/BLACK-PURPLE AGATE-VIVID GRAP Dame,,nike-fd8315,ok
https://loplabbet.no/nike-air-zoom-alphafly-nextpercent-3-whitegridiron-pure-platinum-dame-fd8315,nike,NIKE AIR ZOOM ALPHAFLY NEXT% 3 WHITE/GRIDIRON-PURE PLATINUM Dame,,nike-fd8315,ok
https://loplabbet.no/nike-air-zoom-alphafly-nextpercent-3-herre-whiteblack-phantom-total-orange-herre,nike,"NIKE Air Zoom Alphafly Next% 3, herre WHITE/BLACK-PHANTOM-TOTAL ORANGE Herre",,nike-whiteblack-phantom-total-orange-herre,ok
https://loplabbet.no/nike-air-zoom-alphafly-nextpercent-3-whiteblack-phantom-total-orange-dame-fd8357,nike,NIKE Air Zoom Alphafly Next% 3 WHITE/BLACK-PHANTOM-TOTAL ORANGE Dame,,nike-fd8357,ok
https://loplabbet.no/nike-air-zoom-maxfly-2-bright-crimsonwashed-coral-lime-blast-unisex-fd8395,nike,NIKE AIR ZOOM MAXFLY 2 BRIGHT CRIMSON/WASHED CORAL-LIME BLAST Unisex,,nike-fd8395,ok
https://loplabbet.no/nike-air-zoom-maxfly-2-citron-pulseindigo-burst-volt-ice-unisex-fd8395,nike,NIKE AIR ZOOM MAXFLY 2 CITRON PULSE/INDIGO BURST-VOLT ICE Unisex,,nike-fd8395,ok
https://loplabbet.no/nike-air-zoom-maxfly-2-whiteblack-bright-spruce-barely-gr-unisex-fd8395,nike,NIKE AIR ZOOM MAXFLY 2 WHITE/BLACK-BRIGHT SPRUCE-BARELY GR Unisex,,nike-fd8395,ok
https://loplabbet.no/nike-air-zoom-maxfly-2-whiteobsidian-bright-crimson-hyper-turq-unisex-fd8395,nike,NIKE AIR ZOOM MAXFLY 2 WHITE/OBSIDIAN-BRIGHT CRIMSON-HYPER TURQ Unisex,,nike-fd8395,ok
https://loplabbet.no/nike-air-zoom-maxfly-2-fp-multi-colormulti-color-unisex-fd8396,nike,NIKE AIR ZOOM MAXFLY 2 FP MULTI-COLOR/MULTI-COLOR Unisex,,nike-fd8396,ok
https://loplabbet.no/nike-victory-2-bright-crimsonwashed-coral-hyper-orange-unisex-fd8411,nike,NIKE Victory 2 BRIGHT CRIMSON/WASHED CORAL-HYPER ORANGE Unisex,,nike-fd8411,ok
https://loplabbet.no/nike-air-zoom-victory-2-fp-multi-colormulti-color-unisex-fd8412,nike,NIKE AIR ZOOM VICTORY 2 FP MULTI-COLOR/MULTI-COLOR Unisex,,nike-fd8412,ok
https://loplabbet.no/nike-dragonfly-2-bright-crimsoncave-purple-hyper-crimson-unisex-fd8413,nike,NIKE Dragonfly 2 BRIGHT CRIMSON/CAVE PURPLE-HYPER CRIMSON Unisex,,nike-fd8413,ok
https://loplabbet.no/nike-dragonfly-2-citron-pulseindigo-burst-vivid-pur-unisex-fd8413,nike,NIKE Dragonfly 2 CITRON PULSE/INDIGO BURST-VIVID PUR Unisex,,nike-fd8413,ok
https://loplabbet.no/nike-dragonfly-2-whiteblack-bright-spruce-electric-algae-unisex-fd8413,nike,NIKE Dragonfly 2 WHITE/BLACK-BRIGHT SPRUCE-ELECTRIC ALGAE Unisex,,nike-fd8413,ok
https://loplabbet.no/nike-zoomx-dragonfly-2-fp-multi-colormulti-color-unisex-fd8414,nike,NIKE ZOOMX DRAGONFLY 2 FP MULTI-COLOR/MULTI-COLOR Unisex,,nike-fd8414,ok
https://loplabbet.no/nike-air-zoom-victory-ek-whiteblack-chile-red-coconut-milk-unisex-fj0668,nike,NIKE Air Zoom Victory EK WHITE/BLACK-CHILE RED-COCONUT MILK Unisex,,nike-fj0668,ok
https://loplabbet.no/nike-dfadv-fly-cap-blackanthraciteblack-unisex-fj0736,nike,NIKE DFADV Fly Cap BLACK/ANTHRACITE/BLACK Unisex,,nike-fj0736,ok
https://loplabbet.no/nike-dfadv-fly-cap-vapor-greenanthraciteblack-unisex-fj0736,nike,NIKE DFADV Fly Cap VAPOR GREEN/ANTHRACITE/BLACK Unisex,,nike-fj0736,ok
https://loplabbet.no/nike-dfadv-fly-cap-whiteanthraciteblack-unisex-fj0736,nike,NIKE DFADV Fly Cap WHITE/ANTHRACITE/BLACK Unisex,,nike-fj0736,ok
https://loplabbet.no/nike-zoomx-invincible-3-se-whiteblack-lime-blast-blue-lightning-herre-fj1046,nike,NIKE ZoomX Invincible 3 SE WHITE/BLACK-LIME BLAST-BLUE LIGHTNING Herre,,nike-fj1046,ok
https://loplabbet.no/nike-aeroswift-dri-fit-adv-mid-rise-brief-blackwhite-dame-fn2328,nike,NIKE AeroSwift Dri-FIT ADV Mid-Rise Brief BLACK/WHITE Dame,,nike-fn2328,ok
https://loplabbet.no/nike-aeroswift-dri-fit-adv-singlet-blackwhite-dame-fn2504,nike,NIKE AeroSwift Dri-FIT ADV singlet BLACK/WHITE Dame,,nike-fn2504,ok
https://loplabbet.no/nike-aeroswift-dri-fit-adv-singlet-vapor-greenblack-dame-fn2504,nike,NIKE AeroSwift Dri-FIT ADV singlet VAPOR GREEN/BLACK Dame,,nike-fn2504,ok
https://loplabbet.no/nike-aeroswift-dri-fit-adv-singlet-whiteblack-dame-fn2504,nike,NIKE AeroSwift Dri-FIT ADV singlet WHITE/BLACK Dame,,nike-fn2504,ok
https://loplabbet.no/nike-one-tight-blackblack-dame-fn3226,nike,NIKE ONE TIGHT BLACK/BLACK Dame,,nike-fn3226,ok
https://loplabbet.no/nike-dri-fit-adv-mid-rise-5-running-shorts-blackblackwhite-dame-fn3271,nike,NIKE Dri-FIT ADV Mid-Rise 5&quot; Running Shorts BLACK/BLACK/WHITE Dame,,nike-fn3271,ok
https://loplabbet.no/nike-aeroswift-dri-fit-adv-shorts-blacksummit-white-herre-fn3349,nike,NIKE AeroSwift Dri-FIT ADV SHORTs BLACK/SUMMIT WHITE Herre,,nike-fn3349,ok
https://loplabbet.no/nike-aeroswift-dri-fit-adv-lopeshorts-blacksummit-white-herre-fn3352,nike,NIKE AeroSwift Dri-FIT ADV 4&quot; løpeshorts BLACK/SUMMIT WHITE Herre,,nike-fn3352,ok
https://loplabbet.no/nike-aeroswift-dri-fit-adv-4-lopeshorts-comet-blueblack-herre-fn3352,nike,NIKE AeroSwift Dri-FIT ADV 4&quot; løpeshorts COMET BLUE/BLACK Herre,,nike-fn3352,ok
https://loplabbet.no/nike-aeroswift-dri-fit-adv-4-lopeshorts-laser-orangeblack-herre-fn3352,nike,NIKE AeroSwift Dri-FIT ADV 4&quot; løpeshorts LASER ORANGE/BLACK Herre,,nike-fn3352,ok
https://loplabbet.no/nike-aeroswift-dri-fit-adv-lopeshorts-vapor-greenblack-herre-fn3352,nike,NIKE AeroSwift Dri-FIT ADV 4&quot; løpeshorts VAPOR GREEN/BLACK Herre,,nike-fn3352,ok
https://loplabbet.no/nike-nike-dri-fit-aeroswift-running-pants-blacksummit-white-herre-fn3361,nike,NIKE Nike Dri-Fit AeroSwift Running Pants BLACK/SUMMIT WHITE Herre,,nike-fn3361,ok
https://loplabbet.no/nike-dri-fit-aeroswift-tights-blacksummit-white-herre-fn3367,nike,NIKE Dri-Fit AeroSwift Tights BLACK/SUMMIT WHITE Herre,,nike-fn3367,ok
https://loplabbet.no/nike-aeroswift-dri-fit-adv-12-tights-blacksummit-white-herre-fn3369,nike,NIKE Aeroswift Dri-FIT ADV 1/2-tights BLACK/SUMMIT WHITE Herre,,nike-fn3369,ok
https://loplabbet.no/nike-nike-aeroswift-mens-dri-fit-adv-ru-persian-violetghostblackblue-void-herre-fn3369,nike,NIKE Nike AeroSwift Men&#x27;s Dri-FIT ADV Ru PERSIAN VIOLET/GHOST/BLACK/BLUE VOID Herre,,nike-fn3369,ok
https://loplabbet.no/nike-dri-fit-brief-lined-fast-tights-blackreflective-silv-herre-fn3371,nike,NIKE Dri-FIT Brief-Lined Fast Tights BLACK/REFLECTIVE SILV Herre,,nike-fn3371,ok
https://loplabbet.no/nike-aeroswift-dri-fit-adv-lopesinglet-blacksummit-white-herre-fn4231,nike,NIKE AeroSwift Dri-FIT ADV løpesinglet BLACK/SUMMIT WHITE Herre,,nike-fn4231,ok
https://loplabbet.no/nike-aeroswift-dri-fit-adv-lopesinglet-laser-orangeblack-herre-fn4231,nike,NIKE Aerowsift Singlet LASER ORANGE/BLACK Herre,,nike-fn4231,ok
https://loplabbet.no/nike-aerowsift-singlet-lt-current-blueblack-herre-fn4231,nike,NIKE Aerowsift Singlet LT CURRENT BLUE/BLACK Herre,,nike-fn4231,ok
https://loplabbet.no/nike-aeroswift-dri-fit-adv-lopesinglet-vapor-greenblack-herre-fn4231,nike,NIKE Aerowsift Singlet VAPOR GREEN/BLACK Herre,,nike-fn4231,ok
https://loplabbet.no/nike-zoomx-invincible-3-whiteblack-volt-hyper-pink-herre-fn6821,nike,NIKE ZoomX Invincible 3 WHITE/BLACK-VOLT-HYPER PINK Herre,,nike-fn6821,ok
https://loplabbet.no/nike-alphafly-3-electric-multi-colormulti-color-herre-fn7672,nike,NIKE Alphafly 3 Electric MULTI-COLOR/MULTI-COLOR Herre,,nike-fn7672,ok
https://loplabbet.no/nike-alphafly-3-electric-multi-colormulti-color-dame-fn7673,nike,NIKE Alphafly 3 Electric MULTI-COLOR/MULTI-COLOR Dame,,nike-fn7673,ok
https://loplabbet.no/nike-vaporfly-3-electric-multi-colormulti-color-dame-fn7674,nike,NIKE Vaporfly 3 Electric MULTI-COLOR/MULTI-COLOR Dame,,nike-fn7674,ok
https://loplabbet.no/nike-invincible-3-electric-multi-colormulti-color-dame-fn7676,nike,NIKE Invincible 3 Electric MULTI-COLOR/MULTI-COLOR Dame,,nike-fn7676,ok
https://loplabbet.no/nike-pegasus-41-electric-multi-colormulti-color-dame-fn7678,nike,NIKE Pegasus 41 Electric MULTI-COLOR/MULTI-COLOR Dame,,nike-fn7678,ok
https://loplabbet.no/nike-zoom-fly-6-barely-greenblack-spruce-volt-ice-herre-fn8454,nike,NIKE Zoom Fly 6 BARELY GREEN/BLACK SPRUCE-VOLT ICE Herre,,nike-fn8454,ok
https://loplabbet.no/nike-zoom-fly-6-blackwhite-lt-smoke-grey-herre-fn8454,nike,NIKE Zoom Fly 6 BLACK/WHITE-LT SMOKE GREY Herre,,nike-fn8454,ok
https://loplabbet.no/nike-zoom-fly-6-bright-crimsoncave-purple-lime-blast-herre-fn8454,nike,NIKE Zoom Fly 6 BRIGHT CRIMSON/CAVE PURPLE-LIME BLAST Herre,,nike-fn8454,ok
https://loplabbet.no/nike-zoom-fly-6-citron-pulseindigo-burst-volt-ice-herre-fn8454,nike,NIKE Zoom Fly 6 CITRON PULSE/INDIGO BURST-VOLT ICE Herre,,nike-fn8454,ok
https://loplabbet.no/nike-zoom-fly-6-ghostblue-void-football-grey-herre-fn8454,nike,NIKE Zoom Fly 6 GHOST/BLUE VOID-FOOTBALL GREY Herre,,nike-fn8454,ok
https://loplabbet.no/nike-zoom-fly-6-obsidianwhite-persian-violet-volt-herre-fn8454,nike,NIKE Zoom Fly 6 OBSIDIAN/WHITE-PERSIAN VIOLET-VOLT Herre,,nike-fn8454,ok
https://loplabbet.no/nike-zoom-fly-6-whiteblack-smoke-grey-metallic-silver-herre-fn8454,nike,NIKE Zoom Fly 6 WHITE/BLACK-SMOKE GREY-METALLIC SILVER Herre,,nike-fn8454,ok
https://loplabbet.no/nike-nike-zoom-fly-6-mens-road-running-whitegridiron-pure-platinum-herre-fn8454,nike,NIKE Zoom Fly 6 WHITE/GRIDIRON-PURE PLATINUM Herre,,nike-fn8454,ok
https://loplabbet.no/nike-zoom-fly-6-100-whiteblack-smoke-grey-metallic-silver-dame-fn8455,nike,NIKE Zoom Fly 6 100-WHITE/BLACK-SMOKE GREY-METALLIC SILVER Dame,,nike-fn8455,ok
https://loplabbet.no/nike-zoom-fly-6-barely-voltoff-noir-volt-blue-tint-dame-fn8455,nike,NIKE Zoom Fly 6 BARELY VOLT/OFF NOIR-VOLT-BLUE TINT Dame,,nike-fn8455,ok
https://loplabbet.no/nike-zoom-fly-6-blackwhite-lt-smoke-grey-dame-fn8455,nike,NIKE Zoom Fly 6 BLACK/WHITE-LT SMOKE GREY Dame,,nike-fn8455,ok
https://loplabbet.no/nike-zoom-fly-6-bright-crimsoncave-purple-lime-blast-dame-fn8455,nike,NIKE Zoom Fly 6 BRIGHT CRIMSON/CAVE PURPLE-LIME BLAST Dame,,nike-fn8455,ok
https://loplabbet.no/nike-zoom-fly-6-citron-pulseindigo-burst-volt-ice-dame-fn8455,nike,NIKE Zoom Fly 6 CITRON PULSE/INDIGO BURST-VOLT ICE Dame,,nike-fn8455,ok
https://loplabbet.no/nike-zoom-fly-6-ghostblue-void-football-grey-dame-fn8455,nike,NIKE Zoom Fly 6 GHOST/BLUE VOID-FOOTBALL GREY Dame,,nike-fn8455,ok
https://loplabbet.no/nike-zoom-fly-6-glacier-blueblack-cobalt-bliss-dame-fn8455,nike,NIKE Zoom Fly 6 GLACIER BLUE/BLACK-COBALT BLISS Dame,,nike-fn8455,ok
https://loplabbet.no/nike-zoom-fly-6-glacier-iceblack-hyper-pink-green-shock-dame-fn8455,nike,NIKE Zoom Fly 6 GLACIER ICE/BLACK-HYPER PINK-GREEN SHOCK Dame,,nike-fn8455,ok
https://loplabbet.no/nike-zoom-fly-6-pale-ivoryblack-crimson-tint-sail-dame-fn8455,nike,NIKE Zoom Fly 6 PALE IVORY/BLACK-CRIMSON TINT-SAIL Dame,,nike-fn8455,ok
https://loplabbet.no/nike-zoom-fly-6-pale-ivoryhyper-crimson-barely-volt-dame-fn8455,nike,NIKE Zoom Fly 6 PALE IVORY/HYPER CRIMSON-BARELY VOLT Dame,,nike-fn8455,ok
https://loplabbet.no/nike-zoom-fly-6-pink-spellbordeaux-crimson-tint-dame-fn8455,nike,NIKE Zoom Fly 6 PINK SPELL/BORDEAUX-CRIMSON TINT Dame,,nike-fn8455,ok
https://loplabbet.no/nike-zoom-fly-6-sailtattoo-lt-magenta-pearl-pink-dame-fn8455,nike,NIKE Zoom Fly 6 SAIL/TATTOO-LT MAGENTA-PEARL PINK Dame,,nike-fn8455,ok
https://loplabbet.no/nike-zoom-fly-6-whiteblack-vivid-grape-hyper-pink-dame-fn8455,nike,NIKE Zoom Fly 6 WHITE/BLACK-VIVID GRAPE-HYPER PINK Dame,,nike-fn8455,ok
https://loplabbet.no/nike-zoom-fly-6-whitegridiron-pure-platinum-dame-fn8455,nike,NIKE Zoom Fly 6 WHITE/GRIDIRON-PURE PLATINUM Dame,,nike-fn8455,ok
https://loplabbet.no/nike-air-zoom-pegasus-41-gtx-blackblack-anthracite-herre-fq1356,nike,NIKE Air Zoom Pegasus 41 GTX BLACK/BLACK-ANTHRACITE Herre,,nike-fq1356,ok
https://loplabbet.no/nike-air-zoom-pegasus-41-gtx-blackblack-anthracite-dame-fq1357,nike,NIKE Air Zoom Pegasus 41 GTX BLACK/BLACK-ANTHRACITE Dame,,nike-fq1357,ok
https://loplabbet.no/nike-pacer-dri-fit-12-zip-running-top-clay-greenreflective-silv-herre-fq2494,nike,NIKE Pacer Dri-FIT 1/2-Zip Running Top CLAY GREEN/REFLECTIVE SILV Herre,,nike-fq2494,ok
https://loplabbet.no/nike-pegasus-plus-barely-greyhot-punch-white-black-dame-fq7261,nike,NIKE PEGASUS PLUS BARELY GREY/HOT PUNCH-WHITE-BLACK Dame,,nike-fq7261,ok
https://loplabbet.no/nike-pegasus-plus-whitemtlc-red-bronze-platinum-viol-dame-fq7261,nike,NIKE PEGASUS PLUS WHITE/MTLC RED BRONZE-PLATINUM VIOL Dame,,nike-fq7261,ok
https://loplabbet.no/nike-pegasus-plus-whitepure-platinum-wolf-grey-dame-fq7261,nike,NIKE PEGASUS PLUS WHITE/PURE PLATINUM-WOLF GREY Dame,,nike-fq7261,ok
https://loplabbet.no/nike-pegasus-plus-barely-greyhot-punch-white-black-herre-fq7262,nike,NIKE PEGASUS PLUS BARELY GREY/HOT PUNCH-WHITE-BLACK Herre,,nike-fq7262,ok
https://loplabbet.no/nike-pegasus-plus-blackhyper-crimson-astronomy-blue-herre-fq7262,nike,NIKE PEGASUS PLUS BLACK/HYPER CRIMSON-ASTRONOMY BLUE Herre,,nike-fq7262,ok
https://loplabbet.no/nike-pegasus-plus-pure-platinumdusty-cactus-white-bl-herre-fq7262,nike,NIKE PEGASUS PLUS PURE PLATINUM/DUSTY CACTUS-WHITE-BL Herre,,nike-fq7262,ok
https://loplabbet.no/nike-nike-pegasus-plus-whiteblack-sail-blue-tint-herre-fq7262,nike,NIKE NIKE PEGASUS PLUS WHITE/BLACK-SAIL-BLUE TINT Herre,,nike-fq7262,ok
https://loplabbet.no/nike-zoomx-vaporfly-nextpercent-3-prm-sailhyper-royal-safety-orange-herre-fq7676,nike,NIKE ZOOMX VAPORFLY NEXT% 3 PRM SAIL/HYPER ROYAL-SAFETY ORANGE Herre,,nike-fq7676,ok
https://loplabbet.no/nike-air-zoom-alphafly-nextpercent-2-luminous-greenblack-crimson-tint-volt-herre-fq8110,nike,NIKE Air Zoom Alphafly Next% 2 LUMINOUS GREEN/BLACK-CRIMSON TINT-VOLT Herre,,nike-fq8110,ok
https://loplabbet.no/nike-zoom-fly-5-prm-luminous-greenblack-volt-lime-blas-herre-fq8112,nike,NIKE ZOOM FLY 5 PRM LUMINOUS GREEN/BLACK-VOLT-LIME BLAS Herre,,nike-fq8112,ok
https://loplabbet.no/nike-zoomx-vaporfly-nextpercent-3-sea-glassblack-sundial-bright-crimson-herre-fq8344,nike,NIKE ZoomX Vaporfly Next% 3 SEA GLASS/BLACK-SUNDIAL-BRIGHT CRIMSON Herre,,nike-fq8344,ok
https://loplabbet.no/nike-pegasus-41-electric-multi-colormulti-color-herre-fv2229,nike,NIKE Pegasus 41 Electric MULTI-COLOR/MULTI-COLOR Herre,,nike-fv2229,ok
https://loplabbet.no/nike-invincible-3-electric-multi-colormulti-color-herre-fv2304,nike,NIKE Invincible 3 Electric MULTI-COLOR/MULTI-COLOR Herre,,nike-fv2304,ok
https://loplabbet.no/nike-vaporfly-3-electric-multi-colormulti-color-herre-fv2305,nike,NIKE Vaporfly 3 Electric MULTI-COLOR/MULTI-COLOR Herre,,nike-fv2305,ok
https://loplabbet.no/nike-maxfly-2-electric-multi-colormulti-color-unisex-fv2322,nike,NIKE Maxfly 2 Electric MULTI-COLOR/MULTI-COLOR Unisex,,nike-fv2322,ok
https://loplabbet.no/nike-victory-2-electric-multi-colormulti-color-unisex-fv2325,nike,NIKE Victory 2 Electric MULTI-COLOR/MULTI-COLOR Unisex,,nike-fv2325,ok
https://loplabbet.no/nike-dragonfly-2-electric-multi-colormulti-color-unisex-fv2326,nike,NIKE Dragonfly 2 Electric MULTI-COLOR/MULTI-COLOR Unisex,,nike-fv2326,ok
https://loplabbet.no/nike-zoomx-vaporfly-nextpercent-3-coconut-milkbright-mandarin-sail-dame-fv3634,nike,NIKE ZoomX Vaporfly Next% 3 COCONUT MILK/BRIGHT MANDARIN-SAIL Dame,,nike-fv3634,ok
https://loplabbet.no/nike-therma-fit-reflective-design-running-jacket-blackreflective-silvrefblk-dame-fv6420,nike,NIKE Therma-FIT Reflective Design Running Jacket BLACK/REFLECTIVE SILV/REFBLK Dame,,nike-fv6420,ok
https://loplabbet.no/nike-impossibly-light-kipchoge-jacket-blackblackstadium-green-herre-fv9606,nike,NIKE Impossibly Light Kipchoge Jacket BLACK/BLACK/STADIUM GREEN Herre,,nike-fv9606,ok
https://loplabbet.no/nike-dri-fit-fast-kipchoge-singlet-blackstadium-greenreflective-silv-herre-fv9610,nike,NIKE DRI-FIT FAST KIPCHOGE SINGLET BLACK/STADIUM GREEN/REFLECTIVE SILV Herre,,nike-fv9610,ok
https://loplabbet.no/nike-stride-kipchoge-5-shorts-blackblackstadium-green-herre-fz1076,nike,NIKE STRIDE KIPCHOGE 5&quot; SHORTS BLACK/BLACK/STADIUM GREEN Herre,,nike-fz1076,ok
https://loplabbet.no/nike-kipchoge-element-top-blackreflective-silv-herre-fz1078,nike,NIKE KIPCHOGE ELEMENT TOP BLACK/REFLECTIVE SILV Herre,,nike-fz1078,ok
https://loplabbet.no/nike-dri-fit-adv-running-tights-blackblkref-herre-fz1119,nike,NIKE Dri-FIT ADV Running Tights BLACK/BLKREF Herre,,nike-fz1119,ok
https://loplabbet.no/nike-therma-fit-run-vest-reflect-silverrefblk-herre-fz1131,nike,NIKE Therma-FIT RUN VEST REFLECT SILVER/REFBLK Herre,,nike-fz1131,ok
https://loplabbet.no/nike-dragonfly-2-elite-bright-crimsoncave-purple-lime-blast-unisex-fz9315,nike,NIKE Dragonfly 2 Elite BRIGHT CRIMSON/CAVE PURPLE-LIME BLAST Unisex,,nike-fz9315,ok
https://loplabbet.no/nike-dragonfly-2-elite-whiteblack-bright-spruce-vapor-green-unisex-fz9315,nike,NIKE Dragonfly 2 Elite WHITE/BLACK-BRIGHT SPRUCE-VAPOR GREEN Unisex,,nike-fz9315,ok
https://loplabbet.no/nike-dragonfly-2-elite-whiteobsidian-hyper-violet-unisex-fz9315,nike,NIKE Dragonfly 2 Elite WHITE/OBSIDIAN-HYPER VIOLET Unisex,,nike-fz9315,ok
https://loplabbet.no/nike-dragonfly-2-elite-electric-multi-colormulti-color-unisex-fz9317,nike,NIKE Dragonfly 2 Elite Electric MULTI-COLOR/MULTI-COLOR Unisex,,nike-fz9317,ok
https://loplabbet.no/nike-air-zoom-lj-elite-bright-crimsonwashed-coral-lime-blast-unisex-fz9326,nike,NIKE AIR ZOOM LJ ELITE BRIGHT CRIMSON/WASHED CORAL-LIME BLAST Unisex,,nike-fz9326,ok
https://loplabbet.no/nike-air-zoom-lj-elite-whiteobsidian-bright-crimson-unisex-fz9326,nike,NIKE AIR ZOOM LJ ELITE WHITE/OBSIDIAN-BRIGHT CRIMSON Unisex,,nike-fz9326,ok
https://loplabbet.no/nike-high-jump-elite-bright-crimsonwashed-coral-hyper-orange-unisex-fz9636,nike,NIKE High Jump Elite BRIGHT CRIMSON/WASHED CORAL-HYPER ORANGE Unisex,,nike-fz9636,ok
https://loplabbet.no/nike-high-jump-elite-citron-pulseindigo-burst-mega-blue-unisex-fz9636,nike,NIKE High Jump Elite CITRON PULSE/INDIGO BURST-MEGA BLUE Unisex,,nike-fz9636,ok
https://loplabbet.no/nike-nike-zoom-rival-distance-bright-crimsonwashed-coral-barely-volt-unisex-fz9653,nike,NIKE NIKE ZOOM RIVAL DISTANCE BRIGHT CRIMSON/WASHED CORAL-BARELY VOLT Unisex,,nike-fz9653,ok
https://loplabbet.no/nike-nike-zoom-rival-distance-citron-pulseindigo-burst-hyper-violet-unisex-fz9653,nike,NIKE NIKE ZOOM RIVAL DISTANCE CITRON PULSE/INDIGO BURST-HYPER VIOLET Unisex,,nike-fz9653,ok
https://loplabbet.no/nike-nike-zoom-rival-distance-whiteobsidian-bright-crimson-hyper-turq-unisex-fz9653,nike,NIKE NIKE ZOOM RIVAL DISTANCE WHITE/OBSIDIAN-BRIGHT CRIMSON-HYPER TURQ Unisex,,nike-fz9653,ok
https://loplabbet.no/nike-zoom-rival-multi-blackmetallic-silver-black-unisex-fz9664,nike,NIKE ZOOM RIVAL MULTI BLACK/METALLIC SILVER-BLACK Unisex,,nike-fz9664,ok
https://loplabbet.no/nike-zoom-rival-multi-bright-crimsonwashed-coral-lime-blast-unisex-fz9664,nike,NIKE ZOOM RIVAL MULTI BRIGHT CRIMSON/WASHED CORAL-LIME BLAST Unisex,,nike-fz9664,ok
https://loplabbet.no/nike-zoom-rival-multi-whiteblack-metallic-silver-unisex-fz9664,nike,NIKE ZOOM RIVAL MULTI WHITE/BLACK-METALLIC SILVER Unisex,,nike-fz9664,ok
https://loplabbet.no/nike-zoomx-vaporfly-nextpercent-3-whiteblack-bright-crimson-fierce-pink-dame-hf4995,nike,NIKE ZOOMX VAPORFLY NEXT% 3 WHITE/BLACK-BRIGHT CRIMSON-FIERCE PINK Dame,,nike-hf4995,ok
https://loplabbet.no/nike-zoomx-invincible-run-3-whiteblack-bright-mango-hyper-pink-dame-hf5025,nike,NIKE ZOOMX INVINCIBLE RUN 3 WHITE/BLACK-BRIGHT MANGO-HYPER PINK Dame,,nike-hf5025,ok
https://loplabbet.no/nike-club-tee-kipchoge-black-herre-hf6159,nike,NIKE CLUB TEE KIPCHOGE BLACK Herre,,nike-hf6159,ok
https://loplabbet.no/nike-club-tee-kipchoge-stadium-green-herre-hf6159,nike,NIKE CLUB TEE KIPCHOGE STADIUM GREEN Herre,,nike-hf6159,ok
https://loplabbet.no/nike-vaporfly-4-proto-sailblack-total-orange-white-dame-hf6411,nike,NIKE Vaporfly Next% 4 Proto SAIL/BLACK-TOTAL ORANGE-WHITE Dame,,nike-hf6411,ok
https://loplabbet.no/nike-zoomx-vaporfly-nextpercent-4-citron-pulseindigo-burst-laser-orange-dame-hf6412,nike,NIKE ZOOMX VAPORFLY NEXT% 4 CITRON PULSE/INDIGO BURST-LASER ORANGE Dame,,nike-hf6412,ok
https://loplabbet.no/nike-zoomx-vaporfly-nextpercent-4-glacier-bluegridiron-blue-tint-dame-hf6412,nike,NIKE ZOOMX VAPORFLY NEXT% 4 GLACIER BLUE/GRIDIRON-BLUE TINT Dame,,nike-hf6412,ok
https://loplabbet.no/nike-zoomx-vaporfly-nextpercent-4-pink-spellbordeaux-hyper-pink-volt-ice-dame-hf6412,nike,NIKE ZOOMX VAPORFLY NEXT% 4 PINK SPELL/BORDEAUX-HYPER PINK-VOLT ICE Dame,,nike-hf6412,ok
https://loplabbet.no/nike-zoomx-vaporfly-nextpercent-4-whiteblack-hyper-pink-mint-foam-dame-hf6412,nike,NIKE ZOOMX VAPORFLY NEXT% 4 WHITE/BLACK-HYPER PINK-MINT FOAM Dame,,nike-hf6412,ok
https://loplabbet.no/nike-vaporfly-4-proto-sailblack-total-orange-white-herre-hf6413,nike,NIKE Vaporfly 4 Proto SAIL/BLACK-TOTAL ORANGE-WHITE Herre,,nike-hf6413,ok
https://loplabbet.no/nike-vaporfly-nextpercent-4-citron-pulseindigo-burst-laser-orange-herre-hf6414,nike,NIKE Vaporfly Next% 4 CITRON PULSE/INDIGO BURST-LASER ORANGE Herre,,nike-hf6414,ok
https://loplabbet.no/nike-zoomx-vaporfly-nextpercent-4-ghostblue-void-persian-violet-herre-hf6414,nike,NIKE Vaporfly Next% 4 GHOST/BLUE VOID-PERSIAN VIOLET Herre,,nike-hf6414,ok
https://loplabbet.no/nike-vaporfly-nextpercent-4-obsidianwhite-persian-violet-herre-hf6414,nike,NIKE Vaporfly Next% 4 OBSIDIAN/WHITE-PERSIAN VIOLET Herre,,nike-hf6414,ok
https://loplabbet.no/nike-vaporfly-nextpercent-4-whiteblack-hyper-pink-mint-foam-herre-hf6414,nike,NIKE Vaporfly Next% 4 WHITE/BLACK-HYPER PINK-MINT FOAM Herre,,nike-hf6414,ok
https://loplabbet.no/nike-vaporfly-nextpercent-4-whitegridiron-obsidian-mist-herre-hf6414,nike,NIKE Vaporfly Next% 4 WHITE/GRIDIRON-OBSIDIAN MIST Herre,,nike-hf6414,ok
https://loplabbet.no/nike-zoomx-streakfly-2-citron-pulseindigo-burst-volt-ice-unisex-hf6416,nike,NIKE ZOOMX STREAKFLY 2 CITRON PULSE/INDIGO BURST-VOLT ICE Unisex,,nike-hf6416,ok
https://loplabbet.no/nike-zoomx-streakfly-2-ghostblue-void-persian-violet-unisex-hf6416,nike,NIKE ZOOMX STREAKFLY 2 GHOST/BLUE VOID-PERSIAN VIOLET Unisex,,nike-hf6416,ok
https://loplabbet.no/nike-zoomx-streakfly-2-glacier-blueblack-mint-foam-unisex-hf6416,nike,NIKE ZOOMX STREAKFLY 2 GLACIER BLUE/BLACK-MINT FOAM Unisex,,nike-hf6416,ok
https://loplabbet.no/nike-air-zoom-alphafly-nextpercent-3-fp-multi-colormulti-color-dame-hf7356,nike,NIKE AIR ZOOM ALPHAFLY NEXT% 3 FP MULTI-COLOR/MULTI-COLOR Dame,,nike-hf7356,ok
https://loplabbet.no/nike-air-zoom-alphafly-nextpercent-3-fp-multi-colormulti-color-herre-hf7357,nike,NIKE AIR ZOOM ALPHAFLY NEXT% 3 FP MULTI-COLOR/MULTI-COLOR Herre,,nike-hf7357,ok
https://loplabbet.no/nike-air-zoom-victory-2-proto-whiteblack-total-orange-unisex-hf7642,nike,NIKE AIR ZOOM VICTORY 2 PROTO WHITE/BLACK-TOTAL ORANGE Unisex,,nike-hf7642,ok
https://loplabbet.no/nike-air-zoom-maxfly-2-proto-whiteblack-total-orange-unisex-hf7643,nike,NIKE AIR ZOOM MAXFLY 2 PROTO WHITE/BLACK-TOTAL ORANGE Unisex,,nike-hf7643,ok
https://loplabbet.no/nike-zoomx-dragonfly-2-proto-multi-colormulti-color-unisex-hf7644,nike,NIKE ZOOMX DRAGONFLY 2 PROTO MULTI-COLOR/MULTI-COLOR Unisex,,nike-hf7644,ok
https://loplabbet.no/nike-swift-78-tight-armory-navyreflective-silv-dame-hj2252,nike,NIKE SWIFT 7/8 TIGHT ARMORY NAVY/REFLECTIVE SILV Dame,,nike-hj2252,ok
https://loplabbet.no/nike-swift-78-tight-blackreflective-silv-dame-hj2252,nike,NIKE SWIFT 7/8 TIGHT BLACK/REFLECTIVE SILV Dame,,nike-hj2252,ok
https://loplabbet.no/nike-swift-78-tight-green-abyssreflective-silv-dame-hj2252,nike,NIKE SWIFT 7/8 TIGHT GREEN ABYSS/REFLECTIVE SILV Dame,,nike-hj2252,ok
https://loplabbet.no/nike-swift-shorts-blackreflective-silv-dame-hj2258,nike,NIKE SWIFT SHORTS BLACK/REFLECTIVE SILV Dame,,nike-hj2258,ok
https://loplabbet.no/nike-swift-shorts-green-abyssreflective-silv-dame-hj2258,nike,NIKE SWIFT SHORTS GREEN ABYSS/REFLECTIVE SILV Dame,,nike-hj2258,ok
https://loplabbet.no/nike-swift-shorts-illusion-greenreflective-silv-dame-hj2258,nike,NIKE SWIFT SHORTS ILLUSION GREEN/REFLECTIVE SILV Dame,,nike-hj2258,ok
https://loplabbet.no/nike-aeroswift-dri-fit-top-comet-blueblack-herre-hj3377,nike,NIKE AeroSwift Dri-FIT TOP COMET BLUE/BLACK Herre,,nike-hj3377,ok
https://loplabbet.no/nike-aeroswift-dri-fit-top-ghostblack-herre-hj3377,nike,NIKE AeroSwift Dri-FIT TOP GHOST/BLACK Herre,,nike-hj3377,ok
https://loplabbet.no/nike-m-nk-dfadv-aroswft-ss-top-laser-orangeblack-herre-hj3377,nike,NIKE M NK DFADV AROSWFT SS TOP LASER ORANGE/BLACK Herre,,nike-hj3377,ok
https://loplabbet.no/nike-aeroswift-dri-fit-top-lt-crimsonblack-herre-hj3377,nike,NIKE AeroSwift Dri-FIT TOP LT CRIMSON/BLACK Herre,,nike-hj3377,ok
https://loplabbet.no/nike-aeroswift-dri-fit-top-lt-current-blueblack-herre-hj3377,nike,NIKE AeroSwift Dri-FIT TOP LT CURRENT BLUE/BLACK Herre,,nike-hj3377,ok
https://loplabbet.no/nike-aeroswift-dri-fit-top-obsidianbright-crimson-herre-hj3377,nike,NIKE AeroSwift Dri-FIT TOP OBSIDIAN/BRIGHT CRIMSON Herre,,nike-hj3377,ok
https://loplabbet.no/nike-aeroswift-elite-entry-shorts-lt-lemon-twistlt-crimsonblackblack-herre-hj3384,nike,NIKE AeroSwift Elite Entry Shorts LT LEMON TWIST/LT CRIMSON/BLACK/BLACK Herre,,nike-hj3384,ok
https://loplabbet.no/nike-jakob-mens-drifit-short-sleeve-running-top-black-herre-hj3534,nike,NIKE Jakob Men&#x27;s DriFit Short-Sleeve Running Top BLACK Herre,,nike-hj3534,ok
https://loplabbet.no/nike-jakob-mens-drifit-short-sleeve-running-top-sail-herre-hj3534,nike,NIKE Jakob Men&#x27;s DriFit Short-Sleeve Running Top SAIL Herre,,nike-hj3534,ok
https://loplabbet.no/nike-x-jakob-drifit-5-brief-lined-running-shorts-blackblackmetallic-gold-herre-hj3536,nike,NIKE x Jakob DriFit 5&quot; Brief-Lined Running Shorts BLACK/BLACK/METALLIC GOLD Herre,,nike-hj3536,ok
https://loplabbet.no/nike-x-jakob-drifit-5-brief-lined-running-shorts-light-silverlight-silvermetallic-gold-herre-hj3536,nike,NIKE x Jakob DriFit 5&quot; Brief-Lined Running Shorts LIGHT SILVER/LIGHT SILVER/METALLIC GOLD Herre,,nike-hj3536,ok
https://loplabbet.no/nike-repel-jakob-jacket-blackblackmetallic-gold-herre-hj3538,nike,NIKE REPEL JAKOB JACKET BLACK/BLACK/METALLIC GOLD Herre,,nike-hj3538,ok
https://loplabbet.no/nike-repel-jakob-jacket-light-silverlight-silvermetallic-gold-herre-hj3538,nike,NIKE REPEL JAKOB JACKET LIGHT SILVER/LIGHT SILVER/METALLIC GOLD Herre,,nike-hj3538,ok
https://loplabbet.no/nike-drifit-jakob-half-zip-black-herre-hj3562,nike,NIKE DriFit JAKOB Half Zip BLACK Herre,,nike-hj3562,ok
https://loplabbet.no/nike-drifit-jakob-half-zip-light-silver-herre-hj3562,nike,NIKE DriFit JAKOB Half Zip LIGHT SILVER Herre,,nike-hj3562,ok
https://loplabbet.no/nike-dri-fit-2-i-1-lopeshorts-blackreflective-silv-dame-hj5376,nike,NIKE Dri-FIT 2-i-1 løpeshorts BLACK/REFLECTIVE SILV Dame,,nike-hj5376,ok
https://loplabbet.no/nike-dri-fit-2-i-1-lopeshorts-blue-tintreflective-silv-dame-hj5376,nike,NIKE Dri-FIT 2-i-1 løpeshorts BLUE TINT/REFLECTIVE SILV Dame,,nike-hj5376,ok
https://loplabbet.no/nike-nike-zoomx-invincible-rn-3-fp-multi-colormulti-color-herre-hj6653,nike,NIKE NIKE ZOOMX INVINCIBLE RN 3 FP MULTI-COLOR/MULTI-COLOR Herre,,nike-hj6653,ok
https://loplabbet.no/nike-zoomx-invincible-rn-fp-multi-colormulti-color-dame-hj6655,nike,NIKE ZOOMX INVINCIBLE RN FP MULTI-COLOR/MULTI-COLOR Dame,,nike-hj6655,ok
https://loplabbet.no/nike-zoom-fly-6-ek-whiteblack-pale-ivory-sail-herre-hj7038,nike,NIKE ZOOM FLY 6 EK WHITE/BLACK-PALE IVORY-SAIL Herre,,nike-hj7038,ok
https://loplabbet.no/nike-vaporfly-3-eliud-kipchoge-vapor-greenblack-dragon-red-herre-hj7040,nike,NIKE Vaporfly 3 &quot;Eliud Kipchoge&quot; VAPOR GREEN/BLACK-DRAGON RED Herre,,nike-hj7040,ok
https://loplabbet.no/nike-air-zoom-alphafly-nextpercent-3-ek-vapor-greenblack-dragon-red-herre-hj7041,nike,NIKE Eliud Kipchoge Nike Alphafly 3 &quot;Eliud Kipchoge&quot; Men&#x27;s Road Racing Shoes VAPOR GREEN/BLACK-DRAGON RED Herre,,nike-hj7041,ok
https://loplabbet.no/nike-nike-zoomx-vaporfly-nextpercent-3-fk-whitespeed-red-pure-platinum-herre-hj9079,nike,NIKE NIKE ZOOMX VAPORFLY NEXT% 3 FK WHITE/SPEED RED-PURE PLATINUM Herre,,nike-hj9079,ok
https://loplabbet.no/nike-swift-high-support-sports-bra-blackreflective-silv-dame-hm5220,nike,NIKE Swift High Support Sports Bra BLACK/REFLECTIVE SILV Dame,,nike-hm5220,ok
https://loplabbet.no/nike-swift-high-support-sports-bra-sea-coralsilver-dame-hm5220,nike,NIKE Swift High Support Sports Bra SEA CORAL/SILVER Dame,,nike-hm5220,ok
https://loplabbet.no/nike-vomero-premium-blue-tintdeep-royal-blue-aluminum-dame-hm5973,nike,NIKE VOMERO PREMIUM BLUE TINT/DEEP ROYAL BLUE-ALUMINUM Dame,,nike-hm5973,ok
https://loplabbet.no/nike-vomero-premium-hyper-pinkblack-digital-pink-volt-dame-hm5973,nike,NIKE VOMERO PREMIUM HYPER PINK/BLACK-DIGITAL PINK-VOLT Dame,,nike-hm5973,ok
https://loplabbet.no/nike-vomero-premium-tangerine-tinttattoo-bright-crimson-dame-hm5973,nike,NIKE VOMERO PREMIUM TANGERINE TINT/TATTOO-BRIGHT CRIMSON Dame,,nike-hm5973,ok
https://loplabbet.no/nike-vomero-18-orange-chalkblack-total-orange-volt-herre-hm6803,nike,NIKE VOMERO 18 ORANGE CHALK/BLACK-TOTAL ORANGE-VOLT Herre,,nike-hm6803,ok
https://loplabbet.no/nike-vomero-18-platinum-tintmtlc-pewter-siren-red-herre-hm6803,nike,NIKE VOMERO 18 PLATINUM TINT/MTLC PEWTER-SIREN RED Herre,,nike-hm6803,ok
https://loplabbet.no/nike-vomero-18-atmosphereblack-bright-crimson-dame-hm6804,nike,NIKE VOMERO 18 ATMOSPHERE/BLACK-BRIGHT CRIMSON Dame,,nike-hm6804,ok
https://loplabbet.no/nike-vomero-18-bright-crimsonwhite-hyper-pink-dame-hm6804,nike,NIKE VOMERO 18 BRIGHT CRIMSON/WHITE-HYPER PINK Dame,,nike-hm6804,ok
https://loplabbet.no/nike-vomero-18-light-soft-pinkmadder-root-dame-hm6804,nike,NIKE VOMERO 18 LIGHT SOFT PINK/MADDER ROOT Dame,,nike-hm6804,ok
https://loplabbet.no/nike-vomero-18-summit-whiteblack-coconut-milk-dame-hm6804,nike,NIKE VOMERO 18 SUMMIT WHITE/BLACK-COCONUT MILK Dame,,nike-hm6804,ok
https://loplabbet.no/nike-vomero-18-whiteblack-electric-green-volt-dame-hm6804,nike,NIKE VOMERO 18 WHITE/BLACK-ELECTRIC GREEN-VOLT Dame,,nike-hm6804,ok
https://loplabbet.no/nike-swift-dri-fit-short-sleeve-top-green-abyssreflective-silv-dame-hm9698,nike,NIKE Swift Dri-FIT Short Sleeve Top GREEN ABYSS/REFLECTIVE SILV Dame,,nike-hm9698,ok
https://loplabbet.no/nike-swift-dri-fit-short-sleeve-top-lt-crimsonreflective-silv-dame-hm9698,nike,NIKE Swift Dri-FIT Short Sleeve Top LT CRIMSON/REFLECTIVE SILV Dame,,nike-hm9698,ok
https://loplabbet.no/nike-swift-dri-fit-short-sleeve-top-mink-brownreflective-silv-dame-hm9698,nike,NIKE Swift Dri-FIT Short Sleeve Top MINK BROWN/REFLECTIVE SILV Dame,,nike-hm9698,ok
https://loplabbet.no/nike-swift-dri-fit-short-sleeve-top-violet-mistreflective-silv-dame-hm9698,nike,NIKE Swift Dri-FIT Short Sleeve Top VIOLET MIST/REFLECTIVE SILV Dame,,nike-hm9698,ok
https://loplabbet.no/nike-swift-dri-fit-short-sleeve-top-world-indigoreflective-silv-dame-hm9698,nike,NIKE Swift Dri-FIT Short Sleeve Top WORLD INDIGO/REFLECTIVE SILV Dame,,nike-hm9698,ok
https://loplabbet.no/nike-swift-fri-fit-long-sleeve-crew-illusion-greenreflective-silv-dame-hq0503,nike,NIKE Swift Fri-Fit Long Sleeve Crew ILLUSION GREEN/REFLECTIVE SILV Dame,,nike-hq0503,ok
https://loplabbet.no/nike-swift-dri-fit-running-tank-top-atmospherereflective-silv-dame-hq0620,nike,NIKE Swift Dri-FIT Running Tank Top ATMOSPHERE/REFLECTIVE SILV Dame,,nike-hq0620,ok
https://loplabbet.no/nike-swift-dri-fit-running-tank-top-blackreflective-silv-dame-hq0620,nike,NIKE Swift Dri-FIT Running Tank Top BLACK/REFLECTIVE SILV Dame,,nike-hq0620,ok
https://loplabbet.no/nike-swift-dri-fit-running-tank-top-cannonreflective-silv-dame-hq0620,nike,NIKE Swift Dri-FIT Running Tank Top CANNON/REFLECTIVE SILV Dame,,nike-hq0620,ok
https://loplabbet.no/nike-swift-dri-fit-running-tank-top-sailreflective-silv-dame-hq0620,nike,NIKE Swift Dri-FIT Running Tank Top SAIL/REFLECTIVE SILV Dame,,nike-hq0620,ok
https://loplabbet.no/nike-swift-dri-fit-running-tank-top-sapphirereflective-silv-dame-hq0620,nike,NIKE Swift Dri-FIT Running Tank Top SAPPHIRE/REFLECTIVE SILV Dame,,nike-hq0620,ok
https://loplabbet.no/nike-swift-repel-packable-running-jacket-blackreflective-silv-dame-hq0650,nike,NIKE Swift Repel Packable Running Jacket BLACK/REFLECTIVE SILV Dame,,nike-hq0650,ok
https://loplabbet.no/nike-zoom-fly-6-cm-racer-bluesail-denim-turq-doll-herre-hq1718,nike,NIKE ZOOM FLY 6 CM RACER BLUE/SAIL-DENIM TURQ-DOLL Herre,,nike-hq1718,ok
https://loplabbet.no/nike-pegasus-plus-racer-bluesail-blue-void-doll-herre-hq1719,nike,NIKE PEGASUS PLUS RACER BLUE/SAIL-BLUE VOID-DOLL Herre,,nike-hq1719,ok
https://loplabbet.no/nike-vomero-premium-alabasterblue-void-citron-pulse-herre-hq2050,nike,NIKE VOMERO PREMIUM ALABASTER/BLUE VOID-CITRON PULSE Herre,,nike-hq2050,ok
https://loplabbet.no/nike-vomero-premium-atomic-pinkblack-racer-blue-herre-hq2050,nike,NIKE VOMERO PREMIUM ATOMIC PINK/BLACK-RACER BLUE Herre,,nike-hq2050,ok
https://loplabbet.no/nike-vomero-premium-barely-greenclay-green-barely-volt-volt-herre-hq2050,nike,NIKE VOMERO PREMIUM BARELY GREEN/CLAY GREEN-BARELY VOLT-VOLT Herre,,nike-hq2050,ok
https://loplabbet.no/nike-vomero-premium-blackiron-grey-anthracite-volt-herre-hq2050,nike,NIKE VOMERO PREMIUM BLACK/IRON GREY-ANTHRACITE-VOLT Herre,,nike-hq2050,ok
https://loplabbet.no/nike-vomero-premium-volt-tintblack-spruce-sapphire-volt-herre-hq2050,nike,NIKE VOMERO PREMIUM VOLT TINT/BLACK SPRUCE-SAPPHIRE-VOLT Herre,,nike-hq2050,ok
https://loplabbet.no/nike-vomero-premium-whiteblack-bright-crimson-photon-d-herre-hq2050,nike,NIKE VOMERO PREMIUM WHITE/BLACK-BRIGHT CRIMSON-PHOTON D Herre,,nike-hq2050,ok
https://loplabbet.no/nike-air-zoom-maxfly-2-red-stardustpale-ivory-red-sepia-unisex-hq2058,nike,NIKE AIR ZOOM MAXFLY 2 RED STARDUST/PALE IVORY-RED SEPIA Unisex,,nike-hq2058,ok
https://loplabbet.no/nike-pegasus-premium-barely-greenbright-crimson-mint-foam-herre-hq2592,nike,NIKE PEGASUS PREMIUM BARELY GREEN/BRIGHT CRIMSON-MINT FOAM Herre,,nike-hq2592,ok
https://loplabbet.no/nike-pegasus-premium-greymulti-color-total-orange-herre-hq2592,nike,NIKE PEGASUS PREMIUM GREY/MULTI COLOR-TOTAL ORANGE Herre,,nike-hq2592,ok
https://loplabbet.no/nike-pegasus-premium-greymulti-color-total-orange-dame-hq2593,nike,NIKE PEGASUS PREMIUM GREY/MULTI COLOR-TOTAL ORANGE Dame,,nike-hq2593,ok
https://loplabbet.no/nike-pegasus-premium-whitemetallic-silver-metallic-silver-dame-hq2593,nike,NIKE PEGASUS PREMIUM WHITE/METALLIC SILVER-METALLIC SILVER Dame,,nike-hq2593,ok
https://loplabbet.no/nike-pegasus-premium-whitemetallic-silver-mint-foam-cannon-dame-hq2593,nike,NIKE PEGASUS PREMIUM WHITE/METALLIC SILVER-MINT FOAM-CANNON Dame,,nike-hq2593,ok
https://loplabbet.no/nike-air-zoom-pegasus-41-jakob-ingebrigtsen-medium-ashmtlc-gold-grain-summit-white-herre-hq3040,nike,NIKE Air Zoom Pegasus 41 Jakob Ingebrigtsen MEDIUM ASH/MTLC GOLD GRAIN-SUMMIT WHITE Herre,,nike-hq3040,ok
https://loplabbet.no/nike-victory-2-jakob-ingebrigtsen-sailblack-medium-ash-mtlc-gold-grain-unisex-hq3041,nike,NIKE Victory 2 Jakob Ingebrigtsen SAIL/BLACK-MEDIUM ASH-MTLC GOLD GRAIN Unisex,,nike-hq3041,ok
https://loplabbet.no/nike-zoom-fly-6-jakob-ingebrigtsen-medium-ashmtlc-gold-grain-summit-white-herre-hq3043,nike,NIKE Zoom Fly 6 Jakob Ingebrigtsen MEDIUM ASH/MTLC GOLD GRAIN-SUMMIT WHITE Herre,,nike-hq3043,ok
https://loplabbet.no/nike-structure-plus-iron-purplevoltage-green-off-noir-herre-hq3048,nike,NIKE Structure Plus IRON PURPLE/VOLTAGE GREEN-OFF NOIR- Herre,,nike-hq3048,ok
https://loplabbet.no/nike-structure-plus-tattoosilver-hot-lava-black-dame-hq3049,nike,NIKE Structure Plus TATTOO/SILVER-HOT LAVA-BLACK Dame,,nike-hq3049,ok
https://loplabbet.no/nike-structure-plus-whitemidnight-navy-royal-pulse-dame-hq3049,nike,NIKE Structure Plus WHITE/MIDNIGHT NAVY-ROYAL PULSE Dame,,nike-hq3049,ok
https://loplabbet.no/nike-zoom-sd-4-bright-crimsonwashed-coral-hyper-orange-unisex-hq3487,nike,NIKE ZOOM SD 4 BRIGHT CRIMSON/WASHED CORAL-HYPER ORANGE Unisex,,nike-hq3487,ok
https://loplabbet.no/nike-zoom-sd-4-citron-pulseindigo-burst-laser-ora-unisex-hq3487,nike,NIKE ZOOM SD 4 CITRON PULSE/INDIGO BURST-LASER ORA Unisex,,nike-hq3487,ok
https://loplabbet.no/nike-zoom-sd-4-obsidianorange-pulse-hyper-violet-unisex-hq3487,nike,NIKE ZOOM SD 4 OBSIDIAN/ORANGE PULSE-HYPER VIOLET Unisex,,nike-hq3487,ok
https://loplabbet.no/nike-air-zoom-alphafly-nextpercent-3-prm-whitehabanero-red-black-university-red-herre-hq3501,nike,NIKE AIR ZOOM ALPHAFLY NEXT% 3 PRM WHITE/HABANERO RED-BLACK-UNIVERSITY RED Herre,,nike-hq3501,ok
https://loplabbet.no/nike-zoomx-vaporfly-nextpercent-3-fk-prm-whitehabanero-red-black-university-red-herre-hq3504,nike,NIKE ZOOMX VAPORFLY NEXT% 3 FK PRM WHITE/HABANERO RED-BLACK-UNIVERSITY RED Herre,,nike-hq3504,ok
https://loplabbet.no/nike-zoomx-vaporfly-nextpercent-3fk-mint-foamsail-sunset-tint-barely-v-dame-hq3505,nike,NIKE ZOOMX VAPORFLY NEXT% 3FK MINT FOAM/SAIL-SUNSET TINT-BARELY V Dame,,nike-hq3505,ok
https://loplabbet.no/nike-drifit-adv-aeroswift-jakob-singlet-blackmetallic-gold-herre-hq4195,nike,NIKE DriFit ADV AEROSWIFT JAKOB SINGLET BLACK/METALLIC GOLD Herre,,nike-hq4195,ok
https://loplabbet.no/nike-drifit-adv-aeroswift-jakob-singlet-sailmetallic-gold-herre-hq4195,nike,NIKE DriFit ADV AEROSWIFT JAKOB SINGLET SAIL/METALLIC GOLD Herre,,nike-hq4195,ok
https://loplabbet.no/nike-dri-fit-adv-aeroswift-jakob-2in1-shorts-blackmetallic-gold-herre-hq4197,nike,NIKE Dri-Fit ADV AEROSWIFT JAKOB 2IN1 SHORTS BLACK/METALLIC GOLD Herre,,nike-hq4197,ok
https://loplabbet.no/nike-dri-fit-adv-aeroswift-jakob-2in1-shorts-light-silvermetallic-gold-herre-hq4197,nike,NIKE Dri-Fit ADV AEROSWIFT JAKOB 2IN1 SHORTS LIGHT SILVER/METALLIC GOLD Herre,,nike-hq4197,ok
https://loplabbet.no/nike-dri-fit-avd-run-pinnacle-ss-top-blackblkref-herre-hv2004,nike,NIKE Dri-Fit AVD Run Pinnacle SS Top BLACK/BLKREF Herre,,nike-hv2004,ok
https://loplabbet.no/nike-dri-fit-avd-run-pinnacle-ss-top-summit-whiteblkref-herre-hv2004,nike,NIKE Dri-Fit AVD Run Pinnacle SS Top SUMMIT WHITE/BLKREF Herre,,nike-hv2004,ok
https://loplabbet.no/nike-run-dri-fit-adv-running-utility-vest-blackblkref-herre-hv2006,nike,NIKE Run Dri-Fit ADV Running Utility Vest BLACK/BLKREF Herre,,nike-hv2006,ok
https://loplabbet.no/nike-dri-fit-adv-run-5-brief-lined-shorts-baroque-brown-herre-hv2008,nike,NIKE Dri-Fit ADV Run 5&quot; Brief-Lined Shorts BAROQUE BROWN Herre,,nike-hv2008,ok
https://loplabbet.no/nike-dri-fit-adv-run-5-brief-lined-shorts-blackblackblkref-herre-hv2008,nike,NIKE Dri-Fit ADV Run 5&quot; Brief-Lined Shorts BLACK/BLACK/BLKREF Herre,,nike-hv2008,ok
https://loplabbet.no/nike-run-lightweight-jacket-blackblkref-herre-hv2124,nike,NIKE Run Lightweight Jacket BLACK/BLKREF Herre,,nike-hv2124,ok
https://loplabbet.no/nike-dri-fit-adv-enrgy-stride-ss-top-blackbright-crimson-herre-hv2128,nike,NIKE Dri-FIT ADV ENRGY STRIDE SS TOP BLACK/BRIGHT CRIMSON Herre,,nike-hv2128,ok
https://loplabbet.no/nike-dri-fit-stride-halfzip-midlayer-blackreflective-silv-herre-hv2180,nike,NIKE Dri-Fit STRIDE HalfZip MIDLAYER BLACK/REFLECTIVE SILV Herre,,nike-hv2180,ok
https://loplabbet.no/nike-dri-fit-stride-halfzip-midlayer-smoke-greyhtrreflective-silv-herre-hv2180,nike,NIKE Dri-Fit STRIDE HalfZip MIDLAYER SMOKE GREY/HTR/REFLECTIVE SILV Herre,,nike-hv2180,ok
https://loplabbet.no/nike-drifit-adv-aeroswift-singlet-coastal-bluewhite-herre-hv2643,nike,NIKE DriFit ADV Aeroswift Singlet COASTAL BLUE/WHITE Herre,,nike-hv2643,ok
https://loplabbet.no/nike-swift-therma-fit-lopevest-world-indigoreflective-silv-dame-hv2655,nike,NIKE Swift Therma-FIT løpevest WORLD INDIGO/REFLECTIVE SILV Dame,,nike-hv2655,ok
https://loplabbet.no/nike-stride-therma-fit-repel-winterized-12-zip-running-top-cannonreflective-silv-herre-hv2707,nike,NIKE Stride Therma-FIT Repel Winterized 1/2-Zip Running Top CANNON/REFLECTIVE SILV Herre,,nike-hv2707,ok
https://loplabbet.no/nike-dri-fit-adv-wool-long-sleeve-running-top-blackanthracite-herre-hv2718,nike,NIKE Dri-FIT ADV Wool Long-sleeve Running Top BLACK/ANTHRACITE Herre,,nike-hv2718,ok
https://loplabbet.no/nike-swift-therma-fit-long-sleeve-blackreflective-silv-dame-hv2969,nike,NIKE Swift Therma-FIT long sleeve BLACK/REFLECTIVE SILV Dame,,nike-hv2969,ok
https://loplabbet.no/nike-zoom-fly-6-light-boneburgundy-crush-cave-stone-herre-hv4366,nike,NIKE Zoom Fly 6 LIGHT BONE/BURGUNDY CRUSH-CAVE STONE Herre,,nike-hv4366,ok
https://loplabbet.no/nike-stride-drifit-woven-pant-blackreflective-silv-herre-hv4544,nike,NIKE STRIDE DRIFIT WOVEN PANT BLACK/REFLECTIVE SILV Herre,,nike-hv4544,ok
https://loplabbet.no/nike-stride-uv-jacket-blackcannonreflective-silv-herre-hv4548,nike,NIKE STRIDE UV JACKET BLACK/CANNON/REFLECTIVE SILV Herre,,nike-hv4548,ok
https://loplabbet.no/nike-stride-uv-jacket-university-redreflective-silv-herre-hv4548,nike,NIKE STRIDE UV JACKET UNIVERSITY RED/REFLECTIVE SILV Herre,,nike-hv4548,ok
https://loplabbet.no/nike-dri-fit-adv-stride-top-cannonreflective-silv-herre-hv5203,nike,NIKE Dri-FIT ADV STRIDE TOP CANNON/REFLECTIVE SILV Herre,,nike-hv5203,ok
https://loplabbet.no/nike-dri-fit-adv-stride-top-university-redreflective-silv-herre-hv5203,nike,NIKE Dri-FIT ADV STRIDE TOP UNIVERSITY RED/REFLECTIVE SILV Herre,,nike-hv5203,ok
https://loplabbet.no/nike-dri-fit-adv-stride-top-whitereflective-silv-herre-hv5203,nike,NIKE Dri-FIT ADV STRIDE TOP WHITE/REFLECTIVE SILV Herre,,nike-hv5203,ok
https://loplabbet.no/nike-dri-fit-adv-stride-tank-midnight-navyreflective-silv-herre-hv5210,nike,NIKE Dri-FIT ADV Stride Tank MIDNIGHT NAVY/REFLECTIVE SILV Herre,,nike-hv5210,ok
https://loplabbet.no/nike-zoomx-vaporfly-nextpercent-4-jakob-ingebrigtsen-sailmedium-ash-mtlc-gold-grain-phantom-herre-hv6107,nike,NIKE ZOOMX VAPORFLY NEXT% 4 Jakob Ingebrigtsen SAIL/MEDIUM ASH-MTLC GOLD GRAIN-PHANTOM Herre,,nike-hv6107,ok
https://loplabbet.no/nike-air-zoom-alphafly-nextpercent-3-blackmtlc-medium-ash-olive-aura-herre-hv6350,nike,NIKE AIR ZOOM ALPHAFLY NEXT% 3 BLACK/MTLC MEDIUM ASH-OLIVE AURA Herre,,nike-hv6350,ok
https://loplabbet.no/nike-zoomx-vaporfly-nextpercent-3-fk-blackmtlc-medium-ash-olive-aura-herre-hv6351,nike,NIKE ZOOMX VAPORFLY NEXT% 3 FK BLACK/MTLC MEDIUM ASH-OLIVE AURA Herre,,nike-hv6351,ok
https://loplabbet.no/nike-triple-jump-elite-3-whiteobsidian-hyper-turq-bright-crimson-unisex-hv6425,nike,NIKE TRIPLE JUMP ELITE 3 WHITE/OBSIDIAN-HYPER TURQ-BRIGHT CRIMSON Unisex,,nike-hv6425,ok
https://loplabbet.no/nike-running-lightweight-sock-voltbright-cactusblackbright-cactus-unisex-hv6919,nike,NIKE Running Lightweight Sock VOLT/BRIGHT CACTUS/BLACK/BRIGHT CACTUS Unisex,,nike-hv6919,ok
https://loplabbet.no/nike-running-lightweight-sock-whiteblackpure-platinum-unisex-hv6919,nike,NIKE Running Lightweight Sock WHITE/BLACK/PURE PLATINUM Unisex,,nike-hv6919,ok
https://loplabbet.no/nike-u-nk-mdwt-run-crew-1pr-168-whitevoltblack-unisex-hv6924,nike,NIKE Running Midweight Crew Socks (1 Pair) WHITE/VOLT/BLACK Unisex,,nike-hv6924,ok
https://loplabbet.no/nike-vomero-plus-anthracitewolf-grey-summit-white-herre-hv8150,nike,NIKE Vomero Plus ANTHRACITE/WOLF GREY-SUMMIT WHITE Herre,,nike-hv8150,ok
https://loplabbet.no/nike-vomero-plus-citron-pulseblue-void-alabaster-herre-hv8150,nike,NIKE Vomero Plus CITRON PULSE/BLUE VOID-ALABASTER Herre,,nike-hv8150,ok
https://loplabbet.no/nike-vomero-plus-orange-pulseblack-hot-lava-total-orange-herre-hv8150,nike,NIKE Vomero Plus ORANGE PULSE/BLACK-HOT LAVA-TOTAL ORANGE Herre,,nike-hv8150,ok
https://loplabbet.no/nike-vomero-plus-seaweedvolt-cannon-green-haze-herre-hv8150,nike,NIKE Vomero Plus SEAWEED/VOLT-CANNON-GREEN HAZE Herre,,nike-hv8150,ok
https://loplabbet.no/nike-vomero-plus-mens-road-running-shoes-volt-tintblack-spruce-lime-blast-herre-hv8150,nike,NIKE Vomero Plus VOLT TINT/BLACK SPRUCE-LIME BLAST Herre,,nike-hv8150,ok
https://loplabbet.no/nike-vomero-plus-whiteblack-bright-crimson-herre-hv8150,nike,NIKE Vomero Plus WHITE/BLACK-BRIGHT CRIMSON Herre,,nike-hv8150,ok
https://loplabbet.no/nike-vomero-plus-whitesummit-white-photon-dust-herre-hv8150,nike,NIKE Vomero Plus WHITE/SUMMIT WHITE-PHOTON DUST Herre,,nike-hv8150,ok
https://loplabbet.no/nike-vomero-plus-football-greywhite-aluminum-royal-pulse-dame-hv8154,nike,NIKE Vomero Plus FOOTBALL GREY/WHITE-ALUMINUM-ROYAL PULSE Dame,,nike-hv8154,ok
https://loplabbet.no/nike-vomero-plus-hyper-pinkburgundy-crush-bright-crimson-dame-hv8154,nike,NIKE Vomero Plus HYPER PINK/BURGUNDY CRUSH-BRIGHT CRIMSON Dame,,nike-hv8154,ok
https://loplabbet.no/nike-vomero-plus-lt-magentablack-pink-foam-bright-violet-dame-hv8154,nike,NIKE Vomero Plus LT MAGENTA/BLACK-PINK FOAM-BRIGHT VIOLET Dame,,nike-hv8154,ok
https://loplabbet.no/nike-vomero-plus-sailmetallic-silver-barely-volt-dame-hv8154,nike,NIKE Vomero Plus SAIL/METALLIC SILVER-BARELY VOLT Dame,,nike-hv8154,ok
https://loplabbet.no/nike-vomero-plus-tattooparticle-rose-hydrogen-blue-dame-hv8154,nike,NIKE Vomero Plus TATTOO/PARTICLE ROSE-HYDROGEN BLUE Dame,,nike-hv8154,ok
https://loplabbet.no/nike-vomero-plus-whitebleached-turq-mint-foam-dame-hv8154,nike,NIKE Vomero Plus WHITE/BLEACHED TURQ-MINT FOAM Dame,,nike-hv8154,ok
https://loplabbet.no/nike-vomero-plus-whitemetallic-silver-illusion-green-dame-hv8154,nike,NIKE Vomero Plus WHITE/METALLIC SILVER-ILLUSION GREEN Dame,,nike-hv8154,ok
https://loplabbet.no/nike-pegasus-42-volt-tintblack-spruce-sapphire-herre-ib1873,nike,NIKE Pegasus 42 VOLT TINT/BLACK SPRUCE-SAPPHIRE Herre,,nike-ib1873,ok
https://loplabbet.no/nike-pegasus-42-womens-road-running-shoes-lava-glowblack-flash-crimson-lt-magenta-dame-ib1881,nike,NIKE Pegasus 42 LAVA GLOW/BLACK-FLASH CRIMSON-LT MAGENTA Dame,,nike-ib1881,ok
https://loplabbet.no/nike-pegasus-plus-faith-kipyegon-fuchsia-dreamgrand-purple-doll-dame-ib4197,nike,NIKE Pegasus Plus &quot;Faith Kipyegon&quot; FUCHSIA DREAM/GRAND PURPLE-DOLL Dame,,nike-ib4197,ok
https://loplabbet.no/nike-pegasus-41-faith-kipyegon-plum-chalkfuchsia-dream-burgundy-crush-dame-ib4199,nike,NIKE Pegasus 41 &quot;Faith Kipyegon&quot; PLUM CHALK/FUCHSIA DREAM-BURGUNDY CRUSH Dame,,nike-ib4199,ok
https://loplabbet.no/nike-victory-2-faith-kipyegon-burgundy-crushflash-crimson-unisex-ib4202,nike,NIKE Victory 2 &quot;Faith Kipyegon&quot; BURGUNDY CRUSH/FLASH CRIMSON Unisex,,nike-ib4202,ok
https://loplabbet.no/nike-dragonfly-2-elite-ji-sailmtlc-gold-grain-medium-ash-black-unisex-ib8745,nike,NIKE Dragonfly 2 Elite JI SAIL/MTLC GOLD GRAIN-MEDIUM ASH-BLACK Unisex,,nike-ib8745,ok
https://loplabbet.no/nike-city-marathon-stride-tank-top-lime-blast-herre-if0440,nike,NIKE City Marathon Stride Tank Top LIME BLAST Herre,,nike-if0440,ok
https://loplabbet.no/nike-aeroswift-dri-fit-adv-singlet-rush-fuchsiaburgundy-crushgreen-shock-dame-if1627,nike,NIKE AeroSwift Dri-FIT ADV Singlet RUSH FUCHSIA/BURGUNDY CRUSH/GREEN SHOCK Dame,,nike-if1627,ok
https://loplabbet.no/nike-aeroswift-dri-fit-adv-shorts-rush-fuchsiaburgundy-crushgreen-shock-dame-if1629,nike,NIKE AeroSwift Dri-FIT ADV Shorts RUSH FUCHSIA/BURGUNDY CRUSH/GREEN SHOCK Dame,,nike-if1629,ok
https://loplabbet.no/nike-swift-breathe-25-running-shorts-lt-magentaphoton-dustreflective-silv-dame-if1678,nike,NIKE Swift Breathe 2.5&quot; Running Shorts LT MAGENTA/PHOTON DUST/REFLECTIVE SILV Dame,,nike-if1678,ok
https://loplabbet.no/nike-swift-novelty-breathe-short-sleeve-top-lt-magentaphoton-dustreflective-silv-dame-if1680,nike,NIKE Swift Novelty Breathe Short-Sleeve Top LT MAGENTA/PHOTON DUST/REFLECTIVE SILV Dame,,nike-if1680,ok
https://loplabbet.no/nike-dri-fit-stride-novelty-shorts-iron-purpleindigo-hazereflective-herre-if2016,nike,NIKE Dri-FIT Stride Novelty Shorts IRON PURPLE/INDIGO HAZE/REFLECTIVE Herre,,nike-if2016,ok
https://loplabbet.no/nike-repel-stride-novelty-pant-iron-purpleindigo-hazereflective-silv-herre-if2020,nike,NIKE Repel Stride Novelty Pant IRON PURPLE/INDIGO HAZE/REFLECTIVE SILV Herre,,nike-if2020,ok
https://loplabbet.no/nike-dri-fit-stride-2in1-7-shorts-blackreflective-silv-herre-if2036,nike,NIKE Dri-FIT Stride 2in1 7&quot; Shorts BLACK/REFLECTIVE SILV Herre,,nike-if2036,ok
https://loplabbet.no/nike-dri-fit-stride-2in1-7-shorts-midnight-navyreflective-silv-herre-if2036,nike,NIKE Dri-FIT Stride 2in1 7&quot; Shorts MIDNIGHT NAVY/REFLECTIVE SILV Herre,,nike-if2036,ok
https://loplabbet.no/nike-dri-fit-stride-2in1-7-shorts-smoke-greyreflective-silv-herre-if2036,nike,NIKE Dri-FIT Stride 2in1 7&quot; Shorts SMOKE GREY/REFLECTIVE SILV Herre,,nike-if2036,ok
https://loplabbet.no/nike-dri-fit-stride-5-shorts-blackreflective-silv-herre-if2038,nike,NIKE Dri-Fit Stride 5&#x27;&#x27; Shorts BLACK/REFLECTIVE SILV Herre,,nike-if2038,ok
https://loplabbet.no/nike-dri-fit-stride-half-tight-blackreflective-silv-herre-if2040,nike,NIKE Dri-Fit Stride Half Tight BLACK/REFLECTIVE SILV Herre,,nike-if2040,ok
https://loplabbet.no/nike-stride-novelty-ss-tee-cream-iimink-brownreflective-silv-herre-if2088,nike,NIKE Stride Novelty SS Tee CREAM II/MINK BROWN/REFLECTIVE SILV Herre,,nike-if2088,ok
https://loplabbet.no/nike-stride-novelty-ss-tee-lapisdeep-royal-bluereflective-silv-herre-if2088,nike,NIKE Stride Novelty SS Tee LAPIS/DEEP ROYAL BLUE/REFLECTIVE SILV Herre,,nike-if2088,ok
https://loplabbet.no/nike-stride-repel-novelty-jacket-iron-purpleindigo-hazereflective-herre-if2367,nike,NIKE Stride Repel Novelty Jacket IRON PURPLE/INDIGO HAZE/REFLECTIVE Herre,,nike-if2367,ok
https://loplabbet.no/nike-aeroswift-cropped-singlet-whiteblackblack-dame-if3649,nike,NIKE Aeroswift Cropped Singlet WHITE/BLACK/BLACK Dame,,nike-if3649,ok
https://loplabbet.no/nike-aeroswift-3in-shorts-whiteblack-dame-if3653,nike,NIKE Aeroswift 3in Shorts WHITE/BLACK Dame,,nike-if3653,ok
https://loplabbet.no/nike-vomero-plus-wide-blackwhite-cool-grey-mtlc-dark-gre-herre-ih3251,nike,NIKE VOMERO PLUS WIDE BLACK/WHITE-COOL GREY-MTLC DARK GRE Herre,,nike-ih3251,ok
https://loplabbet.no/nike-air-zoom-alphafly-nextpercent-3-prm-multi-colorclear-starfish-aloe-verde-herre-ih3575,nike,NIKE AIR ZOOM ALPHAFLY NEXT% 3 PRM MULTI-COLOR/CLEAR-STARFISH-ALOE VERDE Herre,,nike-ih3575,ok
https://loplabbet.no/nike-city-mrth-stride-jacket-whitelighteningbright-crimson-herre-ih4068,nike,NIKE CITY MRTH STRIDE JACKET WHITE/LIGHTENING/BRIGHT CRIMSON Herre,,nike-ih4068,ok
https://loplabbet.no/nike-city-marathon-stride-ss-shirt-lighteninglightening-herre-ih4069,nike,NIKE City Marathon Stride SS Shirt LIGHTENING/LIGHTENING Herre,,nike-ih4069,ok
https://loplabbet.no/nike-city-mrth-df-stride-5-short-black-herre-ih4070,nike,NIKE CITY MRTH DF STRIDE 5&quot; SHORT BLACK Herre,,nike-ih4070,ok
https://loplabbet.no/nike-zoomx-vaporfly-nextpercent-4-silt-redblack-barely-volt-pearl-pink-dame-ih6277,nike,NIKE ZOOMX VAPORFLY NEXT% 4 SILT RED/BLACK-BARELY VOLT-PEARL PINK Dame,,nike-ih6277,ok
https://loplabbet.no/nike-pegasus-premium-faith-kipyegon-plum-chalkfuchsia-dream-burgundy-ash-dame-ii0602,nike,NIKE Pegasus Premium &quot;Faith Kipyegon&quot; PLUM CHALK/FUCHSIA DREAM-BURGUNDY ASH Dame,,nike-ii0602,ok
https://loplabbet.no/nike-zoomx-zoom-fly-6-whiteblack-silt-red-racer-blue-herre-ii7285,nike,NIKE ZoomX Zoom Fly 6 WHITE/BLACK-SILT RED-RACER BLUE Herre,,nike-ii7285,ok
https://loplabbet.no/nike-dri-fit-reflective-running-pants-blackreflective-silv-herre-im6282,nike,NIKE Dri-FIT Reflective Running Pants BLACK/REFLECTIVE SILV Herre,,nike-im6282,ok
https://loplabbet.no/nike-vomero-plus-lt-khakicave-purple-monarch-herre-im6679,nike,NIKE VOMERO PLUS LT KHAKI/CAVE PURPLE-MONARCH Herre,,nike-im6679,ok
https://loplabbet.no/nike-swift-repel-novelty-jacket-tattoolt-violet-orereflective-sil-dame-im9480,nike,NIKE Swift Repel Novelty Jacket TATTOO/LT VIOLET ORE/REFLECTIVE SIL Dame,,nike-im9480,ok
https://loplabbet.no/nike-zoomx-zoom-fly-6-dark-obsidianblack-racer-blue-dame-io9566,nike,NIKE ZoomX Zoom Fly 6 DARK OBSIDIAN/BLACK-RACER BLUE Dame,,nike-io9566,ok
https://loplabbet.no/nike-zoomx-streakfly-2-dark-obsidianblack-electric-green-unisex-io9567,nike,NIKE ZoomX Streakfly 2 DARK OBSIDIAN/BLACK-ELECTRIC GREEN Unisex,,nike-io9567,ok
https://loplabbet.no/nike-zoomx-vaporfly-4-dark-obsidianblack-purple-dynasty-herre-io9571,nike,NIKE ZoomX Vaporfly 4 DARK OBSIDIAN/BLACK-PURPLE DYNASTY Herre,,nike-io9571,ok
https://loplabbet.no/nike-zoomx-zoom-fly-6-dark-obsidianblack-racer-blue-herre-io9572,nike,NIKE ZoomX Zoom Fly 6 DARK OBSIDIAN/BLACK-RACER BLUE Herre,,nike-io9572,ok
https://loplabbet.no/nike-swift-novelty-dri-fit-ss-top-tattoolt-violet-orereflective-silv-dame-iq0173,nike,NIKE Swift Novelty Dri-FIT SS Top TATTOO/LT VIOLET ORE/REFLECTIVE SILV Dame,,nike-iq0173,ok
https://loplabbet.no/nike-swoosh-wristbands-habanero-redblack-unisex-n0001565,nike,NIKE Swoosh Wristbands HABANERO RED/BLACK Unisex,,nike-n0001565,ok
https://loplabbet.no/nike-swoosh-doublewide-wristbands-habanero-redblack-unisex-n0001586,nike,NIKE Swoosh Doublewide Wristbands HABANERO RED/BLACK Unisex,,nike-n0001586,ok
https://loplabbet.no/nike-skinny-headbands-8-pk-blackblackwhite-unisex-n0002547,nike,NIKE SKINNY HEADBANDS 8 PK BLACK/BLACK/WHITE Unisex,,nike-n0002547,ok
https://loplabbet.no/nike-breaking-2-running-sleeves-blacksilver-unisex-n0003571,nike,NIKE Breaking 2 Running Sleeves BLACK/SILVER Unisex,,nike-n0003571,ok
https://loplabbet.no/nike-therma-sphere-hood-40-blackblacksilver-unisex-n1002580,nike,NIKE Therma Sphere Hood 4.0 BLACK/BLACK/SILVER Unisex,,nike-n1002580,ok
https://loplabbet.no/nike-dri-fit-swoosh-headband-20-active-pinksilver-herre-n1003447,nike,NIKE DRI-FIT SWOOSH HEADBAND 2.0 ACTIVE PINK/SILVER Herre,,nike-n1003447,ok
https://loplabbet.no/nike-dri-fit-swoosh-headband-20-blacksilver-herre-n1003447,nike,NIKE DRI-FIT SWOOSH HEADBAND 2.0 BLACK/SILVER Herre,,nike-n1003447,ok
https://loplabbet.no/nike-dri-fit-swoosh-headband-20-whitesilver-herre-n1003447,nike,NIKE DRI-FIT SWOOSH HEADBAND 2.0 WHITE/SILVER Herre,,nike-n1003447,ok
https://loplabbet.no/nike-sphere-40-lopehanske-blackblackactive-pink-rainbow-dame-n1004255,nike,NIKE Sphere 4.0 løpehanske BLACK/BLACK/ACTIVE PINK RAINBOW Dame,,nike-n1004255,ok
https://loplabbet.no/nike-elastic-hairbands-3pk-blackwhiteblack-unisex-n1004529,nike,NIKE ELASTIC HAIRBANDS 3PK BLACK/WHITE/BLACK Unisex,,nike-n1004529,ok
https://loplabbet.no/nike-elastic-hairbands-3pk-blackwhiteuniversity-red-unisex-n1004529,nike,NIKE ELASTIC HAIRBANDS 3PK BLACK/WHITE/UNIVERSITY RED Unisex,,nike-n1004529,ok
https://loplabbet.no/nike-pacer-lightweight-rg-blackblacksilver-herre-n1010533,nike,NIKE PACER LIGHTWEIGHT RG BLACK/BLACK/SILVER Herre,,nike-n1010533,ok
https://loplabbet.no/nike-pacer-lightweight-rg-blackblacksilver-dame-n1010534,nike,NIKE PACER LIGHTWEIGHT RG BLACK/BLACK/SILVER Dame,,nike-n1010534,ok
https://loplabbet.no/nike-refuel-bottle-grip-24-oz-blackblackwhite-unisex-n1010867,nike,NIKE REFUEL BOTTLE GRIP 24 OZ BLACK/BLACK/WHITE Unisex,,nike-n1010867,ok
https://loplabbet.no/nike-refuel-bottle-grip-24-oz-game-royalblackwhite-unisex-n1010867,nike,NIKE REFUEL BOTTLE GRIP 24 OZ GAME ROYAL/BLACK/WHITE Unisex,,nike-n1010867,ok
https://loplabbet.no/nike-refuel-bottle-grip-24-oz-pink-glowblackwhite-unisex-n1010867,nike,NIKE REFUEL BOTTLE GRIP 24 OZ PINK GLOW/BLACK/WHITE Unisex,,nike-n1010867,ok
https://loplabbet.no/nike-dri-fit-fury-classic-headband-blackwhitewhite-unisex-n1011706,nike,NIKE DRI-FIT FURY CLASSIC HEADBAND BLACK/WHITE/WHITE Unisex,,nike-n1011706,ok
https://loplabbet.no/nike-dri-fit-fury-classic-headband-whiteblackblack-unisex-n1011706,nike,NIKE DRI-FIT FURY CLASSIC HEADBAND WHITE/BLACK/BLACK Unisex,,nike-n1011706,ok
https://loplabbet.no/nike-therma-fit-pacer-sphere-midweight-rg-blackblacksilver-herre-n1011911,nike,NIKE THERMA-FIT PACER SPHERE MIDWEIGHT RG BLACK/BLACK/SILVER Herre,,nike-n1011911,ok
https://loplabbet.no/nike-therma-fit-pacer-sphere-midweight-rg-blackblacksilver-dame-n1011913,nike,NIKE THERMA-FIT PACER SPHERE MIDWEIGHT RG BLACK/BLACK/SILVER Dame,,nike-n1011913,ok
https://loplabbet.no/nike-flex-classic-wide-headbands-3pk-blackwhiteblack-unisex-n1011932,nike,NIKE FLEX CLASSIC WIDE HEADBANDS 3PK BLACK/WHITE/BLACK Unisex,,nike-n1011932,ok
https://loplabbet.no/nike-flex-classic-wide-headbands-3pk-university-redgame-royalwhite-unisex-n1011932,nike,NIKE FLEX CLASSIC WIDE HEADBANDS 3PK UNIVERSITY RED/GAME ROYAL/WHITE Unisex,,nike-n1011932,ok
https://loplabbet.no/nike-nike-flex-classic-mixed-hair-ties-8pk-whiteblackblack-unisex-n1011934,nike,NIKE NIKE FLEX CLASSIC MIXED HAIR TIES 8PK WHITE/BLACK/BLACK Unisex,,nike-n1011934,ok
https://loplabbet.no/nike-slim-waistpack-40-blackblacksilver-unisex-n1012417,nike,NIKE SLIM WAISTPACK 4.0 BLACK/BLACK/SILVER Unisex,,nike-n1012417,ok
https://loplabbet.no/nike-elastic-hairband-3-pk-971silverblackgold-unisex,nike,NIKE Elastic Hairband 3 pk 971/SILVER/BLACK/GOLD Unisex,,,ok
https://loplabbet.no/nike-swoosh-wristband-2-pk-blackwhite-unisex-nnn04,nike,NIKE Swoosh Wristband 2 pk BLACK/WHITE Unisex,,nike-nnn04,ok
https://loplabbet.no/nike-nike-swoosh-wristbands-grey-heatherblack-unisex-nnn04,nike,NIKE NIKE SWOOSH WRISTBANDS GREY HEATHER/BLACK Unisex,,nike-nnn04,ok
https://loplabbet.no/nike-nike-swoosh-wristbands-obsidianwhite-unisex-nnn04,nike,NIKE NIKE SWOOSH WRISTBANDS OBSIDIAN/WHITE Unisex,,nike-nnn04,ok
https://loplabbet.no/nike-swoosh-wristband-2-pk-whiteblack-unisex-nnn04,nike,NIKE Swoosh Wristband 2 pk WHITE/BLACK Unisex,,nike-nnn04,ok
https://loplabbet.no/nike-swoosh-doublewide-wristbands-blackwhite-unisex-nnn05,nike,NIKE Swoosh Doublewide Wristbands BLACK/WHITE Unisex,,nike-nnn05,ok
https://loplabbet.no/nike-swoosh-doublewide-wristbands-whiteblack-unisex-nnn05,nike,NIKE Swoosh Doublewide Wristbands WHITE/BLACK Unisex,,nike-nnn05,ok
https://loplabbet.no/nike-swoosh-panneband-blackwhite-unisex-nnn07,nike,NIKE Swoosh Pannebånd BLACK/WHITE Unisex,,nike-nnn07,ok
https://loplabbet.no/nike-swoosh-panneband-whiteblack-unisex-nnn07,nike,NIKE Swoosh Pannebånd WHITE/BLACK Unisex,,nike-nnn07,ok
https://loplabbet.no/nike-lean-arm-band-blackblacksilver-unisex-nrn65,nike,NIKE LEAN ARM BAND BLACK/BLACK/SILVER Unisex,,nike-nrn65,ok
https://loplabbet.no/nike-lean-arm-band-plus-blackblacksilver-unisex-nrn76,nike,NIKE LEAN ARM BAND PLUS BLACK/BLACK/SILVER Unisex,,nike-nrn76,ok
https://loplabbet.no/norda-005-neve-herre-n005,norda,NORDA 005 NEVE Herre,,norda-n005,ok
https://loplabbet.no/norda-005-neve-herre-n005m,norda,NORDA 005 NEVE Herre,,norda-n005m,ok
https://loplabbet.no/norda-005-neve-dame-n005w,norda,NORDA 005 NEVE Dame,,norda-n005w,ok
https://loplabbet.no/norda-005-neve-herre-norda-005-m,norda,NORDA 005 NEVE Herre,,norda-norda-005-m,ok
https://loplabbet.no/norda-005-neve-dame-norda-005-w,norda,NORDA 005 NEVE Dame,,norda-norda-005-w,ok
https://loplabbet.no/oakley-radar-ev-xs-path-sportsbriller-jr-0631matte-black-unisex-oj9001,oakley,OAKLEY RADAR EV XS PATH Junior 0631/MATTE BLACK Unisex,,oakley-oj9001,ok
https://loplabbet.no/oakley-radar-ev-xs-path-junior-1531polished-white-unisex-oj9001,oakley,OAKLEY RADAR EV XS PATH Junior 1531/POLISHED WHITE Unisex,,oakley-oj9001,ok
https://loplabbet.no/oakley-frogskins-h6matte-black-unisex-oo9013,oakley,OAKLEY FROGSKINS H6/MATTE BLACK Unisex,,oakley-oo9013,ok
https://loplabbet.no/oakley-holbrook-3655matte-black-unisex-oo9102,oakley,OAKLEY Holbrook 3655/Matte Black Unisex,,oakley-oo9102,ok
https://loplabbet.no/oakley-holbrook-c155polished-black-unisex-oo9102,oakley,OAKLEY Holbrook C155/POLISHED BLACK Unisex,,oakley-oo9102,ok
https://loplabbet.no/oakley-holbrook-solbriller-lifestyle-unisex-d6matte-black-unisex-oo9102,oakley,OAKLEY HOLBROOK Solbriller lifestyle unisex D6/MATTE BLACK Unisex,,oakley-d6matte-black-unisex-oo9102,ok
https://loplabbet.no/oakley-holbrook-e155e158polished-black-unisex-oo9102,oakley,OAKLEY Holbrook E155/E158/POLISHED BLACK Unisex,,oakley-oo9102,ok
https://loplabbet.no/oakley-radar-ev-path-4638matte-black-unisex-oo9208,oakley,OAKLEY Radar EV Path 4638/MATTE BLACK Unisex,,oakley-oo9208,ok
https://loplabbet.no/oakley-radar-ev-path-4738polished-white-unisex-oo9208,oakley,OAKLEY Radar EV Path 4738/POLISHED WHITE Unisex,,oakley-oo9208,ok
https://loplabbet.no/oakley-radar-ev-path-7138polished-white-unisex-oo9208,oakley,OAKLEY Radar EV Path 7138/POLISHED WHITE Unisex,,oakley-oo9208,ok
https://loplabbet.no/oakley-radar-ev-path-7238polished-white-unisex-oo9208,oakley,OAKLEY Radar EV Path 7238/POLISHED WHITE Unisex,,oakley-oo9208,ok
https://loplabbet.no/oakley-radar-ev-path-7338polished-white-unisex-oo9208,oakley,OAKLEY Radar EV Path 7338/POLISHED WHITE Unisex,,oakley-oo9208,ok
https://loplabbet.no/oakley-radar-ev-path-9038matte-black-unisex-oo9208,oakley,OAKLEY Radar EV Path 9038/MATTE BLACK Unisex,,oakley-oo9208,ok
https://loplabbet.no/oakley-radar-ev-path-9638matte-black-unisex-oo9208,oakley,OAKLEY Radar EV Path 9638/Matte Black Unisex,,oakley-oo9208,ok
https://loplabbet.no/oakley-radar-ev-path-c438matte-black-unisex-oo9208,oakley,OAKLEY Radar EV Path C438/MATTE BLACK Unisex,,oakley-oo9208,ok
https://loplabbet.no/oakley-radar-ev-path-c738carbon-unisex-oo9208,oakley,OAKLEY Radar EV Path C738/CARBON Unisex,,oakley-oo9208,ok
https://loplabbet.no/oakley-radar-ev-path-e7matte-stonewash-unisex-oo9208,oakley,OAKLEY Radar EV Path E7/MATTE STONEWASH Unisex,,oakley-oo9208,ok
https://loplabbet.no/oakley-encoder-strike-vented-05matte-black-unisex-oo9235,oakley,OAKLEY ENCODER STRIKE VENTED 05/MATTE BLACK Unisex,,oakley-oo9235,ok
https://loplabbet.no/oakley-encoder-strike-vented-gamma-green-unisex-oo9235,oakley,OAKLEY ENCODER STRIKE VENTED GAMMA GREEN Unisex,,oakley-oo9235,ok
https://loplabbet.no/oakley-encoder-strike-vented-matte-onyx-unisex-oo9235,oakley,OAKLEY ENCODER STRIKE VENTED MATTE ONYX Unisex,,oakley-oo9235,ok
https://loplabbet.no/oakley-encoder-strike-vented-tdf-splatter-unisex-oo9235,oakley,OAKLEY ENCODER STRIKE VENTED TDF SPLATTER Unisex,,oakley-oo9235,ok
https://loplabbet.no/oakley-sliver-matte-black-positive-red-iridium-unisex-oo9262-20,oakley,OAKLEY Sliver Matte Black POSITIVE RED IRIDIUM Unisex,,oakley-oo9262-20,ok
https://loplabbet.no/oakley-latch-solbriller-unisex-2753matte-black-unisex-oo9265,oakley,OAKLEY LATCH solbriller unisex 2753/MATTE BLACK Unisex,,oakley-2753matte-black-unisex-oo9265,ok
https://loplabbet.no/oakley-latch-solbriller-unisex-5253matte-clear-unisex-oo9265,oakley,OAKLEY LATCH solbriller unisex 5253/MATTE CLEAR Unisex,,oakley-5253matte-clear-unisex-oo9265,ok
https://loplabbet.no/oakley-jawbreaker-2031-matte-black-unisex-oo9290,oakley,OAKLEY Jawbreaker 2031/ MATTE BLACK Unisex,,oakley-oo9290,ok
https://loplabbet.no/oakley-jawbreaker-2131polished-white-unisex-oo9290,oakley,OAKLEY Jawbreaker 2131/Polished White Unisex,,oakley-oo9290,ok
https://loplabbet.no/oakley-jawbreaker-2531carbon-fiber-unisex-oo9290,oakley,OAKLEY Jawbreaker 2531/Carbon Fiber Unisex,,oakley-oo9290,ok
https://loplabbet.no/oakley-jawbreaker-4831matte-black-unisex-oo9290,oakley,OAKLEY Jawbreaker 4831/MATTE BLACK Unisex,,oakley-oo9290,ok
https://loplabbet.no/oakley-jawbreaker-5031matte-black-unisex-oo9290,oakley,OAKLEY Jawbreaker 5031/MATTE BLACK Unisex,,oakley-oo9290,ok
https://loplabbet.no/oakley-jawbreaker-5131-matte-black-unisex,oakley,OAKLEY Jawbreaker 5131/ MATTE BLACK Unisex,,,ok
https://loplabbet.no/oakley-jawbreaker-5331matte-black-unisex-oo9290,oakley,OAKLEY Jawbreaker 5331/MATTE BLACK Unisex,,oakley-oo9290,ok
https://loplabbet.no/oakley-jawbreaker-5531polished-white-unisex-oo9290,oakley,OAKLEY Jawbreaker 5531/Polished White Unisex,,oakley-oo9290,ok
https://loplabbet.no/oakley-sphaera-04matte-carbon-unisex-oo9403,oakley,OAKLEY SPHAERA 04/MATTE CARBON Unisex,,oakley-oo9403,ok
https://loplabbet.no/oakley-sphaera-08matte-black-ink-unisex-oo9403,oakley,OAKLEY SPHAERA 08/MATTE BLACK INK Unisex,,oakley-oo9403,ok
https://loplabbet.no/oakley-sutro-0837matte-black-unisex-oo9406,oakley,OAKLEY Sutro 0837/MATTE BLACK Unisex,,oakley-oo9406,ok
https://loplabbet.no/oakley-oakley-sutro-unisex-oo9406,oakley,OAKLEY Oakley Sutro Unisex,,oakley-oo9406,ok
https://loplabbet.no/oakley-sutro-2237polished-white-unisex-oo9406,oakley,OAKLEY Sutro 2237/POLISHED WHITE Unisex,,oakley-oo9406,ok
https://loplabbet.no/oakley-sutro-2337polished-black-unisex-oo9406,oakley,OAKLEY Sutro 2337/POLISHED BLACK Unisex,,oakley-oo9406,ok
https://loplabbet.no/oakley-sutro-9037polished-black-unisex-oo9406,oakley,OAKLEY Sutro 9037/POLISHED BLACK Unisex,,oakley-oo9406,ok
https://loplabbet.no/oakley-radar-ev-advancer-0138polished-black-unisex-oo9442,oakley,OAKLEY RADAR EV ADVANCER 0138/POLISHED BLACK Unisex,,oakley-oo9442,ok
https://loplabbet.no/oakley-evzero-blades-0238polished-black-unisex-oo9454,oakley,OAKLEY EVZERO BLADES 0238/POLISHED BLACK Unisex,,oakley-oo9454,ok
https://loplabbet.no/oakley-evzero-blades-0338steel-unisex-oo9454,oakley,OAKLEY EVZERO BLADES 0338/Steel Unisex,,oakley-oo9454,ok
https://loplabbet.no/oakley-evzero-blades-09matte-black-unisex-oo9454,oakley,OAKLEY EVZERO BLADES 09/MATTE BLACK Unisex,,oakley-oo9454,ok
https://loplabbet.no/oakley-evzero-blades-0938matte-black-unisex-oo9454,oakley,OAKLEY EVZERO BLADES 0938/MATTE BLACK Unisex,,oakley-oo9454,ok
https://loplabbet.no/oakley-sutro-lite-0239matte-white-unisex-oo9463,oakley,OAKLEY SUTRO LITE 0239/MATTE WHITE Unisex,,oakley-oo9463,ok
https://loplabbet.no/oakley-sutro-lite-0339matte-black1-unisex-oo9463,oakley,OAKLEY SUTRO LITE 0339/MATTE BLACK_1 Unisex,,oakley-oo9463,ok
https://loplabbet.no/oakley-sutro-lite-0439matte-carbon-unisex-oo9463,oakley,OAKLEY SUTRO LITE 0439/MATTE CARBON Unisex,,oakley-oo9463,ok
https://loplabbet.no/oakley-sutro-lite-1339matte-carbon-unisex-oo9463,oakley,OAKLEY SUTRO LITE 1339/MATTE CARBON Unisex,,oakley-oo9463,ok
https://loplabbet.no/oakley-sutro-lite-1939polished-white-unisex-oo9463,oakley,OAKLEY SUTRO LITE 1939/POLISHED WHITE Unisex,,oakley-oo9463,ok
https://loplabbet.no/oakley-sutro-lite-sweep-0139matte-black-unisex-oo9465,oakley,OAKLEY Sutro Lite Sweep 0139/MATTE BLACK Unisex,,oakley-oo9465,ok
https://loplabbet.no/oakley-sutro-lite-sweep-0239matte-carbon-unisex-oo9465,oakley,OAKLEY Sutro Lite Sweep 0239/MATTE CARBON Unisex,,oakley-oo9465,ok
https://loplabbet.no/oakley-sutro-lite-sweep-0539matte-navy-unisex-oo9465,oakley,OAKLEY Sutro Lite Sweep 0539/MATTE NAVY Unisex,,oakley-oo9465,ok
https://loplabbet.no/oakley-encoder-0136matte-black-unisex-oo9471,oakley,OAKLEY ENCODER 0136/MATTE BLACK Unisex,,oakley-oo9471,ok
https://loplabbet.no/oakley-encoder-03matte-black-unisex-oo9471,oakley,OAKLEY ENCODER 03/MATTE BLACK Unisex,,oakley-oo9471,ok
https://loplabbet.no/oakley-encoder-0336matte-black-unisex-oo9471,oakley,OAKLEY ENCODER 0336/MATTE BLACK Unisex,,oakley-oo9471,ok
https://loplabbet.no/oakley-encoder-0436matte-carbon-unisex-oo9471,oakley,OAKLEY ENCODER 0436/MATTE CARBON Unisex,,oakley-oo9471,ok
https://loplabbet.no/oakley-encoder-0536polished-white-unisex-oo9471,oakley,OAKLEY ENCODER 0536/POLISHED WHITE Unisex,,oakley-oo9471,ok
https://loplabbet.no/oakley-sphaera-slash-04matte-vapor-unisex-oo9499,oakley,OAKLEY SPHAERA SLASH 04/MATTE VAPOR Unisex,,oakley-oo9499,ok
https://loplabbet.no/oakley-sphaera-slash-06matte-carbon-unisex-oo9499,oakley,OAKLEY SPHAERA SLASH 06/MATTE CARBON Unisex,,oakley-oo9499,ok
https://loplabbet.no/oakley-radar-ev-s-path-01polished-white-unisex-oo9510,oakley,OAKLEY RADAR EV S PATH 01/POLISHED WHITE Unisex,,oakley-oo9510,ok
https://loplabbet.no/oakley-cybr-zero-polished-white-unisex-oo9512d,oakley,OAKLEY CYBR ZERO POLISHED WHITE Unisex,,oakley-oo9512d,ok
https://loplabbet.no/oakley-cybr-zero-trans-grey-ink-unisex-oo9512d,oakley,OAKLEY CYBR ZERO TRANS GREY INK Unisex,,oakley-oo9512d,ok
https://loplabbet.no/oakley-cybr-dyno-matte-abyss-unisex-oo9513d,oakley,OAKLEY CYBR DYNO MATTE ABYSS Unisex,,oakley-oo9513d,ok
https://loplabbet.no/oakley-cybr-dyno-polished-carbon-unisex-oo9513d,oakley,OAKLEY CYBR DYNO POLISHED CARBON Unisex,,oakley-oo9513d,ok
https://loplabbet.no/oakley-vanguard-800104black-prizm-24k-unisex-ow8001,oakley,OAKLEY VANGUARD 800104_BLACK / PRIZM 24K Unisex,,oakley-ow8001,ok
https://loplabbet.no/oakley-vanguard-800105white-prizm-black-unisex-ow8001,oakley,OAKLEY VANGUARD 800105_WHITE / PRIZM BLACK Unisex,,oakley-ow8001,ok
https://loplabbet.no/oakley-vanguard-800106white-prizm-sapphire-unisex-ow8001,oakley,OAKLEY VANGUARD 800106_WHITE / PRIZM SAPPHIRE Unisex,,oakley-ow8001,ok
https://loplabbet.no/oakley-vanguard-black-prizm-road-unisex-ow8001,oakley,OAKLEY VANGUARD BLACK / PRIZM ROAD Unisex,,oakley-ow8001,ok
https://loplabbet.no/odlo-bl-top-crew-neck-ls-performance-evolution-herre-60056black-odlo-graphite-grey-herre,odlo,"ODLO Odlo. BL TOP Crew neck l/s PERFORMANCE EVOLUTION, Herre Herre",,odlo-60056black-odlo-graphite-grey-herre,ok
https://loplabbet.no/odlo-element-light-jacket-herre-15000black-herre,odlo,"ODLO Odlo Element Light Jacket, herre Herre",,odlo-15000black-herre,ok
https://loplabbet.no/odlo-gloves-intensity-cover-safety-light-15000black-unisex-761050,odlo,ODLO Gloves INTENSITY COVER SAFETY LIGHT 15000/black Unisex,,odlo-761050,ok
https://loplabbet.no/odlo-headband-move-light-15000black-unisex-772010,odlo,ODLO Headband MOVE LIGHT 15000/black Unisex,,odlo-772010,ok
https://loplabbet.no/on-performance-t-black-or-eclipse-herre-1me1023,on,ON Performance-T Black | Eclipse Herre,,on-1me1023,ok
https://loplabbet.no/on-performance-t-lilac-or-black-herre-1me1023,on,ON Performance-T Lilac | Black Herre,,on-1me1023,ok
https://loplabbet.no/on-performance-t-olive-or-spirulina-herre-1me1023,on,ON Performance-T Olive | Spirulina Herre,,on-1me1023,ok
https://loplabbet.no/on-performance-t-white-or-silver-herre-1me1023,on,ON Performance-T White | Silver Herre,,on-1me1023,ok
https://loplabbet.no/on-weather-pants-black-herre-1me1027,on,ON Weather Pants Black Herre,,on-1me1027,ok
https://loplabbet.no/on-weather-jacket-iceberg-or-tin-herre-1me1031,on,ON Weather-Jacket Iceberg | Tin Herre,,on-1me1031,ok
https://loplabbet.no/on-weather-jacket-spirulina-or-olive-herre-1me1031,on,ON Weather-Jacket Spirulina | Olive Herre,,on-1me1031,ok
https://loplabbet.no/on-climate-shirt-tin-herre-1me1060,on,ON Climate Shirt Tin Herre,,on-1me1060,ok
https://loplabbet.no/on-5-performance-2in1-shorts-black-herre-1mf1009,on,ON 5&quot; Performance 2in1 Shorts Black Herre,,on-1mf1009,ok
https://loplabbet.no/on-performance-tights-winter-black-herre-1mf3016,on,ON Performance Tights Winter Black Herre,,on-1mf3016,ok
https://loplabbet.no/on-performance-tights-black-herre-1mf3017,on,ON Performance Tights Black Herre,,on-1mf3017,ok
https://loplabbet.no/on-performance-t-black-or-eclipse-dame-1we1031,on,ON Performance-T Black | Eclipse Dame,,on-1we1031,ok
https://loplabbet.no/on-performance-t-spirulina-or-olive-dame-1we1031,on,ON Performance-T Spirulina | Olive Dame,,on-1we1031,ok
https://loplabbet.no/on-performance-t-white-or-silver-dame-1we1031,on,ON Performance-T White | Silver Dame,,on-1we1031,ok
https://loplabbet.no/on-weather-pants-black-dame-1we1035,on,ON Weather Pants Black Dame,,on-1we1035,ok
https://loplabbet.no/on-weather-jacket-spirulina-or-olive-dame-1we1037,on,ON Weather-Jacket Spirulina | Olive Dame,,on-1we1037,ok
https://loplabbet.no/on-climate-shirt-olive-dame-1we1078,on,ON Climate Shirt Olive Dame,,on-1we1078,ok
https://loplabbet.no/on-3-performance-2in1-short-spirulina-or-black-dame-1wf1012,on,ON 3&quot; Performance 2in1 Short Spirulina | Black Dame,,on-1wf1012,ok
https://loplabbet.no/on-performance-tights-winter-black-dame-1wf3018,on,ON Performance Tights Winter Black Dame,,on-1wf3018,ok
https://loplabbet.no/on-performance-tights-black-dame-1wf3019,on,ON Performance Tights Black Dame,,on-1wf3019,ok
https://loplabbet.no/on-performance-crop-top-aquamarine-dame-1wg1012,on,ON Performance Crop Top Aquamarine Dame,,on-1wg1012,ok
https://loplabbet.no/on-performance-crop-top-foxglove-dame-1wg1012,on,ON Performance Crop Top Foxglove Dame,,on-1wg1012,ok
https://loplabbet.no/on-core-glove-black-unisex-2ue3051,on,ON Core Glove Black Unisex,,on-2ue3051,ok
https://loplabbet.no/on-core-glove-navy-unisex-2ue3051,on,ON Core Glove Navy Unisex,,on-2ue3051,ok
https://loplabbet.no/on-core-glove-truffle-unisex-2ue3051,on,ON Core Glove Truffle Unisex,,on-2ue3051,ok
https://loplabbet.no/on-lightweight-cap-black-unisex-2uf1033,on,ON Lightweight Cap Black Unisex,,on-2uf1033,ok
https://loplabbet.no/on-lightweight-cap-white-unisex-2uf1033,on,ON Lightweight Cap White Unisex,,on-2uf1033,ok
https://loplabbet.no/on-cloudboom-echo-3-dustrose-or-eclipse-herre-3md1059,on,ON Cloudboom Echo 3 Dustrose | Eclipse Herre,,on-3md1059,ok
https://loplabbet.no/on-cloudboom-echo-3-white-or-flame-herre-3md1059,on,ON Cloudboom Echo 3 White | Flame Herre,,on-3md1059,ok
https://loplabbet.no/on-cloudeclipse-alloy-or-white-herre-3md3009,on,ON Cloudeclipse Alloy | White Herre,,on-3md3009,ok
https://loplabbet.no/on-cloudeclipse-black-or-frost-herre-3md3009,on,ON Cloudeclipse Black | Frost Herre,,on-3md3009,ok
https://loplabbet.no/on-cloudeclipse-rock-or-lima-herre-3md3009,on,ON Cloudeclipse Rock | Lima Herre,,on-3md3009,ok
https://loplabbet.no/on-cloudmonster-hyper-black-or-lima-herre-3me1013,on,ON Cloudmonster Hyper Black | Lima Herre,,on-3me1013,ok
https://loplabbet.no/on-cloudmonster-hyper-glacier-or-ivory-herre-3me1013,on,ON Cloudmonster Hyper Glacier | Ivory Herre,,on-3me1013,ok
https://loplabbet.no/on-cloudmonster-hyper-mauve-or-flame-herre-3me1013,on,ON Cloudmonster Hyper Mauve | Flame Herre,,on-3me1013,ok
https://loplabbet.no/on-cloudmonster-hyper-white-or-mint-herre-3me1013,on,ON Cloudmonster Hyper White | Mint Herre,,on-3me1013,ok
https://loplabbet.no/on-cloudboom-strike-juniper-or-limelight-herre-3me3048,on,ON Cloudboom Strike Juniper | Limelight Herre,,on-3me3048,ok
https://loplabbet.no/on-cloudboom-strike-white-or-black-herre-3me3048,on,ON Cloudboom Strike White | Black Herre,,on-3me3048,ok
https://loplabbet.no/on-cloudboom-strike-white-or-flame-herre-3me3048,on,ON Cloudboom Strike White | Flame Herre,,on-3me3048,ok
https://loplabbet.no/on-cloudboom-strike-m-white-or-horizon-herre-3me3048,on,ON Cloudboom Strike White | Horizon Herre,,on-3me3048,ok
https://loplabbet.no/on-cloudsurfer-max-dust-or-ivory-herre-3mf3043,on,ON Cloudsurfer Max Dust | Ivory Herre,,on-3mf3043,ok
https://loplabbet.no/on-cloudsurfer-max-iceberg-or-olive-herre-3mf3043,on,ON Cloudsurfer Max Iceberg | Olive Herre,,on-3mf3043,ok
https://loplabbet.no/on-cloudsurfer-max-ivory-or-salmon-herre-3mf3043,on,ON Cloudsurfer Max Ivory | Salmon Herre,,on-3mf3043,ok
https://loplabbet.no/on-cloudboom-volt-black-or-juniper-herre-3mf3098,on,ON Cloudboom Volt Black | Juniper Herre,,on-3mf3098,ok
https://loplabbet.no/on-cloudmonster-3-hyper-glacier-or-black-herre-3mg1006,on,ON Cloudmonster 3 Hyper Glacier | Black Herre,,on-3mg1006,ok
https://loplabbet.no/on-cloudmonster-3-hyper-lily-or-limelight-herre-3mg1006,on,ON Cloudmonster 3 Hyper Lily | Limelight Herre,,on-3mg1006,ok
https://loplabbet.no/on-cloudboom-strike-ls-bloom-or-lime-unisex-3ue3001,on,ON Cloudboom Strike LS Bloom | Lime Unisex,,on-3ue3001,ok
https://loplabbet.no/on-cloudboom-strike-ls-white-or-lime-unisex-3ue3001,on,ON Cloudboom Strike LS White | Lime Unisex,,on-3ue3001,ok
https://loplabbet.no/on-cloudboom-strike-ls-white-or-raspberry-unisex-3ue3001,on,ON Cloudboom Strike LS White | Raspberry Unisex,,on-3ue3001,ok
https://loplabbet.no/on-cloudmonster-3-hyper-ls-limelight-or-bloom-unisex-3ug1001,on,ON Cloudmonster 3 Hyper LS Limelight | Bloom Unisex,,on-3ug1001,ok
https://loplabbet.no/on-cloudboom-echo-3-dustrose-or-eclipse-dame-3wd1049,on,ON Cloudboom Echo 3 Dustrose | Eclipse Dame,,on-3wd1049,ok
https://loplabbet.no/on-cloudboom-echo-3-white-or-flame-dame-3wd1049,on,ON Cloudboom Echo 3 White | Flame Dame,,on-3wd1049,ok
https://loplabbet.no/on-cloudeclipse-alloy-or-white-dame-3wd3009,on,ON Cloudeclipse Alloy | White Dame,,on-3wd3009,ok
https://loplabbet.no/on-cloudeclipse-black-or-frost-dame-3wd3009,on,ON Cloudeclipse Black | Frost Dame,,on-3wd3009,ok
https://loplabbet.no/on-cloudeclipse-rock-or-lima-dame-3wd3009,on,ON Cloudeclipse Rock | Lima Dame,,on-3wd3009,ok
https://loplabbet.no/on-cloudmonster-hyper-glacier-or-ivory-dame-3we1012,on,ON Cloudmonster Hyper Glacier | Ivory Dame,,on-3we1012,ok
https://loplabbet.no/on-cloudmonster-hyper-mauve-or-flame-dame-3we1012,on,ON Cloudmonster Hyper Mauve | Flame Dame,,on-3we1012,ok
https://loplabbet.no/on-cloudmonster-hyper-white-or-mint-dame-3we1012,on,ON Cloudmonster Hyper White | Mint Dame,,on-3we1012,ok
https://loplabbet.no/on-cloudboom-strike-juniper-or-limelight-dame-3we3047,on,ON Cloudboom Strike Juniper | Limelight Dame,,on-3we3047,ok
https://loplabbet.no/on-cloudboom-strike-white-or-black-dame-3we3047,on,ON Cloudboom Strike White | Black Dame,,on-3we3047,ok
https://loplabbet.no/on-cloudboom-strike-white-or-flame-dame-3we3047,on,ON Cloudboom Strike White | Flame Dame,,on-3we3047,ok
https://loplabbet.no/on-cloudsurfer-max-iceberg-or-ivory-dame-3wf3022,on,ON Cloudsurfer Max Iceberg | Ivory Dame,,on-3wf3022,ok
https://loplabbet.no/on-cloudsurfer-max-ivory-or-salmon-dame-3wf3022,on,ON Cloudsurfer Max Ivory | Salmon Dame,,on-3wf3022,ok
https://loplabbet.no/on-cloudboom-volt-juniper-or-limelight-dame-3wf3074,on,ON Cloudboom Volt Juniper | Limelight Dame,,on-3wf3074,ok
https://loplabbet.no/on-cloudmonster-3-hyper-lily-or-limelight-dame-3wg1004,on,ON Cloudmonster 3 Hyper Lily | Limelight Dame,,on-3wg1004,ok
https://loplabbet.no/oofos-ooha-ooriginal-sport-azul-unisex-of1001,oofos,OOFOS Ooha OOriginal Sport Azul Unisex,,oofos-of1001,ok
https://loplabbet.no/oofos-ooha-ooriginal-sport-blackpink-unisex-of1001,oofos,OOFOS Ooha OOriginal Sport Black/Pink Unisex,,oofos-of1001,ok
https://loplabbet.no/oofos-restitutionssandal-ooahh-black-unisex-of1100,oofos,OOFOS Restitutionssandal Ooahh Black Unisex,,oofos-of1100,ok
https://loplabbet.no/oofos-restitutionssandal-ooahh-sport-black-matrix-unisex-of1500,oofos,OOFOS Restitutionssandal Ooahh Sport Black Matrix Unisex,,oofos-of1500,ok
https://loplabbet.no/oofos-restitutionssandal-ooahh-sport-blackwhite-unisex-of1500,oofos,OOFOS Restitutionssandal Ooahh Sport Black/White Unisex,,oofos-of1500,ok
https://loplabbet.no/ortho-movement-running-insole-standard-black-unisex-sir,ortho,ORTHO MOVEMENT Running Insole Standard BLACK Unisex,,ortho-movement-sir,ok
https://loplabbet.no/osprey-talon-36-406eclipse-grey-herre-1-080,osprey,OSPREY Talon 36 406/Eclipse Grey Herre,,osprey-1-080,ok
https://loplabbet.no/osprey-talon-22-404ceramic-blue-herre-1-083,osprey,OSPREY Talon 22 404/Ceramic Blue Herre,,osprey-1-083,ok
https://loplabbet.no/osprey-talon-22-406eclipse-grey-herre-1-083,osprey,OSPREY Talon 22 406/Eclipse Grey Herre,,osprey-1-083,ok
https://loplabbet.no/osprey-talon-22-415stealth-black-herre-1-083,osprey,OSPREY Talon 22 415/Stealth Black Herre,,osprey-1-083,ok
https://loplabbet.no/osprey-talon-22-423limon-green-herre-1-083,osprey,OSPREY Talon 22 423/Limon Green Herre,,osprey-1-083,ok
https://loplabbet.no/osprey-talon-11-404ceramic-blue-herre-1-084,osprey,OSPREY Talon 11 404/Ceramic Blue Herre,,osprey-1-084,ok
https://loplabbet.no/osprey-talon-11-406eclipse-grey-herre-1-084,osprey,OSPREY Talon 11 406/Eclipse Grey Herre,,osprey-1-084,ok
https://loplabbet.no/osprey-talon-11-415stealth-black-herre-1-084,osprey,OSPREY Talon 11 415/Stealth Black Herre,,osprey-1-084,ok
https://loplabbet.no/osprey-talon-11-423limon-green-herre-1-084,osprey,OSPREY Talon 11 423/Limon Green Herre,,osprey-1-084,ok
https://loplabbet.no/osprey-tempest-34-414jasper-green-dame-1-091,osprey,OSPREY Tempest 34 414/Jasper Green Dame,,osprey-1-091,ok
https://loplabbet.no/osprey-osprey-tempest-30-414jasper-green-dame-1-092,osprey,OSPREY Osprey Tempest 30 414/Jasper Green Dame,,osprey-1-092,ok
https://loplabbet.no/osprey-tempest-20-412bell-orange-dame-1-094,osprey,OSPREY Tempest 20 412/Bell Orange Dame,,osprey-1-094,ok
https://loplabbet.no/osprey-tempest-20-413violac-purple-dame-1-094,osprey,OSPREY Tempest 20 413/Violac Purple Dame,,osprey-1-094,ok
https://loplabbet.no/osprey-tempest-20-415stealth-black-dame-1-094,osprey,OSPREY Tempest 20 415/Stealth Black Dame,,osprey-1-094,ok
https://loplabbet.no/osprey-tempest-20-416aluminum-grey-dame,osprey,OSPREY Tempest 20 416/Aluminum Grey Dame,,,ok
https://loplabbet.no/osprey-tempest-9-412bell-orange-dame-1-095,osprey,OSPREY Tempest 9 412/Bell Orange Dame,,osprey-1-095,ok
https://loplabbet.no/osprey-tempest-9-413violac-purple-dame-1-095,osprey,OSPREY Tempest 9 413/Violac Purple Dame,,osprey-1-095,ok
https://loplabbet.no/osprey-tempest-9-414jasper-green-dame-1-095,osprey,OSPREY Tempest 9 414/Jasper Green Dame,,osprey-1-095,ok
https://loplabbet.no/osprey-tempest-9-415stealth-black-dame-1-095,osprey,OSPREY Tempest 9 415/Stealth Black Dame,,osprey-1-095,ok
https://loplabbet.no/osprey-tempest-9-416aluminum-grey-dame-1-095,osprey,OSPREY Tempest 9 416/Aluminum Grey Dame,,osprey-1-095,ok
https://loplabbet.no/osprey-duro-6-294blue-sky-unisex-1-208,osprey,OSPREY Duro 6 294/Blue Sky Unisex,,osprey-1-208,ok
https://loplabbet.no/osprey-duro-6-unisex-483dark-charcoal-grey-unisex-1-208,osprey,"OSPREY Duro 6, unisex 483/Dark Charcoal Grey Unisex",,osprey-483dark-charcoal-grey-unisex-1-208,ok
https://loplabbet.no/osprey-duro-15-294blue-sky-unisex-1-209,osprey,OSPREY Duro 1.5 294/Blue Sky Unisex,,osprey-1-209,ok
https://loplabbet.no/osprey-duro-lt-294blue-sky-herre-1-210,osprey,OSPREY Duro LT 294/Blue Sky Herre,,osprey-1-210,ok
https://loplabbet.no/osprey-duro-lt-unisex-483dark-charcoal-grey-unisex-1-210,osprey,"OSPREY Duro LT, unisex 483/Dark Charcoal Grey Unisex",,osprey-483dark-charcoal-grey-unisex-1-210,ok
https://loplabbet.no/osprey-dyna-6-147slate-grey-dame-1-212,osprey,OSPREY Dyna 6 147/Slate Grey Dame,,osprey-1-212,ok
https://loplabbet.no/osprey-dyna-6-305verdigris-green-dame-1-212,osprey,OSPREY Dyna 6 305/Verdigris Green Dame,,osprey-1-212,ok
https://loplabbet.no/osprey-dyna-15-147slate-grey-dame-1-213,osprey,OSPREY Dyna 1.5 147/Slate Grey Dame,,osprey-1-213,ok
https://loplabbet.no/osprey-dyna-15-305verdigris-green-dame-1-213,osprey,OSPREY Dyna 1.5 305/Verdigris Green Dame,,osprey-1-213,ok
https://loplabbet.no/osprey-dyna-lt-147slate-grey-unisex-1-214,osprey,OSPREY Dyna LT 147/Slate Grey Unisex,,osprey-1-214,ok
https://loplabbet.no/osprey-dyna-lt-305verdigris-green-unisex-1-214,osprey,OSPREY Dyna LT 305/Verdigris Green Unisex,,osprey-1-214,ok
https://loplabbet.no/osprey-duro-dyna-belt-unisex-483dark-charcoal-grey-unisex-1-215,osprey,"OSPREY Duro Dyna Belt, unisex 483/Dark Charcoal Grey Unisex",,osprey-483dark-charcoal-grey-unisex-1-215,ok
https://loplabbet.no/osprey-hydraulics-500ml-softflask-186na-unisex-2-246,osprey,OSPREY Hydraulics 500ml SoftFlask 186/N/A Unisex,,osprey-2-246,ok
https://loplabbet.no/osprey-hydraulics-2l-reservoir-na-unisex-3041,osprey,OSPREY Hydraulics 2L Reservoir N/A Unisex,,osprey-3041,ok
https://loplabbet.no/osprey-hydraulics-lt-15l-reservoir-na-unisex-3042,osprey,OSPREY Hydraulics LT 1.5L Reservoir N/A Unisex,,osprey-3042,ok
https://loplabbet.no/osprey-hivis-raincover-smallmedium-limon-green-unisex-3078,osprey,OSPREY HiVis Raincover Small/Medium Limon Green Unisex,,osprey-3078,ok
https://loplabbet.no/osprey-hivis-raincover-x-small-limon-green-unisex-3079,osprey,OSPREY HiVis Raincover X-small Limon Green Unisex,,osprey-3079,ok
https://loplabbet.no/osprey-dry-sack-12-wwindow-black-unisex-3106,osprey,OSPREY Dry Sack 12 w/window Black Unisex,,osprey-3106,ok
https://loplabbet.no/osprey-dry-sack-6-wwindow-waterfront-blue-unisex-3107,osprey,OSPREY Dry Sack 6 w/window Waterfront Blue Unisex,,osprey-3107,ok
https://loplabbet.no/osprey-dry-sack-3-wwindow-mars-orange-unisex-3108,osprey,OSPREY Dry Sack 3 w/window Mars Orange Unisex,,osprey-3108,ok
https://loplabbet.no/osprey-hydraulics-lt-25l-reservoir-na-unisex-3162,osprey,OSPREY Hydraulics LT 2.5L Reservoir N/A Unisex,,osprey-3162,ok
https://loplabbet.no/osprey-katari-7-herre-black-herre,osprey,"OSPREY Katari 7, herre Black Herre",,osprey-black-herre,ok
https://loplabbet.no/osprey-kitsuma-7-space-travel-grey-dame-3166,osprey,OSPREY Kitsuma 7 Space Travel Grey Dame,,osprey-3166,ok
https://loplabbet.no/osprey-duro-15-phantom-greytoffee-orange-herre-3204,osprey,OSPREY Duro 1.5 Phantom Grey/Toffee Orange Herre,,osprey-3204,ok
https://loplabbet.no/osprey-duro-15-seaweed-greenlimon-herre-3204,osprey,OSPREY Duro 1.5 Seaweed Green/Limon Herre,,osprey-3204,ok
https://loplabbet.no/osprey-duro-6-phantom-greytoffee-orange-herre-3206,osprey,OSPREY Duro 6 Phantom Grey/Toffee Orange Herre,,osprey-3206,ok
https://loplabbet.no/osprey-duro-6-seaweed-greenlimon-herre-3206,osprey,OSPREY Duro 6 Seaweed Green/Limon Herre,,osprey-3206,ok
https://loplabbet.no/osprey-duro-lt-phantom-greytoffee-orange-herre-3207,osprey,OSPREY Duro LT Phantom Grey/Toffee Orange Herre,,osprey-3207,ok
https://loplabbet.no/osprey-duro-lt-seaweed-greenlimon-herre-3207,osprey,OSPREY Duro LT Seaweed Green/Limon Herre,,osprey-3207,ok
https://loplabbet.no/osprey-dyna-15-cascade-bluesilver-lining-dame-3208,osprey,OSPREY Dyna 1.5 Cascade Blue/Silver Lining Dame,,osprey-3208,ok
https://loplabbet.no/osprey-dyna-15-kakio-pink-dame-3208,osprey,OSPREY Dyna 1.5 Kakio Pink Dame,,osprey-3208,ok
https://loplabbet.no/osprey-dyna-6-cascade-bluesilver-lining-dame-3210,osprey,OSPREY Dyna 6 Cascade Blue/Silver Lining Dame,,osprey-3210,ok
https://loplabbet.no/osprey-dyna-6-kakio-pink-dame-3210,osprey,OSPREY Dyna 6 Kakio Pink Dame,,osprey-3210,ok
https://loplabbet.no/osprey-dyna-lt-cascade-bluesilver-lining-dame-3211,osprey,OSPREY Dyna LT Cascade Blue/Silver Lining Dame,,osprey-3211,ok
https://loplabbet.no/osprey-dyna-lt-kakio-pink-dame-3211,osprey,OSPREY Dyna LT Kakio Pink Dame,,osprey-3211,ok
https://loplabbet.no/osprey-talon-velocity-20-matcha-greenlemongrass-herre-3354,osprey,OSPREY Talon Velocity 20 Matcha Green/Lemongrass Herre,,osprey-3354,ok
https://loplabbet.no/osprey-tempest-velocity-20-pashminamelon-dame-3356,osprey,OSPREY Tempest Velocity 20 Pashmina-Melon Dame,,osprey-3356,ok
https://loplabbet.no/osprey-duro-dyna-lt-belt-cascade-bluesilver-lining-unisex-3360,osprey,OSPREY Duro Dyna LT Belt Cascade Blue/Silver Lining Unisex,,osprey-3360,ok
https://loplabbet.no/osprey-duro-dyna-lt-belt-seaweed-greenlimon-unisex-3360,osprey,OSPREY Duro Dyna LT Belt Seaweed Green/Limon Unisex,,osprey-3360,ok
https://loplabbet.no/osprey-duro-pro-7-cascade-blue-herre-3361,osprey,OSPREY Duro Pro 7 Cascade Blue Herre,,osprey-3361,ok
https://loplabbet.no/osprey-dyna-pro-7-purple-dusk-dame-3362,osprey,OSPREY Dyna Pro 7 Purple Dusk Dame,,osprey-3362,ok
https://loplabbet.no/osprey-duro-dyna-pro-belt-cascade-blue-unisex-3524,osprey,OSPREY Duro Dyna Pro Belt Cascade Blue Unisex,,osprey-3524,ok
https://loplabbet.no/osprey-duro-lt-black-herre-3632,osprey,OSPREY Duro LT Black Herre,,osprey-3632,ok
https://loplabbet.no/osprey-dyna-lt-dawn-blue-dame-3635,osprey,OSPREY Dyna LT Dawn Blue Dame,,osprey-3635,ok
https://loplabbet.no/osprey-hydraulics-500ml-soft-flask-not-applicable-unisex-3658,osprey,OSPREY Hydraulics 500ml Soft Flask NOT APPLICABLE Unisex,,osprey-3658,ok
https://loplabbet.no/osprey-hydraulics-ls-15l-reservoir-not-applicable-unisex-3665,osprey,OSPREY Hydraulics LS 1.5L Reservoir NOT APPLICABLE Unisex,,osprey-3665,ok
https://loplabbet.no/osprey-duro-6-235phoenix-red-unisex,osprey,OSPREY Duro 6 235/Phoenix Red Unisex,,,ok
https://loplabbet.no/osprey-talon-22-59ultramarine-blue-herre,osprey,OSPREY Talon 22 59/Ultramarine Blue Herre,,,ok
https://loplabbet.no/osprey-ultralight-high-regnbeskyttelse-s-89electric-lime-unisex-5-690-2,osprey,"OSPREY Ultralight High Regnbeskyttelse, S 89/Electric Lime Unisex",,osprey-5-690-2,ok
https://loplabbet.no/osprey-ultralight-drysack-30-l-201poppy-orange-unisex,osprey,OSPREY Ultralight DrySack 30 L 201/Poppy Orange Unisex,,,ok
https://loplabbet.no/osprey-hydraulics-2-l-reservoir-186na-unisex-5-800-1,osprey,OSPREY Hydraulics 2 L Reservoir 186/N/A Unisex,,osprey-5-800-1,ok
https://loplabbet.no/osprey-hydraulics-lt-15-l-reservoir-186na-unisex-5-800-3,osprey,OSPREY Hydraulics LT 1.5 L Reservoir 186/N/A Unisex,,osprey-5-800-3,ok
https://loplabbet.no/osprey-hydraulics-lt-25-l-reservoir-186na-unisex-5-800-4,osprey,OSPREY Hydraulics LT 2.5 L Reservoir 186/N/A Unisex,,osprey-5-800-4,ok
https://loplabbet.no/osprey-hydraulics-cleaning-kit-186na-unisex-5-801-1,osprey,OSPREY Hydraulics Cleaning Kit 186/N/A Unisex,,osprey-5-801-1,ok
https://loplabbet.no/pedag-lisse-running-black-unisex-5671,pedag,PEDAG Lisse Running Black Unisex,,pedag-5671,ok
https://loplabbet.no/pedag-lisse-running-blue-unisex-5671,pedag,PEDAG Lisse Running Blue Unisex,,pedag-5671,ok
https://loplabbet.no/pedag-lisse-running-pale-pink-unisex-5671,pedag,PEDAG Lisse Running Pale Pink Unisex,,pedag-5671,ok
https://loplabbet.no/pedag-lisse-running-white-unisex-5671,pedag,PEDAG Lisse Running White Unisex,,pedag-5671,ok
https://loplabbet.no/pedag-129-correct-nocolour-unisex-pg1290,pedag,PEDAG 129 Correct NoColour Unisex,,pedag-pg1290,ok
https://loplabbet.no/pedag-kippekappe-no-colour-unisex-pg131,pedag,PEDAG Kippekappe No Colour Unisex,,pedag-pg131,ok
https://loplabbet.no/pedag-pelott-134-t-pute-no-colour-unisex-pg1340,pedag,PEDAG Pelott 134 T-pute No Colour Unisex,,pedag-pg1340,ok
https://loplabbet.no/pedag-t-pelott-135-no-colour-unisex-pg1350,pedag,PEDAG T-Pelott 135 No Colour Unisex,,pedag-pg1350,ok
https://loplabbet.no/pedag-korkhael-nocolour-unisex-pg1400,pedag,PEDAG Korkhæl NoColour Unisex,,pedag-pg1400,ok
https://loplabbet.no/pedag-sale-142-comfort-nocolour-unisex-pg1420,pedag,PEDAG Såle 142 Comfort NoColour Unisex,,pedag-pg1420,ok
https://loplabbet.no/pedag-sale-179-viva-mini-nocolour-unisex-pg1790,pedag,PEDAG Såle 179 Viva Mini NoColour Unisex,,pedag-pg1790,ok
https://loplabbet.no/pedag-viva-winter-ullsale-nocolour-unisex-pg1980,pedag,PEDAG Viva Winter Ullsåle NoColour Unisex,,pedag-pg1980,ok
https://loplabbet.no/pedag-lisse-530-bred-flat-100-hvit-unisex-pg5300100,pedag,PEDAG Lisse 530 Bred Flat 100 Hvit Unisex,,pedag-pg5300100,ok
https://loplabbet.no/pedag-lisse-530-bred-flat-100-sort-unisex-pg5300100,pedag,PEDAG Lisse 530 Bred Flat 100 Sort Unisex,,pedag-pg5300100,ok
https://loplabbet.no/pedag-lisse-530-bred-flat-120-hvit-unisex-pg5300120,pedag,PEDAG Lisse 530 Bred Flat 120 Hvit Unisex,,pedag-pg5300120,ok
https://loplabbet.no/pedag-lisse-530-bred-flat-120-sort-unisex-pg5300120,pedag,PEDAG Lisse 530 Bred Flat 120 Sort Unisex,,pedag-pg5300120,ok
https://loplabbet.no/pedag-skohorn-plast-s-sort-bla-unisex-pg6140,pedag,"PEDAG Skohorn Plast S, blå Blå Unisex",,pedag-pg6140,ok
https://loplabbet.no/pedag-skohorn-plast-s-sort-black-unisex-pg6140,pedag,"PEDAG Skohorn Plast S, svart Black Unisex",,pedag-pg6140,ok
https://loplabbet.no/pedag-skohorn-plast-s-gronn-unisex-pg6140,pedag,"PEDAG Skohorn Plast S, grønn Grønn Unisex",,pedag-pg6140,ok
https://loplabbet.no/pedag-skohorn-plast-s-gul-unisex-pg6140,pedag,"PEDAG Skohorn Plast S, gul Gul Unisex",,pedag-pg6140,ok
https://loplabbet.no/pedag-skohorn-plast-s-rod-unisex-pg6140,pedag,"PEDAG Skohorn Plast S, rød Rød Unisex",,pedag-pg6140,ok
https://loplabbet.no/pedag-skohorn-m-sort-unisex-pg6150,pedag,PEDAG Skohorn M Sort Unisex,,pedag-pg6150,ok
https://loplabbet.no/pedag-skohorn-l-bla-bla-unisex-pg6180,pedag,"PEDAG Skohorn L, blå Blå Unisex",,pedag-pg6180,ok
https://loplabbet.no/pedag-skohorn-l-rod-rod-unisex-pg6180,pedag,"PEDAG Skohorn L, rød Rød Unisex",,pedag-pg6180,ok
https://loplabbet.no/pedag-skohorn-l-rosa-rosa-unisex-pg6180,pedag,"PEDAG Skohorn L, rosa Rosa Unisex",,pedag-pg6180,ok
https://loplabbet.no/pedag-skohorn-l-sort-unisex-pg6180,pedag,"PEDAG Skohorn L, svart Sort Unisex",,pedag-pg6180,ok
https://loplabbet.no/pedag-skohorn-l-turkis-turkis-unisex-pg6180,pedag,"PEDAG Skohorn L, turkis Turkis Unisex",,pedag-pg6180,ok
https://loplabbet.no/polar-pacer-black-unisex,polar,POLAR Pacer Black Unisex,,,ok
https://loplabbet.no/polar-pacer-white-unisex,polar,POLAR Pacer White Unisex,,,ok
https://loplabbet.no/polar-pacer-pro-greyblack-unisex,polar,POLAR Pacer Pro Grey/Black Unisex,,,ok
https://loplabbet.no/polar-pacer-pro-whitered-unisex,polar,POLAR Pacer Pro White/Red Unisex,,,ok
https://loplabbet.no/polar-vantage-v3-black-unisex-90010889,polar,POLAR Vantage V3 Black Unisex,,polar-90010889,ok
https://loplabbet.no/polar-vantage-v3-silverapricot-unisex-90010889,polar,POLAR Vantage V3 Silver/Apricot Unisex,,polar-90010889,ok
https://loplabbet.no/polar-vantage-v3-silverblue-unisex-90010889,polar,POLAR Vantage V3 Silver/Blue Unisex,,polar-90010889,ok
https://loplabbet.no/polar-grit-x2-pro-black-unisex-900110283,polar,POLAR Grit X2 Pro Black Unisex,,polar-900110283,ok
https://loplabbet.no/polar-grit-x2-pro-titan-bronze-unisex-900110288,polar,POLAR GRIT X2 PRO TITAN Bronze Unisex,,polar-900110288,ok
https://loplabbet.no/polar-vantage-m3-black-unisex-90011239,polar,POLAR VANTAGE M3 Black Unisex,,polar-90011239,ok
https://loplabbet.no/polar-vantage-m3-greige-gold-unisex-90011239,polar,POLAR VANTAGE M3 Greige-Gold Unisex,,polar-90011239,ok
https://loplabbet.no/polar-vantage-m-hvit-unisex,polar,POLAR Vantage M Hvit Unisex,,,ok
https://loplabbet.no/polar-vantage-v-ti-blkred-emealatam-sortrod-unisex-90072459,polar,POLAR VANTAGE V TI BLK/RED EMEA/LATAM Sort/rød Unisex,,polar-90072459,ok
https://loplabbet.no/polar-polar-cable-charging-usb-gen-2-black-unisex-910104735,polar,POLAR POLAR CABLE CHARGING USB GEN 2 Black Unisex,,polar-910104735,ok
https://loplabbet.no/polar-strikk-til-pulsbelte-black-unisex-910638,polar,POLAR Strikk til pulsbelte Black Unisex,,polar-910638,ok
https://loplabbet.no/polar-lader-m430-sort-unisex,polar,POLAR Lader M430 Sort Unisex,,,ok
https://loplabbet.no/polar-usb-ladedatakabel-black-unisex-91070106,polar,POLAR USB Lade/datakabel Black Unisex,,polar-91070106,ok
https://loplabbet.no/polar-usb-ladedatakabel-black-unisex,polar,POLAR USB Lade/datakabel Black Unisex,,,ok
https://loplabbet.no/polar-wrist-band-grit-x-white-unisex-9108173,polar,POLAR WRIST BAND GRIT X white Unisex,,polar-9108173,ok
https://loplabbet.no/polar-wrist-band-vantage-v2-silikon-green-unisex-9108365,polar,POLAR WRIST BAND VANTAGE V2 silikon Green Unisex,,polar-9108365,ok
https://loplabbet.no/polar-wrist-band-vantage-v2-silikon-greylime-unisex-9108365,polar,POLAR WRIST BAND VANTAGE V2 silikon Grey/lime Unisex,,polar-9108365,ok
https://loplabbet.no/polar-wrist-band-vantage-v2-silikon-red-unisex-9108365,polar,POLAR WRIST BAND VANTAGE V2 silikon Red Unisex,,polar-9108365,ok
https://loplabbet.no/polar-oh1-optisk-pulssensor-sort-unisex,polar,POLAR OH1 Optisk Pulssensor Sort Unisex,,,ok
https://loplabbet.no/polar-oh1-ohr-sensor-n-sort-unisex,polar,POLAR OH1 OHR Sensor N sort Unisex,,,ok
https://loplabbet.no/polar-h10-pulssensor-black-unisex-920759,polar,POLAR H10 Pulssensor Black Unisex,,polar-920759,ok
https://loplabbet.no/polar-h10-pulssensor-black-unisex,polar,POLAR H10 Pulssensor Black Unisex,,,ok
https://loplabbet.no/polar-h10-pulssensor-turquoise-unisex,polar,POLAR H10 Pulssensor Turquoise Unisex,,,ok
https://loplabbet.no/polar-h9-hr-sensor-ble-gen-black-unisex-9208156,polar,POLAR H9 HR SENSOR BLE GEN Black Unisex,,polar-9208156,ok
https://loplabbet.no/puma-deviate-nitro-elite-racer-puma-white-dark-slate-fizzy-light-herre-195204,puma,PUMA Deviate Nitro Elite Racer Puma White-Dark Slate-Fizzy Light Herre,,puma-195204,ok
https://loplabbet.no/puma-fast-r-nitro-elite-unisex-for-all-time-red-ultra-blue-unisex,puma,"PUMA Fast-R Nitro Elite, unisex For All Time Red-Ultra Blue Unisex",,puma-for-all-time-red-ultra-blue-unisex,ok
https://loplabbet.no/puma-velocity-nitro-2-fizzy-light-nitro-blue-herre-195337,puma,PUMA Velocity Nitro 2 Fizzy Light-Nitro Blue Herre,,puma-195337,ok
https://loplabbet.no/puma-velocity-nitro-2-puma-black-puma-white-herre-195337,puma,PUMA Velocity Nitro 2 Puma Black-Puma White Herre,,puma-195337,ok
https://loplabbet.no/puma-deviate-nitro-2-ff-puma-black-sun-stream-sunset-glow-herre-309697,puma,PUMA Deviate Nitro 2 FF PUMA Black-Sun Stream-Sunset Glow Herre,,puma-309697,ok
https://loplabbet.no/puma-deviate-nitro-2-puma-black-sun-stream-sunset-glow-dame-309698,puma,PUMA Deviate Nitro 2 PUMA Black-Sun Stream-Sunset Glow Dame,,puma-309698,ok
https://loplabbet.no/puma-velocity-nitro-3-puma-black-puma-silver-sun-stream-herre-309701,puma,PUMA Velocity Nitro 3 PUMA Black-PUMA Silver-Sun Stream Herre,,puma-309701,ok
https://loplabbet.no/puma-velocity-nitro-3-puma-black-puma-silver-sun-stream-dame-309702,puma,PUMA Velocity Nitro 3 PUMA Black-PUMA Silver-Sun Stream Dame,,puma-309702,ok
https://loplabbet.no/puma-foreverrun-nitro-ff-puma-black-sun-stream-sunset-glow-herre-309703,puma,PUMA ForeverRun Nitro FF PUMA Black-Sun Stream-Sunset Glow Herre,,puma-309703,ok
https://loplabbet.no/puma-foreverrun-nitro-ff-puma-black-sun-stream-sunset-glow-dame-309704,puma,PUMA ForeverRun Nitro FF PUMA Black-Sun Stream-Sunset Glow Dame,,puma-309704,ok
https://loplabbet.no/puma-deviate-nitro-3-blue-crystal-puma-black-herre-309707,puma,PUMA Deviate NITRO 3 Blue Crystal-PUMA Black Herre,,puma-309707,ok
https://loplabbet.no/puma-deviate-nitro-3-mint-melt-speed-blue-herre-309707,puma,PUMA Deviate NITRO 3 Mint Melt-Speed Blue Herre,,puma-309707,ok
https://loplabbet.no/puma-deviate-nitro-3-puma-black-puma-white-herre-309707,puma,PUMA Deviate NITRO 3 PUMA Black-PUMA White Herre,,puma-309707,ok
https://loplabbet.no/puma-deviate-nitro-3-puma-black-sun-stream-herre-309707,puma,PUMA Deviate NITRO 3 PUMA Black-Sun Stream Herre,,puma-309707,ok
https://loplabbet.no/puma-deviate-nitro-3-yellow-alert-puma-black-herre-309707,puma,PUMA Deviate NITRO 3 Yellow Alert-PUMA Black Herre,,puma-309707,ok
https://loplabbet.no/puma-deviate-nitro-3-cool-weather-blue-crystal-puma-silver-dame-309708,puma,PUMA Deviate NITRO 3 Cool Weather-Blue Crystal-PUMA Silver Dame,,puma-309708,ok
https://loplabbet.no/puma-deviate-nitro-3-wns-mint-melt-speed-blue-dame-309708,puma,PUMA Deviate NITRO 3 Mint Melt-Speed Blue Dame,,puma-309708,ok
https://loplabbet.no/puma-deviate-nitro-3-puma-black-sunset-glow-sun-stream-dame-309708,puma,PUMA Deviate NITRO 3 PUMA Black-Sunset Glow-Sun Stream Dame,,puma-309708,ok
https://loplabbet.no/puma-deviate-nitro-3-yellow-alert-puma-silver-dame-309708,puma,PUMA Deviate NITRO 3 Yellow Alert-PUMA Silver Dame,,puma-309708,ok
https://loplabbet.no/puma-deviate-nitro-elite-3-mint-melt-speed-blue-herre-309809,puma,PUMA Deviate NITRO Elite 3 Mint Melt-Speed Blue Herre,,puma-309809,ok
https://loplabbet.no/puma-deviate-nitro-elite-3-pure-magenta-yellow-alert-herre-309809,puma,PUMA Deviate NITRO Elite 3 Pure Magenta-Yellow Alert Herre,,puma-309809,ok
https://loplabbet.no/puma-deviate-nitro-elite-3-mint-melt-speed-blue-dame-309810,puma,PUMA Deviate NITRO Elite 3 Mint Melt-Speed Blue Dame,,puma-309810,ok
https://loplabbet.no/puma-deviate-nitro-elite-3-pure-magenta-yellow-alert-dame-309810,puma,PUMA Deviate NITRO Elite 3 Pure Magenta-Yellow Alert Dame,,puma-309810,ok
https://loplabbet.no/puma-fast-r-nitro-elite-2-psychedelic-rush-lime-pow-puma-black-poison-pink-herre-309828,puma,PUMA FAST-R Nitro Elite 2 Psychedelic Rush Lime Pow-PUMA Black-Poison Pink Herre,,puma-309828,ok
https://loplabbet.no/puma-fast-r-nitro-elite-2-psychedelic-rush-lime-pow-puma-black-poison-pink-dame-309829,puma,PUMA FAST-R Nitro Elite 2 Psychedelic Rush Lime Pow-PUMA Black-Poison Pink Dame,,puma-309829,ok
https://loplabbet.no/puma-fast-rb-nitro-elite-ff-puma-black-sun-stream-sunset-glow-herre-310031,puma,PUMA FAST-RB NITRO Elite FF PUMA Black-Sun Stream-Sunset Glow Herre,,puma-310031,ok
https://loplabbet.no/puma-fast-rb-nitro-elite-ff-wn-puma-black-sun-stream-sunset-glow-dame-310032,puma,PUMA FAST-RB NITRO Elite FF Wn PUMA Black-Sun Stream-Sunset Glow Dame,,puma-310032,ok
https://loplabbet.no/puma-deviate-nitro-3-wtr-puma-black-galactic-gray-herre-310080,puma,PUMA Deviate NITRO 3 WTR+ PUMA Black-Galactic Gray Herre,,puma-310080,ok
https://loplabbet.no/puma-deviate-nitro-3-wtr-galactic-gray-puma-black-fizzy-apple-dame-310081,puma,PUMA Deviate NITRO 3 WTR+ Galactic Gray-PUMA Black-Fizzy Apple Dame,,puma-310081,ok
https://loplabbet.no/puma-magmax-nitro-lapis-lazuli-nitro-blue-herre-310088,puma,PUMA MagMax NITRO Lapis Lazuli-Nitro Blue Herre,,puma-310088,ok
https://loplabbet.no/puma-magmax-nitro-puma-black-galactic-gray-herre-310088,puma,PUMA MagMax NITRO PUMA Black-Galactic Gray Herre,,puma-310088,ok
https://loplabbet.no/puma-magmax-nitro-puma-white-puma-silver-herre-310088,puma,PUMA MagMax NITRO PUMA White-PUMA Silver Herre,,puma-310088,ok
https://loplabbet.no/puma-magmax-nitro-nitro-blue-lapis-lazuli-dame-310089,puma,PUMA MagMax NITRO Nitro Blue-Lapis Lazuli Dame,,puma-310089,ok
https://loplabbet.no/puma-magmax-nitro-puma-white-puma-silver-dame-310089,puma,PUMA MagMax NITRO PUMA White-PUMA Silver Dame,,puma-310089,ok
https://loplabbet.no/puma-foreverrun-nitro-2-cool-weather-yellow-alert-herre-310109,puma,PUMA ForeverRun NITRO 2 Cool Weather-Yellow Alert Herre,,puma-310109,ok
https://loplabbet.no/puma-foreverrun-nitro-2-puma-black-puma-white-herre-310109,puma,PUMA ForeverRun NITRO 2 PUMA Black-PUMA White Herre,,puma-310109,ok
https://loplabbet.no/puma-foreverrun-nitro-2-puma-white-speed-blue-herre-310109,puma,PUMA ForeverRun NITRO 2 PUMA White-Speed Blue Herre,,puma-310109,ok
https://loplabbet.no/puma-fast-r-nitro-elite-2-sun-stream-sunset-glow-puma-white-herre-310217,puma,PUMA FAST-R NITRO Elite 2 Sun Stream-Sunset Glow-PUMA White Herre,,puma-310217,ok
https://loplabbet.no/puma-fast-r-nitro-elite-2-fire-sun-stream-sunset-glow-puma-white-dame-310218,puma,PUMA FAST-R NITRO Elite 2 Fire Sun Stream-Sunset Glow-PUMA White Dame,,puma-310218,ok
https://loplabbet.no/puma-foreverrun-nitro-2-cool-weather-yellow-alert-dame-310471,puma,PUMA ForeverRun NITRO 2 Cool Weather-Yellow Alert Dame,,puma-310471,ok
https://loplabbet.no/puma-foreverrun-nitro-2-puma-white-mint-melt-dame-310471,puma,PUMA ForeverRun NITRO 2 PUMA White-Mint Melt Dame,,puma-310471,ok
https://loplabbet.no/puma-deviate-nitro-3-fade-sun-stream-sunset-glow-puma-white-herre-310474,puma,PUMA Deviate NITRO 3 FADE Sun Stream-Sunset Glow-PUMA White Herre,,puma-310474,ok
https://loplabbet.no/puma-deviate-nitro-3-fade-sun-stream-sunset-glow-puma-white-dame-310475,puma,PUMA Deviate NITRO 3 FADE Sun Stream-Sunset Glow-PUMA White Dame,,puma-310475,ok
https://loplabbet.no/puma-magnify-nitro-2-fade-sun-stream-puma-black-herre-310481,puma,PUMA Magnify NITRO 2 FADE Sun Stream-PUMA Black Herre,,puma-310481,ok
https://loplabbet.no/puma-deviate-nitro-elite-3-fire-sun-stream-sunset-glow-herre-310554,puma,PUMA Deviate NITRO Elite 3 Fire Sun Stream-Sunset Glow Herre,,puma-310554,ok
https://loplabbet.no/puma-deviate-nitro-elite-3-fire-sun-stream-sunset-glow-dame-310555,puma,PUMA Deviate NITRO Elite 3 Fire Sun Stream-Sunset Glow Dame,,puma-310555,ok
https://loplabbet.no/puma-deviate-nitro-elite-3-puma-white-sunset-glow-sun-stream-herre-310639,puma,PUMA Deviate NITRO Elite 3 PUMA White-Sunset Glow-Sun Stream Herre,,puma-310639,ok
https://loplabbet.no/puma-fast-r-nitro-elite-2-glowing-red-puma-black-herre-310683,puma,PUMA FAST-R NITRO Elite 2 Glowing Red-PUMA Black Herre,,puma-310683,ok
https://loplabbet.no/puma-fast-r-nitro-elite-2-pure-magenta-yellow-alert-herre-310683,puma,PUMA FAST-R NITRO Elite 2 Pure Magenta-Yellow Alert Herre,,puma-310683,ok
https://loplabbet.no/puma-fast-r-nitro-elite-2-pure-magenta-yellow-alert-dame-310684,puma,PUMA FAST-R NITRO Elite 2 Pure Magenta-Yellow Alert Dame,,puma-310684,ok
https://loplabbet.no/puma-magnify-nitro-3-puma-black-puma-white-herre-311046,puma,PUMA Magnify NITRO 3 PUMA Black-PUMA White Herre,,puma-311046,ok
https://loplabbet.no/puma-magnify-nitro-3-puma-white-mint-melt-herre-311046,puma,PUMA Magnify NITRO 3 PUMA White-Mint Melt Herre,,puma-311046,ok
https://loplabbet.no/puma-magnify-nitro-3-vibrant-silver-apple-spritz-herre-311046,puma,PUMA Magnify NITRO 3 Vibrant Silver-Apple Spritz Herre,,puma-311046,ok
https://loplabbet.no/puma-magnify-nitro-3-gray-sky-deep-plum-vibrant-silver-dame-311047,puma,PUMA Magnify NITRO 3 Gray Sky-Deep Plum-Vibrant Silver Dame,,puma-311047,ok
https://loplabbet.no/puma-magnify-nitro-3-sea-glass-mint-melt-dame-311047,puma,PUMA Magnify NITRO 3 Sea Glass-Mint Melt Dame,,puma-311047,ok
https://loplabbet.no/puma-propio-nitro-mint-melt-speed-blue-herre-311428,puma,PUMA Propio NITRO Mint Melt-Speed Blue Herre,,puma-311428,ok
https://loplabbet.no/puma-propio-nitro-mint-melt-speed-blue-dame-311429,puma,PUMA Propio NITRO Mint Melt-Speed Blue Dame,,puma-311429,ok
https://loplabbet.no/puma-velocity-nitro-4-hyrox-puma-white-mint-melt-glowing-red-herre-311911,puma,PUMA Velocity NITRO 4 HYROX PUMA White-Mint Melt-Glowing Red Herre,,puma-311911,ok
https://loplabbet.no/puma-velocity-nitro-4-hyrox-puma-white-mint-melt-glowing-red-dame-311912,puma,PUMA Velocity NITRO 4 HYROX PUMA White-Mint Melt-Glowing Red Dame,,puma-311912,ok
https://loplabbet.no/puma-fast-r-nitro-elite-3-puma-white-dark-amethyst-puma-black-fluro-pink-pes-herre-312058,puma,PUMA FAST-R Nitro Elite 3 DIGITOKYO PUMA White-Dark Amethyst-PUMA Black-Fluro Pink Pes Herre,,puma-312058,ok
https://loplabbet.no/puma-fast-r-nitro-elite-3-digitokyo-puma-white-dark-amethyst-puma-black-fluro-pink-pes-dame-312059,puma,PUMA FAST-R Nitro Elite 3 DIGITOKYO PUMA White-Dark Amethyst-PUMA Black-Fluro Pink Pes Dame,,puma-312059,ok
https://loplabbet.no/puma-fast-r-nitro-elite-3-apple-spritz-deep-plum-herre-312060,puma,PUMA FAST-R NITRO Elite 3 Apple Spritz-Deep Plum Herre,,puma-312060,ok
https://loplabbet.no/puma-fast-r-nitro-elite-3-fresh-water-lemon-crush-herre-312060,puma,PUMA FAST-R NITRO Elite 3 Fresh Water-Lemon Crush Herre,,puma-312060,ok
https://loplabbet.no/puma-fast-r-nitro-elite-3-heat-fire-sun-stream-herre-312060,puma,PUMA Fast-R Nitro Elite 3 Heat Fire-Sun Stream Herre,,puma-312060,ok
https://loplabbet.no/puma-fast-r-nitro-elite-3-light-lavender-ultra-red-herre-312060,puma,PUMA Fast-R Nitro Elite 3 Light Lavender-Ultra Red Herre,,puma-312060,ok
https://loplabbet.no/puma-fast-r-nitro-elite-3-mint-melt-speed-blue-herre-312060,puma,PUMA Fast-R Nitro Elite 3 Mint Melt-Speed Blue Herre,,puma-312060,ok
https://loplabbet.no/puma-fast-r-nitro-elite-3-puma-white-glowing-red-mint-melt-herre-312060,puma,PUMA Fast-R Nitro Elite 3 PUMA White-Glowing Red-Mint Melt Herre,,puma-312060,ok
https://loplabbet.no/puma-fast-r-nitro-elite-3-ultra-red-inky-depths-herre-312060,puma,PUMA Fast-R Nitro Elite 3 Ultra Red-Inky Depths Herre,,puma-312060,ok
https://loplabbet.no/puma-fast-r-nitro-elite-3-apple-spritz-deep-plum-dame-312061,puma,PUMA Fast-R Nitro Elite 3 Apple Spritz-Deep Plum Dame,,puma-312061,ok
https://loplabbet.no/puma-fast-r-nitro-elite-3-fresh-water-lemon-crush-dame-312061,puma,PUMA Fast-R Nitro Elite 3 Fresh Water-Lemon Crush Dame,,puma-312061,ok
https://loplabbet.no/puma-fast-r-nitro-elite-3-heat-fire-puma-black-dame-312061,puma,PUMA Fast-R Nitro Elite 3 Heat Fire-PUMA Black Dame,,puma-312061,ok
https://loplabbet.no/puma-fast-r-nitro-elite-3-mint-melt-speed-blue-dame-312061,puma,PUMA Fast-R Nitro Elite 3 Mint Melt-Speed Blue Dame,,puma-312061,ok
https://loplabbet.no/puma-fast-r-nitro-elite-3-puma-white-glowing-red-mint-melt-dame-312061,puma,PUMA Fast-R Nitro Elite 3 PUMA White-Glowing Red-Mint Melt Dame,,puma-312061,ok
https://loplabbet.no/puma-fast-r-nitro-elite-3-ultra-red-inky-depths-puma-white-dame-312061,puma,PUMA Fast-R Nitro Elite 3 Ultra Red-Inky Depths-PUMA White Dame,,puma-312061,ok
https://loplabbet.no/puma-deviate-nitro-4-apple-spritz-lux-lime-herre-312123,puma,PUMA Deviate NITRO 4 Apple Spritz-Lux Lime Herre,,puma-312123,ok
https://loplabbet.no/puma-deviate-nitro-4-baltic-sea-blue-fresh-water-herre-312123,puma,PUMA Deviate NITRO 4 Baltic Sea Blue-Fresh Water Herre,,puma-312123,ok
https://loplabbet.no/puma-deviate-nitro-4-ultra-red-puma-silver-herre-312123,puma,PUMA Deviate NITRO 4 Ultra Red-PUMA Silver Herre,,puma-312123,ok
https://loplabbet.no/puma-deviate-nitro-4-apple-spritz-lux-lime-dame-312124,puma,PUMA Deviate NITRO 4 Apple Spritz-Lux Lime Dame,,puma-312124,ok
https://loplabbet.no/puma-deviate-nitro-4-fresh-water-nitro-blue-dame-312124,puma,PUMA Deviate NITRO 4 Fresh Water-Nitro Blue Dame,,puma-312124,ok
https://loplabbet.no/puma-deviate-nitro-4-ultra-red-puma-silver-dame-312124,puma,PUMA Deviate NITRO 4 Ultra Red-PUMA Silver Dame,,puma-312124,ok
https://loplabbet.no/puma-magmax-nitro-2-vibrant-silver-lux-lime-herre-312125,puma,PUMA MagMax NITRO 2 Vibrant Silver-Lux Lime Herre,,puma-312125,ok
https://loplabbet.no/puma-magmax-nitro-2-puma-white-puma-silver-dame-312126,puma,PUMA MagMax NITRO 2 PUMA White-PUMA Silver Dame,,puma-312126,ok
https://loplabbet.no/puma-magmax-nitro-2-silver-mist-apple-spritz-dame-312126,puma,PUMA MagMax NITRO 2 Silver Mist-Apple Spritz Dame,,puma-312126,ok
https://loplabbet.no/puma-deviate-nitro-elite-4-fresh-water-lemon-crush-puma-black-puma-white-herre-312127,puma,PUMA Deviate NITRO Elite 4 Fresh Water-Lemon Crush-PUMA Black-PUMA White Herre,,puma-312127,ok
https://loplabbet.no/puma-deviate-nitro-elite-4-light-lavender-ultra-red-inky-depths-herre-312127,puma,PUMA Deviate NITRO Elite 4 Light Lavender-Ultra Red-Inky Depths Herre,,puma-312127,ok
https://loplabbet.no/puma-deviate-nitro-elite-4-puma-white-apple-spritz-lux-lime-herre-312127,puma,PUMA Deviate NITRO Elite 4 PUMA White-Apple Spritz-Lux Lime Herre,,puma-312127,ok
https://loplabbet.no/puma-deviate-nitro-elite-4-fresh-water-lemon-crush-puma-black-dame-312128,puma,PUMA Deviate NITRO Elite 4 Fresh Water-Lemon Crush-PUMA Black Dame,,puma-312128,ok
https://loplabbet.no/puma-deviate-nitro-elite-4-light-lavender-ultra-red-inky-depths-dame-312128,puma,PUMA Deviate NITRO Elite 4 Light Lavender-Ultra Red-Inky Depths Dame,,puma-312128,ok
https://loplabbet.no/puma-deviate-nitro-elite-4-puma-white-apple-spritz-lux-lime-dame-312128,puma,PUMA Deviate NITRO Elite 4 PUMA White-Apple Spritz-Lux Lime Dame,,puma-312128,ok
https://loplabbet.no/puma-nitro-3-hyrox-ah25-glowing-red-mint-melt-herre-312293,puma,PUMA DEVIATE NITRO 3 HYROX AH25 Glowing Red-Mint Melt Herre,,puma-312293,ok
https://loplabbet.no/puma-nitro-3-hyrox-ah25-mint-melt-glowing-red-dame-312294,puma,PUMA DEVIATE NITRO 3 HYROX AH25 Mint Melt-Glowing Red Dame,,puma-312294,ok
https://loplabbet.no/puma-fast-r-nitro-elite-3-saysky-warm-white-honey-butter-team-regal-red-herre-312318,puma,PUMA Fast-R NITRO Elite 3 Saysky Warm White-Honey Butter-Team Regal Red Herre,,puma-312318,ok
https://loplabbet.no/puma-deviate-nitro-4-puma-x-hyrox-pure-pink-puma-white-dame-312905,puma,PUMA Deviate NITRO 4 PUMA X HYROX Pure Pink-PUMA White Dame,,puma-312905,ok
https://loplabbet.no/puma-deviate-nitro-4-puma-x-hyrox-puma-white-electric-orchid-pure-pink-herre-312906,puma,PUMA Deviate NITRO 4 PUMA X HYROX PUMA White-Electric Orchid-Pure Pink Herre,,puma-312906,ok
https://loplabbet.no/puma-deviate-nitro-elite-4-puma-x-hyrox-pure-pink-electric-orchid-deep-plum-herre-312959,puma,PUMA Deviate NITRO Elite 4 PUMA x HYROX Pure Pink-Electric Orchid-Deep Plum Herre,,puma-312959,ok
https://loplabbet.no/puma-deviate-nitro-elite-4-puma-x-hyrox-pure-pink-electric-orchid-deep-plum-dame-312960,puma,PUMA Deviate NITRO Elite 4 PUMA x HYROX Pure Pink-Electric Orchid-Deep Plum Dame,,puma-312960,ok
https://loplabbet.no/puma-deviate-nitro-elite-4-st-poison-pink-yellow-alert-bright-aqua-herre-313298,puma,PUMA Deviate NITRO Elite 4 ST Poison Pink-Yellow Alert-Bright Aqua Herre,,puma-313298,ok
https://loplabbet.no/puma-fast-r-nitro-elite-3-ekiden-puma-white-heat-fire-puma-black-herre-313418,puma,PUMA FAST-R Nitro Elite 3 Ekiden PUMA White-Heat Fire-PUMA Black Herre,,puma-313418,ok
https://loplabbet.no/puma-fast-r-nitro-elite-3-st-poison-pink-puma-white-herre-313615,puma,PUMA FAST-R NITRO Elite 3 ST Poison Pink-PUMA White Herre,,puma-313615,ok
https://loplabbet.no/puma-fast-r-nitro-elite-3-st-poison-pink-puma-white-dame-313616,puma,PUMA FAST-R NITRO Elite 3 ST Poison Pink-PUMA White Dame,,puma-313616,ok
https://loplabbet.no/puma-fast-fwd-nitro-elite-2-light-lavender-ultra-red-herre-313692,puma,PUMA Fast-FWD NITRO Elite 2 Light Lavender-Ultra Red Herre,,puma-313692,ok
https://loplabbet.no/puma-deviate-pure-nitro-puma-white-ultra-red-puma-silver-herre-313904,puma,PUMA Deviate Pure NITRO PUMA White-Ultra Red-PUMA Silver Herre,,puma-313904,ok
https://loplabbet.no/puma-deviate-pure-nitro-puma-white-ultra-red-dame-313905,puma,PUMA Deviate Pure NITRO PUMA White-Ultra Red Dame,,puma-313905,ok
https://loplabbet.no/puma-amf1-fast-r-nitro-elite-3-puma-black-lime-shimmer-green-lux-herre-314218,puma,PUMA AMF1 Fast-R NITRO Elite 3 PUMA Black-Lime Shimmer-Green Lux Herre,,puma-314218,ok
https://loplabbet.no/puma-amf1-magmax-nitro-2-puma-black-lime-shimmer-green-lux-herre-314220,puma,PUMA AMF1 MagMax NITRO 2 PUMA Black-Lime Shimmer-Green Lux Herre,,puma-314220,ok
https://loplabbet.no/puma-amf1-magmax-nitro-2-puma-black-lime-shimmer-green-lux-dame-314221,puma,PUMA AMF1 MagMax NITRO 2 PUMA Black-Lime Shimmer-Green Lux Dame,,puma-314221,ok
https://loplabbet.no/puma-berserker-nitro-elite-2-poison-pink-sun-stream-puma-black-unisex-314254,puma,PUMA Berserker NITRO Elite 2 Poison Pink-Sun Stream-PUMA Black Unisex,,puma-314254,ok
https://loplabbet.no/puma-run-xx-nitro-deep-orchid-metallic-silver-puma-black-dame-376171,puma,PUMA Run XX Nitro Deep Orchid-Metallic Silver-Puma Black Dame,,puma-376171,ok
https://loplabbet.no/puma-run-xx-nitro-sunset-glow-puma-black-metallic-silver-dame-376171,puma,PUMA Run XX Nitro Sunset Glow-Puma Black-Metallic Silver Dame,,puma-376171,ok
https://loplabbet.no/puma-deviate-nitro-fm-nimbus-cloud-dark-slate-bamboo-dame-376259,puma,PUMA Deviate Nitro FM Nimbus Cloud-Dark Slate-Bamboo Dame,,puma-376259,ok
https://loplabbet.no/puma-deviate-nitro-fm-dark-slate-bamboo-herre-376260,puma,PUMA Deviate Nitro FM Dark Slate-Bamboo Herre,,puma-376260,ok
https://loplabbet.no/puma-velocity-nitro-2-puma-black-puma-white-dame-376262,puma,PUMA Velocity Nitro 2 Puma Black-Puma White Dame,,puma-376262,ok
https://loplabbet.no/puma-velocity-nitro-2-sunset-glow-puma-black-dame-376262,puma,PUMA Velocity Nitro 2 Sunset Glow-Puma Black Dame,,puma-376262,ok
https://loplabbet.no/puma-fast-r-nitro-elite-dame-for-all-time-red-ultra-blue-dame,puma,"PUMA Fast-R Nitro Elite, dame For All Time Red-Ultra Blue Dame",,puma-for-all-time-red-ultra-blue-dame,ok
https://loplabbet.no/puma-fast-fwd-nitro-elite-unisex-fire-orchid-ultra-blue-puma-white-unisex,puma,"PUMA Fast-FWD Nitro Elite, unisex Fire Orchid-Ultra Blue-PUMA White Unisex",,puma-fire-orchid-ultra-blue-puma-white-unisex,ok
https://loplabbet.no/puma-fast-fwd-nitro-elite-unisex-royal-sapphire-puma-black-puma-silver-unisex,puma,"PUMA Fast-FWD Nitro Elite, unisex Royal Sapphire-PUMA Black-PUMA Silver Unisex",,puma-royal-sapphire-puma-black-puma-silver-unisex,ok
https://loplabbet.no/puma-fast-fwd-nitro-elite-dame-fire-orchid-ultra-blue-puma-white-dame,puma,"PUMA Fast-FWD Nitro Elite, dame Fire Orchid-Ultra Blue-PUMA White Dame",,puma-fire-orchid-ultra-blue-puma-white-dame,ok
https://loplabbet.no/puma-deviate-nitro-2-herre-puma-black-herre-376807,puma,"PUMA Deviate Nitro 2, herre Puma Black Herre",,puma-376807,ok
https://loplabbet.no/puma-deviate-nitro-2-herre-royal-sapphire-elektro-purple-herre,puma,"PUMA Deviate Nitro 2, herre Royal Sapphire-Elektro Purple Herre",,puma-royal-sapphire-elektro-purple-herre,ok
https://loplabbet.no/puma-deviate-nitro-2-herre-ultra-blue-fire-orchid-puma-black-herre,puma,"PUMA Deviate Nitro 2, herre Ultra Blue-Fire Orchid-PUMA Black Herre",,puma-376807,ok
https://loplabbet.no/puma-deviate-nitro-2-puma-black-puma-team-gold-dame-376855,puma,PUMA Deviate Nitro 2 Puma Black-Puma Team Gold Dame,,puma-376855,ok
https://loplabbet.no/puma-deviate-nitro-2-puma-black-speed-green-puma-silver-dame-376855,puma,PUMA Deviate Nitro 2 PUMA Black-Speed Green-PUMA Silver Dame,,puma-376855,ok
https://loplabbet.no/puma-deviate-nitro-2-puma-white-fire-orchid-icy-blue-dame-376855,puma,PUMA Deviate Nitro 2 PUMA White-Fire Orchid-Icy Blue Dame,,puma-376855,ok
https://loplabbet.no/puma-deviate-nitro-2-royal-sapphire-elektro-purple-dame-376855,puma,PUMA Deviate Nitro 2 Royal Sapphire-Elektro Purple Dame,,puma-376855,ok
https://loplabbet.no/puma-deviate-nitro-2-sunset-glow-puma-black-dame-376855,puma,PUMA Deviate Nitro 2 Sunset Glow-Puma Black Dame,,puma-376855,ok
https://loplabbet.no/puma-deviate-nitro-2-wtr-puma-black-metallic-silver-herre-376856,puma,PUMA Deviate Nitro 2 WTR Puma Black-Metallic Silver Herre,,puma-376856,ok
https://loplabbet.no/puma-deviate-nitro-2-wtr-puma-black-metallic-silver-dame-376857,puma,PUMA Deviate Nitro 2 WTR Puma Black-Metallic Silver Dame,,puma-376857,ok
https://loplabbet.no/puma-fast-r-nitro-elite-carbon-herre-puma-black-lime-squeeze-herre,puma,"PUMA Fast-R Nitro Elite Carbon, herre Puma Black-Lime Squeeze Herre",,puma-puma-black-lime-squeeze-herre,ok
https://loplabbet.no/puma-magnify-nitro-2-fire-orchid-ultra-blue-herre-376909,puma,PUMA Magnify Nitro 2 Fire Orchid-Ultra Blue Herre,,puma-376909,ok
https://loplabbet.no/puma-magnify-nitro-2-lime-pow-puma-black-puma-silver-herre-376909,puma,PUMA Magnify Nitro 2 Lime Pow-PUMA Black-PUMA Silver Herre,,puma-376909,ok
https://loplabbet.no/puma-evospeed-tokyo-future-4-sun-stream-sunset-glow-puma-black-unisex-376922,puma,PUMA evoSPEED Tokyo Future 4 Sun Stream-Sunset Glow-Puma Black Unisex,,puma-376922,ok
https://loplabbet.no/puma-evospeed-tokyo-brush-4-sun-stream-sunset-glow-puma-black-unisex-376998,puma,PUMA evoSPEED TOKYO BRUSH 4 Sun Stream-Sunset Glow-Puma Black Unisex,,puma-376998,ok
https://loplabbet.no/puma-evospeed-tokyo-future-jump-4-sun-stream-sunset-glow-puma-black-unisex-376999,puma,PUMA evoSPEED Tokyo Future Jump 4 Sun Stream-Sunset Glow-Puma Black Unisex,,puma-376999,ok
https://loplabbet.no/puma-liberate-nitro-2-puma-black-puma-silver-herre-377315,puma,PUMA Liberate Nitro 2 PUMA Black-PUMA Silver Herre,,puma-377315,ok
https://loplabbet.no/puma-fast-r-nitro-elite-elektrocharged-royal-sapphire-fizzy-lime-unisex-377320,puma,PUMA Fast-R Nitro Elite Elektrocharged Royal Sapphire-Fizzy Lime Unisex,,puma-377320,ok
https://loplabbet.no/puma-evospeed-tokyo-future-faster-2-sun-stream-sunset-glow-puma-black-unisex-377379,puma,PUMA evoSPEED Tokyo Future FASTER+ 2 Sun Stream-Sunset Glow-Puma Black Unisex,,puma-377379,ok
https://loplabbet.no/puma-evospeed-distance-nitro-elite-2-sun-stream-sunset-glow-puma-black-unisex-377383,puma,PUMA EvoSpeed Distance Nitro Elite+ 2 Sun Stream-Sunset Glow-Puma Black Unisex,,puma-377383,ok
https://loplabbet.no/puma-puma-velocity-nitro-2-gtx-herre-puma-black-metallic-silver-herre,puma,PUMA Puma Velocity Nitro 2 GTX Puma Black-Metallic Silver Herre,,puma-377507,ok
https://loplabbet.no/puma-velocity-nitro-2-gtx-dame-puma-black-metallic-silver-dame,puma,PUMA Velocity Nitro 2 GTX Puma Black-Metallic Silver Dame,,puma-377508,ok
https://loplabbet.no/puma-magnify-nitro-2-icy-blue-ultra-blue-dame-377540,puma,PUMA Magnify Nitro 2 Icy Blue-Ultra Blue Dame,,puma-377540,ok
https://loplabbet.no/puma-magnify-nitro-2-pale-plum-sun-stream-midnight-plum-puma-white-dame-377540,puma,PUMA Magnify Nitro 2 Pale Plum-Sun Stream-Midnight Plum-PUMA White Dame,,puma-377540,ok
https://loplabbet.no/puma-magnify-nitro-2-puma-black-puma-white-puma-silver-dame-377540,puma,PUMA Magnify Nitro 2 PUMA Black-PUMA White-PUMA Silver Dame,,puma-377540,ok
https://loplabbet.no/puma-fast-r-nitro-elite-fireglow-sun-stream-sunset-glow-puma-black-herre-377598,puma,PUMA Fast-R Nitro Elite Fireglow Sun Stream-Sunset Glow-Puma Black Herre,,puma-377598,ok
https://loplabbet.no/puma-deviate-nitro-elite-racer-herre-sun-stream-sunset-glow-herre,puma,"PUMA Deviate Nitro Elite Racer, herre Sun Stream-Sunset Glow Herre",,puma-sun-stream-sunset-glow-herre,ok
https://loplabbet.no/puma-puma-deviate-nitro-elite-racer-dame-sun-stream-sunset-glow-dame,puma,PUMA Puma Deviate Nitro Elite Racer Sun Stream-Sunset Glow Dame,,puma-377603,ok
https://loplabbet.no/puma-foreverrun-nitro-puma-black-ultra-orange-herre-377757,puma,PUMA ForeverRun Nitro PUMA Black-Ultra Orange Herre,,puma-377757,ok
https://loplabbet.no/puma-foreverrun-nitro-ultra-blue-puma-black-puma-silver-herre-377757,puma,PUMA ForeverRun Nitro Ultra Blue-PUMA Black-PUMA Silver Herre,,puma-377757,ok
https://loplabbet.no/puma-foreverrun-nitro-fire-orchid-puma-black-puma-silver-dame-377758,puma,PUMA ForeverRun Nitro Fire Orchid-PUMA Black-PUMA Silver Dame,,puma-377758,ok
https://loplabbet.no/puma-foreverrun-nitro-puma-black-ravish-dame-377758,puma,PUMA ForeverRun Nitro PUMA Black-Ravish Dame,,puma-377758,ok
https://loplabbet.no/puma-deviate-nitro-elite-2-fire-orchid-ultra-blue-puma-white-herre-377786,puma,PUMA Deviate Nitro Elite 2 Fire Orchid-Ultra Blue-PUMA White Herre,,puma-377786,ok
https://loplabbet.no/puma-deviate-nitro-elite-2-fizzy-lime-royal-sapphire-puma-black-herre-377786,puma,PUMA Deviate Nitro Elite 2 Fizzy Lime-Royal Sapphire-PUMA Black Herre,,puma-377786,ok
https://loplabbet.no/puma-deviate-nitro-elite-2-fizzy-lime-royal-sapphire-puma-black-dame-377787,puma,PUMA Deviate Nitro Elite 2 Fizzy Lime-Royal Sapphire-PUMA Black Dame,,puma-377787,ok
https://loplabbet.no/puma-fast-fwd-nitro-elite-run-75-unisex-puma-white-puma-black-unisex,puma,"PUMA FAST-FWD Nitro Elite Run 75, unisex PUMA White-PUMA Black Unisex",,puma-puma-white-puma-black-unisex,ok
https://loplabbet.no/puma-fast-r-nitro-elite-run-75-unisex-puma-black-puma-white-light-mint-unisex,puma,"PUMA Fast-R Nitro Elite Run 75, unisex PUMA Black-PUMA White-Light Mint Unisex",,puma-puma-black-puma-white-light-mint-unisex,ok
https://loplabbet.no/puma-evospeed-distance-11-sun-stream-puma-black-puma-silver-unisex-377961,puma,PUMA evoSPEED Distance 11 Sun Stream-PUMA Black-PUMA Silver Unisex,,puma-377961,ok
https://loplabbet.no/puma-evospeed-long-distance-nitro-elite-sun-stream-sunset-glow-puma-black-unisex-378222,puma,PUMA evoSPEED Long Distance Nitro Elite+ Sun Stream-Sunset Glow-PUMA Black Unisex,,puma-378222,ok
https://loplabbet.no/puma-evospeed-tokyo-nitro-400-sun-stream-sunset-glow-puma-black-unisex-378949,puma,PUMA evoSPEED Tokyo Nitro 400 Sun Stream-Sunset Glow-Puma Black Unisex,,puma-378949,ok
https://loplabbet.no/puma-evospeed-long-jump-nitro-2-sun-stream-sunset-glow-puma-black-unisex-378965,puma,PUMA evoSPEED Long Jump Nitro 2 Sun Stream-Sunset Glow-PUMA Black Unisex,,puma-378965,ok
https://loplabbet.no/puma-fast-rb-nitro-elite-pr-lime-pow-poison-pink-puma-black-herre-379554,puma,PUMA FAST-RB NITRO Elite PR Lime Pow-Poison Pink-PUMA Black Herre,,puma-379554,ok
https://loplabbet.no/puma-fast-rb-nitro-elite-pr-wn-lime-pow-poison-pink-puma-black-dame-379555,puma,PUMA FAST-RB NITRO Elite PR Wn Lime Pow-Poison Pink-PUMA Black Dame,,puma-379555,ok
https://loplabbet.no/puma-evospeed-long-distance-nitro-elite-2-sun-stream-sunset-glow-puma-black-unisex-379557,puma,PUMA evoSPEED Long Distance Nitro Elite 2 Sun Stream-Sunset Glow-PUMA Black Unisex,,puma-379557,ok
https://loplabbet.no/puma-evospeed-nitro-400-2-sun-stream-sunset-glow-puma-black-unisex-380003,puma,PUMA evoSPEED Nitro 400 2 Sun Stream-Sunset Glow-Puma Black Unisex,,puma-380003,ok
https://loplabbet.no/puma-velocity-nitro-3-psychedelic-rush-lime-pow-puma-black-puma-silver-herre-380080,puma,PUMA Velocity Nitro 3 Psychedelic Rush Lime Pow-PUMA Black-PUMA Silver Herre,,puma-380080,ok
https://loplabbet.no/puma-velocity-nitro-3-psychedelic-rush-lime-pow-puma-black-poison-pink-dame-380081,puma,PUMA Velocity Nitro 3 Psychedelic Rush Lime Pow-PUMA Black-Poison Pink Dame,,puma-380081,ok
https://loplabbet.no/puma-fast-fwd-nitro-elite-psychedelic-rush-lime-pow-puma-black-poison-pink-unisex-380086,puma,PUMA FAST-FWD Nitro Elite Psychedelic Rush Lime Pow-PUMA Black-Poison Pink Unisex,,puma-380086,ok
https://loplabbet.no/puma-deviate-nitro-elite-2-psychedelic-rush-lime-pow-puma-black-poison-pink-herre-380088,puma,PUMA Deviate Nitro Elite 2 Psychedelic Rush Lime Pow-PUMA Black-Poison Pink Herre,,puma-380088,ok
https://loplabbet.no/puma-deviate-nitro-elite-2-psychedelic-rush-lime-pow-poison-pink-puma-black-dame-380089,puma,PUMA Deviate Nitro Elite 2 Psychedelic Rush Lime Pow-Poison Pink-PUMA Black Dame,,puma-380089,ok
https://loplabbet.no/puma-run-cloudspun-ss-tee-puma-black-dame-524961,puma,PUMA RUN CLOUDSPUN SS TEE PUMA Black Dame,,puma-524961,ok
https://loplabbet.no/puma-run-cloudspun-ss-tee-sun-stream-herre-524989,puma,PUMA RUN CLOUDSPUN SS TEE Sun Stream Herre,,puma-524989,ok
https://loplabbet.no/puma-run-favorite-ss-graphic-tee-puma-black-forever-faster-herre-525003,puma,PUMA RUN FAVORITE SS GRAPHIC TEE PUMA Black-Forever Faster Herre,,puma-525003,ok
https://loplabbet.no/puma-pwrbreathe-run-bra-dark-indigo-dame-525074,puma,PUMA PWRbreathe RUN BRA Dark Indigo Dame,,puma-525074,ok
https://loplabbet.no/puma-pwrbreathe-run-bra-puma-black-dame-525074,puma,PUMA PWRbreathe RUN BRA PUMA Black Dame,,puma-525074,ok
https://loplabbet.no/puma-run-for-her-fashion-woven-12-zip-midnight-plum-sunset-glow-dame-525743,puma,PUMA RUN FOR HER FASHION WOVEN 1/2 ZIP Midnight Plum-Sunset Glow Dame,,puma-525743,ok
https://loplabbet.no/puma-run-ultraform-hw-fl-tight-w-puma-black-dame-525752,puma,PUMA RUN ULTRAFORM HW FL TIGHT W PUMA Black Dame,,puma-525752,ok
https://loplabbet.no/puma-run-cloudspun-14-zip-mars-red-herre-525781,puma,PUMA RUN CLOUDSPUN 1/4 ZIP Mars Red Herre,,puma-525781,ok
https://loplabbet.no/puma-run-velocity-tee-dark-indigo-dame-526578,puma,PUMA RUN VELOCITY TEE Dark Indigo Dame,,puma-526578,ok
https://loplabbet.no/puma-run-velocity-tee-puma-black-dame-526578,puma,PUMA RUN VELOCITY TEE PUMA Black Dame,,puma-526578,ok
https://loplabbet.no/puma-velocity-long-sleeve-deep-plum-dame-526581,puma,PUMA Velocity Long Sleeve Deep Plum Dame,,puma-526581,ok
https://loplabbet.no/puma-run-velocity-5-shorts-puma-black-dame-526587,puma,PUMA RUN VELOCITY 5&quot; SHORTS PUMA Black Dame,,puma-526587,ok
https://loplabbet.no/puma-run-velocity-2in1-3-shorts-puma-black-dame-526588,puma,PUMA RUN VELOCITY 2IN1 3&quot; SHORTS PUMA Black Dame,,puma-526588,ok
https://loplabbet.no/puma-w-run-velocity-5-short-tight-puma-black-dame-526590,puma,PUMA RUN VELOCITY SHORT TIGHTS PUMA Black Dame,,puma-526590,ok
https://loplabbet.no/puma-run-velocity-fl-tights-dark-indigo-dame-526591,puma,PUMA RUN VELOCITY FL TIGHTS Dark Indigo Dame,,puma-526591,ok
https://loplabbet.no/puma-run-velocity-fl-tights-puma-black-dame-526591,puma,PUMA RUN VELOCITY FL TIGHTS PUMA Black Dame,,puma-526591,ok
https://loplabbet.no/puma-m-run-velocity-tee-dark-indigo-herre-526600,puma,PUMA RUN VELOCITY TEE Dark Indigo Herre,,puma-526600,ok
https://loplabbet.no/puma-run-velocity-tee-fresh-water-herre-526600,puma,PUMA RUN VELOCITY TEE Fresh Water Herre,,puma-526600,ok
https://loplabbet.no/puma-m-run-velocity-tee-puma-black-herre-526600,puma,PUMA RUN VELOCITY TEE PUMA Black Herre,,puma-526600,ok
https://loplabbet.no/puma-m-run-velocity-tee-puma-white-herre-526600,puma,PUMA RUN VELOCITY TEE PUMA White Herre,,puma-526600,ok
https://loplabbet.no/puma-m-run-velocity-long-sleeve-poly-dark-indigo-herre-526604,puma,PUMA M RUN VELOCITY LONG SLEEVE (POLY) Dark Indigo Herre,,puma-526604,ok
https://loplabbet.no/puma-run-velocity-5-shorts-deep-plum-herre-526610,puma,PUMA RUN VELOCITY 5&quot; SHORTS Deep Plum Herre,,puma-526610,ok
https://loplabbet.no/puma-m-run-velocity-5-short-dusky-gray-puma-black-herre-526610,puma,PUMA RUN VELOCITY 5&quot; SHORTS Dusky Gray-PUMA Black Herre,,puma-526610,ok
https://loplabbet.no/puma-run-velocity-5-shorts-puma-black-herre-526610,puma,PUMA RUN VELOCITY 5&quot; SHORTS PUMA Black Herre,,puma-526610,ok
https://loplabbet.no/puma-run-velocity-long-tights-puma-black-herre-526613,puma,PUMA RUN VELOCITY LONG TIGHTS PUMA Black Herre,,puma-526613,ok
https://loplabbet.no/puma-m-run-foundation-8-tight-short-puma-black-herre-526910,puma,PUMA M RUN FOUNDATION 8&quot; TIGHT SHORT PUMA Black Herre,,puma-526910,ok
https://loplabbet.no/puma-hyrox-cloudspun-tee-glowing-red-herre-527540,puma,PUMA HYROX Cloudspun Tee Glowing Red Herre,,puma-527540,ok
https://loplabbet.no/puma-hyrox-2in1-short-puma-black-herre-527571,puma,PUMA HYROX 2in1 SHORT PUMA Black Herre,,puma-527571,ok
https://loplabbet.no/puma-hyrox-cloudspun-hoodie-puma-black-herre-527572,puma,PUMA HYROX Cloudspun Hoodie PUMA Black Herre,,puma-527572,ok
https://loplabbet.no/puma-hyrox-cloudspun-zip-puma-black-dame-527635,puma,PUMA HYROX Cloudspun ¼ Zip PUMA Black Dame,,puma-527635,ok
https://loplabbet.no/puma-hyrox-high-neck-bra-deep-plum-dame-527854,puma,PUMA HYROX High Neck Bra Deep Plum Dame,,puma-527854,ok
https://loplabbet.no/puma-hyrox-high-neck-bra-ruby-shimmer-dame-527854,puma,PUMA HYROX High Neck Bra Ruby Shimmer Dame,,puma-527854,ok
https://loplabbet.no/puma-hyrox-shapeluxe-3-tight-short-deep-plum-dame-528163,puma,PUMA HYROX Shapeluxe 3&quot; Tight Short Deep Plum Dame,,puma-528163,ok
https://loplabbet.no/puma-hyrox-shapeluxe-3-tight-short-puma-black-dame-528163,puma,PUMA HYROX Shapeluxe 3&quot; Tight Short PUMA Black Dame,,puma-528163,ok
https://loplabbet.no/puma-puma-x-hyrox-dryelite-tank-top-lucite-dame-528562,puma,PUMA PUMA x HYROX DRYELITE Tank Top Lucite Dame,,puma-528562,ok
https://loplabbet.no/puma-puma-x-hyrox-dryelite-training-tee-electric-orchid-herre-528567,puma,PUMA PUMA x HYROX DRYELITE Training Tee Electric Orchid Herre,,puma-528567,ok
https://loplabbet.no/puma-puma-x-hyrox-dryelite-5-shorts-deep-plum-herre-528568,puma,PUMA PUMA x HYROX DRYELITE 5&quot; Shorts Deep Plum Herre,,puma-528568,ok
https://loplabbet.no/puma-puma-x-hyrox-cloudspun-hoodie-light-gray-heather-herre-528578,puma,PUMA Puma x HYROX CLOUDSPUN Hoodie Light Gray Heather Herre,,puma-528578,ok
https://loplabbet.no/puma-speedsuit-p24-blazing-blue-puma-white-norway-herre-606065,puma,PUMA Speedsuit P24 Blazing Blue-PUMA White-NORWAY Herre,,puma-606065,ok
https://loplabbet.no/puma-split-shorts-p24-blazing-blue-norway-herre-606072,puma,PUMA Split Shorts P24 Blazing Blue-NORWAY Herre,,puma-606072,ok
https://loplabbet.no/puma-distance-crop-top-p24-puma-white-norway-dame-606080,puma,PUMA Distance Crop Top P24 PUMA White-NORWAY Dame,,puma-606080,ok
https://loplabbet.no/puma-warm-up-jacket-p24-puma-white-norway-herre-606085,puma,PUMA Warm Up Jacket P24 PUMA White-NORWAY Herre,,puma-606085,ok
https://loplabbet.no/puma-training-ss-tee-p24-blazing-blue-norway-herre-606087,puma,PUMA Training S/S Tee P24 Blazing Blue-NORWAY Herre,,puma-606087,ok
https://loplabbet.no/puma-training-short-p24-blazing-blue-norway-herre-606090,puma,PUMA Training Short P24 Blazing Blue-NORWAY Herre,,puma-606090,ok
https://loplabbet.no/puma-warm-up-sweat-top-p24-blazing-blue-norway-herre-606092,puma,PUMA Warm Up Sweat Top P24 Blazing Blue-NORWAY Herre,,puma-606092,ok
https://loplabbet.no/puma-warm-up-jacket-p24-puma-white-norway-dame-606103,puma,PUMA Warm Up Jacket P24 PUMA White-NORWAY Dame,,puma-606103,ok
https://loplabbet.no/puma-training-ss-tee-p24-blazing-blue-norway-dame-606107,puma,PUMA Training S/S Tee P24 Blazing Blue-NORWAY Dame,,puma-606107,ok
https://loplabbet.no/puma-training-short-p24-blazing-blue-norway-dame-606109,puma,PUMA Training Short P24 Blazing Blue-NORWAY Dame,,puma-606109,ok
https://loplabbet.no/puma-warm-up-sweat-p24-blazing-blue-norway-dame-606112,puma,PUMA Warm Up Sweat P24 Blazing Blue-NORWAY Dame,,puma-606112,ok
https://loplabbet.no/puma-race-singlet-p24-blazing-blue-norway-herre-606192,puma,PUMA Race Singlet P24 Blazing Blue-NORWAY Herre,,puma-606192,ok
https://loplabbet.no/puma-short-tight-p24-blazing-blue-norway-herre-606193,puma,PUMA Short Tight P24 Blazing Blue-NORWAY Herre,,puma-606193,ok
https://loplabbet.no/puma-speedsuit-p24-blazing-blue-norway-dame-606195,puma,PUMA Speedsuit P24 Blazing Blue-NORWAY Dame,,puma-606195,ok
https://loplabbet.no/puma-race-singlet-p24-blazing-blue-norway-dame-606198,puma,PUMA Race Singlet P24 Blazing Blue-NORWAY Dame,,puma-606198,ok
https://loplabbet.no/puma-short-tight-p24-blazing-blue-norway-dame-606201,puma,PUMA Short Tight P24 Blazing Blue-NORWAY Dame,,puma-606201,ok
https://loplabbet.no/reclaim-original-vaskemiddel-unisex-450000,reclaim,"RE:CLAIM Original, vaskemiddel Unisex",,reclaim-450000,ok
https://loplabbet.no/reclaim-sensitive-vaskemiddel-unisex-450001,re-claim,RE:CLAIM Sensitive Vaskemiddel Unisex,,re-claim-450001,ok
https://loplabbet.no/reclaim-softener-toymykner-unisex-450002,re-claim,"RE:CLAIM Softener, Tøymykner Unisex",,re-claim-450002,ok
https://loplabbet.no/reclaim-outdoor-wool-vaskemiddel-unisex-450007,reclaim,"RE:CLAIM Outdoor Wool, vaskemiddel Unisex",,reclaim-450007,ok
https://loplabbet.no/reebok-reebok-floatride-energy-symmetros-herre-neomntcblackftwwht-herre,reebok,"REEBOK Reebok Floatride Energy Symmetros, herre NEOMNT/CBLACK/FTWWHT Herre",,reebok-neomntcblackftwwht-herre,ok
https://loplabbet.no/reebok-run-fast-30-dame-radaquornflrftwwht-dame,reebok,"REEBOK Run Fast 3.0, dame RADAQU/ORNFLR/FTWWHT Dame",,reebok-fw9626,ok
https://loplabbet.no/reebok-reebok-floatride-run-fast-30-herre-neomntftwwhtcblack-herre,reebok,"REEBOK Reebok Floatride Run Fast 3.0, herre NEOMNT/FTWWHT/CBLACK Herre",,reebok-neomntftwwhtcblack-herre,ok
https://loplabbet.no/rehband-qd-pronation-sale-black-unisex-r10064999,rehband,REHBAND QD Pronation Såle BLACK Unisex,,rehband-r10064999,ok
https://loplabbet.no/rehband-rx-knee-sleeve-3mm-black-unisex-r20014999,rehband,REHBAND RX Knee Sleeve 3mm Black Unisex,,rehband-r20014999,ok
https://loplabbet.no/rehband-rx-knee-sleeve-5mm-black-unisex-r20015999,rehband,REHBAND RX Knee Sleeve 5mm Black Unisex,,rehband-r20015999,ok
https://loplabbet.no/rehband-qd-pronation-supination-wedge-black-unisex-r20064999,rehband,REHBAND QD Pronation-Supination-Wedge Black Unisex,,rehband-r20064999,ok
https://loplabbet.no/salomon-slab-ultra-glide-2-fiery-red-fiery-red-vanilla-ice-unisex-l45484100,salomon,SALOMON S/LAB ULTRA GLIDE 2 FIERY RED / FIERY RED / VANILLA ICE Unisex,,salomon-l45484100,ok
https://loplabbet.no/salomon-slab-genesis-vanilla-ice-decadent-chocolate-black-unisex-l47722600,salomon,SALOMON S/LAB GENESIS Vanilla Ice / Decadent Chocolate / Black Unisex,,salomon-l47722600,ok
https://loplabbet.no/salomon-grvl-concept-ironblackknockout-pink-unisex-l49275500,salomon,SALOMON GRVL CONCEPT Iron/Black/Knockout Pink Unisex,,salomon-l49275500,ok
https://loplabbet.no/salomon-active-handheld-black-slate-grey-unisex-lc1928600,salomon,SALOMON ACTIVE HANDHELD BLACK / SLATE GREY Unisex,,salomon-lc1928600,ok
https://loplabbet.no/salomon-slab-belt-black-white-unisex-lc2091500,salomon,SALOMON S/LAB BELT BLACK / WHITE Unisex,,salomon-lc2091500,ok
https://loplabbet.no/salomon-soft-flask-500ml17oz-ult-clear-blue-unisex-lc2337700,salomon,SALOMON SOFT FLASK 500ml/17oz ULT CLEAR BLUE Unisex,,salomon-lc2337700,ok
https://loplabbet.no/salomon-gravel-skin-4-set-black-unisex-lc2854600,salomon,SALOMON GRAVEL SKIN 4 SET BLACK Unisex,,salomon-lc2854600,ok
https://loplabbet.no/salomon-custom-quiver-goat-unisex-lc2856600,salomon,SALOMON CUSTOM QUIVER GOAT Unisex,,salomon-lc2856600,ok
https://loplabbet.no/salomon-slab-ultra-12-black-unisex-lc2863300,salomon,SALOMON S/LAB ULTRA 12 BLACK Unisex,,salomon-lc2863300,ok
https://loplabbet.no/saucony-endorphin-elite-3-whitemulti-unisex-100981,saucony,SAUCONY ENDORPHIN ELITE 3 WHITE/MULTI Unisex,,saucony-100981,ok
https://loplabbet.no/saucony-triumph-24-whitetranquil-herre-100997,saucony,SAUCONY TRIUMPH 24 WHITE/TRANQUIL Herre,,saucony-100997,ok
https://loplabbet.no/saucony-triumph-24-tortetouch-dame-100999,saucony,SAUCONY TRIUMPH 24 TORTE/TOUCH Dame,,saucony-100999,ok
https://loplabbet.no/saucony-endorphin-pro-5-whitemulti-dame-101308,saucony,SAUCONY ENDORPHIN PRO 5 WHITE/MULTI Dame,,saucony-101308,ok
https://loplabbet.no/saucony-endorphin-azura-fuego-herre-101329,saucony,SAUCONY ENDORPHIN AZURA FUEGO Herre,,saucony-101329,ok
https://loplabbet.no/saucony-endorphin-azura-eggshellivory-dame-101348,saucony,SAUCONY ENDORPHIN AZURA EGGSHELL/IVORY Dame,,saucony-101348,ok
https://loplabbet.no/saucony-endorphin-pro-5-whitemulti-herre-101360,saucony,SAUCONY ENDORPHIN PRO 5 WHITE/MULTI Herre,,saucony-101360,ok
https://loplabbet.no/saucony-endorphin-speed-5-whitefuego-herre-101368,saucony,SAUCONY ENDORPHIN SPEED 5 WHITE/FUEGO Herre,,saucony-101368,ok
https://loplabbet.no/saucony-endorphin-speed-5-ivorymaroon-dame-101391,saucony,SAUCONY ENDORPHIN SPEED 5 IVORY/MAROON Dame,,saucony-101391,ok
https://loplabbet.no/saucony-endorphin-pro-4-fogpeel-dame-1093930,saucony,SAUCONY ENDORPHIN PRO 4 FOG/PEEL Dame,,saucony-1093930,ok
https://loplabbet.no/saucony-endorphin-speed-4-whitesunny-dame-1094030,saucony,SAUCONY ENDORPHIN SPEED 4 WHITE/SUNNY Dame,,saucony-1094030,ok
https://loplabbet.no/saucony-endorphin-speed-4-shadow-dame-1094068,saucony,SAUCONY ENDORPHIN SPEED 4 SHADOW Dame,,saucony-1094068,ok
https://loplabbet.no/saucony-triumph-22-magenta-dame-10964161,saucony,SAUCONY TRIUMPH 22 MAGENTA Dame,,saucony-10964161,ok
https://loplabbet.no/saucony-triumph-22-bred-blackwhite-dame-10965200,saucony,SAUCONY TRIUMPH 22 Bred BLACK/WHITE Dame,,saucony-10965200,ok
https://loplabbet.no/saucony-tempus-2-marinecrocus-dame-10973,saucony,SAUCONY TEMPUS 2 MARINE/CROCUS Dame,,saucony-10973,ok
https://loplabbet.no/saucony-tempus-2-whitesunny-dame-10973130,saucony,SAUCONY TEMPUS 2 WHITE/SUNNY Dame,,saucony-10973130,ok
https://loplabbet.no/saucony-peregrine-15-magentablack-dame-10990161,saucony,SAUCONY PEREGRINE 15 MAGENTA/BLACK Dame,,saucony-10990161,ok
https://loplabbet.no/saucony-endorphin-trainer-blackwhite-dame-10996,saucony,SAUCONY ENDORPHIN TRAINER BLACK/WHITE Dame,,saucony-10996,ok
https://loplabbet.no/saucony-endorphin-trainer-whiteaqua-dame-10996,saucony,SAUCONY ENDORPHIN TRAINER WHITE/AQUA Dame,,saucony-10996,ok
https://loplabbet.no/saucony-endorphin-trainer-whiteblack-dame-10996130,saucony,SAUCONY ENDORPHIN TRAINER WHITE/BLACK Dame,,saucony-10996130,ok
https://loplabbet.no/saucony-saucony-guide-18-whitecrocus-herre-10998,saucony,SAUCONY Saucony Guide 18 WHITE/CROCUS Dame,,saucony-10998,ok
https://loplabbet.no/saucony-guide-18-peachsunny-dame-10998130,saucony,SAUCONY GUIDE 18 PEACH/SUNNY Dame,,saucony-10998130,ok
https://loplabbet.no/saucony-endorphin-speed-5-coralsalmon-dame-11007,saucony,SAUCONY ENDORPHIN SPEED 5 CORAL/SALMON Dame,,saucony-11007,ok
https://loplabbet.no/saucony-endorphin-speed-5-whitecrocus-dame-11007,saucony,SAUCONY ENDORPHIN SPEED 5 WHITE/CROCUS Dame,,saucony-11007,ok
https://loplabbet.no/saucony-endorphin-speed-5-whitenavy-dame-11007,saucony,SAUCONY ENDORPHIN SPEED 5 WHITE/NAVY Dame,,saucony-11007,ok
https://loplabbet.no/saucony-endorphin-speed-5-whitetender-dame-11007,saucony,SAUCONY ENDORPHIN SPEED 5 WHITE/TENDER Dame,,saucony-11007,ok
https://loplabbet.no/saucony-triumph-23-navycameo-dame-11023,saucony,SAUCONY TRIUMPH 23 NAVY/CAMEO Dame,,saucony-11023,ok
https://loplabbet.no/saucony-triumph-23-whitenavy-dame-11023,saucony,SAUCONY TRIUMPH 23 WHITE/NAVY Dame,,saucony-11023,ok
https://loplabbet.no/saucony-triumph-23-whitewistful-dame-11023,saucony,SAUCONY TRIUMPH 23 WHITE/WISTFUL Dame,,saucony-11023,ok
https://loplabbet.no/saucony-xodus-ultra-4-aloebarley-dame-11032,saucony,SAUCONY XODUS ULTRA 4 ALOE/BARLEY Dame,,saucony-11032,ok
https://loplabbet.no/saucony-xodus-ultra-4-splashfire-dame-11032,saucony,SAUCONY XODUS ULTRA 4 SPLASH/FIRE Dame,,saucony-11032,ok
https://loplabbet.no/saucony-endorphin-pro-5-blackshock-dame-11064,saucony,SAUCONY ENDORPHIN PRO 5 BLACK/SHOCK Dame,,saucony-11064,ok
https://loplabbet.no/saucony-endorphin-pro-5-whiteblack-dame-11064,saucony,SAUCONY ENDORPHIN PRO 5 WHITE/BLACK Dame,,saucony-11064,ok
https://loplabbet.no/saucony-endorphin-azura-whitesplash-dame-11070,saucony,SAUCONY ENDORPHIN AZURA WHITE/SPLASH Dame,,saucony-11070,ok
https://loplabbet.no/saucony-omni-st-23-blacksilver-dame-11072,saucony,SAUCONY OMNI ST 23 BLACK/SILVER Dame,,saucony-11072,ok
https://loplabbet.no/saucony-endorphin-pro-4-fogpeel-herre-2093930,saucony,SAUCONY ENDORPHIN PRO 4 FOG/PEEL Herre,,saucony-2093930,ok
https://loplabbet.no/saucony-endorphin-speed-4-whitepeel-herre-2094030,saucony,SAUCONY ENDORPHIN SPEED 4 WHITE/PEEL Herre,,saucony-2094030,ok
https://loplabbet.no/saucony-endorphin-speed-4-navypepper-herre-2094060,saucony,SAUCONY ENDORPHIN SPEED 4 NAVY/PEPPER Herre,,saucony-2094060,ok
https://loplabbet.no/saucony-triumph-22-whitecitron-herre-20964135,saucony,SAUCONY TRIUMPH 22 WHITE/CITRON Herre,,saucony-20964135,ok
https://loplabbet.no/saucony-triumph-22-bred-blackwhite-herre-20965200,saucony,SAUCONY TRIUMPH 22 Bred BLACK/WHITE Herre,,saucony-20965200,ok
https://loplabbet.no/saucony-tempus-2-lapiswhite-herre-20973,saucony,SAUCONY TEMPUS 2 LAPIS/WHITE Herre,,saucony-20973,ok
https://loplabbet.no/saucony-tempus-2-whitevo2-herre-20973130,saucony,SAUCONY TEMPUS 2 WHITE/VO2 Herre,,saucony-20973130,ok
https://loplabbet.no/saucony-peregrine-15-peelnavy-herre-20990164,saucony,SAUCONY PEREGRINE 15 PEEL/NAVY Herre,,saucony-20990164,ok
https://loplabbet.no/saucony-endorphin-trainer-blackwhite-herre-20996,saucony,SAUCONY ENDORPHIN TRAINER BLACK/WHITE Herre,,saucony-20996,ok
https://loplabbet.no/saucony-endorphin-trainer-whitenavy-herre-20996,saucony,SAUCONY ENDORPHIN TRAINER WHITE/NAVY Herre,,saucony-20996,ok
https://loplabbet.no/saucony-endorphin-trainer-whiteblack-herre-20996130,saucony,SAUCONY ENDORPHIN TRAINER WHITE/BLACK Herre,,saucony-20996130,ok
https://loplabbet.no/saucony-guide-18-blacklapis-herre-20998,saucony,SAUCONY GUIDE 18 BLACK/LAPIS Herre,,saucony-20998,ok
https://loplabbet.no/saucony-guide-18-skydiverblack-herre-20998163,saucony,SAUCONY GUIDE 18 SKYDIVER/BLACK Herre,,saucony-20998163,ok
https://loplabbet.no/saucony-endorphin-speed-5-blackvo2-herre-21007,saucony,SAUCONY ENDORPHIN SPEED 5 BLACK/VO2 Herre,,saucony-21007,ok
https://loplabbet.no/saucony-endorphin-speed-5-citronlapis-herre-21007,saucony,SAUCONY ENDORPHIN SPEED 5 CITRON/LAPIS Herre,,saucony-21007,ok
https://loplabbet.no/saucony-endorphin-speed-5-ivoryfire-herre-21007,saucony,SAUCONY ENDORPHIN SPEED 5 IVORY/FIRE Herre,,saucony-21007,ok
https://loplabbet.no/saucony-endorphin-speed-5-whitecrimson-herre-21007,saucony,SAUCONY ENDORPHIN SPEED 5 WHITE/CRIMSON Herre,,saucony-21007,ok
https://loplabbet.no/saucony-triumph-23-ivoryfire-herre-21023,saucony,SAUCONY TRIUMPH 23 IVORY/FIRE Herre,,saucony-21023,ok
https://loplabbet.no/saucony-triumph-23-lapissilver-herre-21023,saucony,SAUCONY TRIUMPH 23 LAPIS/SILVER Herre,,saucony-21023,ok
https://loplabbet.no/saucony-triumph-23-shadowvizi-herre-21023,saucony,SAUCONY TRIUMPH 23 SHADOW/VIZI Herre,,saucony-21023,ok
https://loplabbet.no/saucony-xodus-ultra-4-blacknavy-herre-21032,saucony,SAUCONY XODUS ULTRA 4 BLACK/NAVY Herre,,saucony-21032,ok
https://loplabbet.no/saucony-xodus-ultra-4-whitetumeric-herre-21032,saucony,SAUCONY XODUS ULTRA 4 WHITE/TUMERIC Herre,,saucony-21032,ok
https://loplabbet.no/saucony-endorphin-pro-5-citronblack-herre-21064,saucony,SAUCONY ENDORPHIN PRO 5 CITRON/BLACK Herre,,saucony-21064,ok
https://loplabbet.no/saucony-endorphin-azura-whitenavy-herre-21070,saucony,SAUCONY ENDORPHIN AZURA WHITE/NAVY Herre,,saucony-21070,ok
https://loplabbet.no/saucony-omni-st-23-blacksilver-herre-21072,saucony,SAUCONY OMNI ST 23 BLACK/SILVER Herre,,saucony-21072,ok
https://loplabbet.no/saucony-endorphin-elite-2-lapiscitron-unisex-30994,saucony,SAUCONY ENDORPHIN ELITE 2 LAPIS/CITRON Unisex,,saucony-30994,ok
https://loplabbet.no/saucony-endorphin-elite-2-whitepeel-unisex-30994130,saucony,SAUCONY ENDORPHIN ELITE 2 WHITE/PEEL Unisex,,saucony-30994130,ok
https://loplabbet.no/saucony-endorphin-elite-2-citronblack-unisex-30994135,saucony,SAUCONY ENDORPHIN ELITE 2 CITRON/BLACK Unisex,,saucony-30994135,ok
https://loplabbet.no/saucony-kinvara-12-fairytalerazzle-dame-s10619-30,saucony,SAUCONY Kinvara 12 FAIRYTALE/RAZZLE Dame,,saucony-s10619-30,ok
https://loplabbet.no/saucony-peregrine-11-dame-future-black-dame,saucony,"SAUCONY Peregrine 11, dame FUTURE BLACK Dame",,saucony-future-black-dame,ok
https://loplabbet.no/saucony-guide-14-blue-blazeberry-dame-s10654-30,saucony,SAUCONY Guide 14 BLUE BLAZE/BERRY Dame,,saucony-s10654-30,ok
https://loplabbet.no/saucony-triumph-19-sunstonenight-dame-s10678-16,saucony,SAUCONY Triumph 19 SUNSTONE/NIGHT Dame,,saucony-s10678-16,ok
https://loplabbet.no/saucony-triumph-19-razzleblaze-dame-s10678-30,saucony,SAUCONY Triumph 19 RAZZLE/BLAZE Dame,,saucony-s10678-30,ok
https://loplabbet.no/saucony-omni-20-dame-cool-mintacid-dame,saucony,"SAUCONY Omni 20, dame COOL MINT/ACID Dame",,saucony-cool-mintacid-dame,ok
https://loplabbet.no/saucony-omni-20-blue-blazerazzle-dame-s10681-30,saucony,SAUCONY Omni 20 BLUE BLAZE/RAZZLE Dame,,saucony-s10681-30,ok
https://loplabbet.no/saucony-guide-15-blackwhite-dame-s10684-05,saucony,SAUCONY Guide 15 BLACK/WHITE Dame,,saucony-s10684-05,ok
https://loplabbet.no/saucony-guide-15-dame-cool-mintacid-dame,saucony,SAUCONY Guide 15 COOL MINT/ACID Dame,,saucony-s10684-26,ok
https://loplabbet.no/saucony-endorphin-pro-2-dame-vizigldvizired-dame,saucony,"SAUCONY Endorphin Pro 2, dame VIZIGLD/VIZIRED Dame",,saucony-vizigldvizired-dame,ok
https://loplabbet.no/saucony-endorphin-shift-2-blackwhite-dame-s10689-10,saucony,SAUCONY Endorphin Shift 2 BLACK/WHITE Dame,,saucony-s10689-10,ok
https://loplabbet.no/saucony-endorphin-shift-2-dame-vizigldvizired-dame,saucony,"SAUCONY Endorphin Shift 2, dame VIZIGLD/VIZIRED Dame",,saucony-vizigldvizired-dame,ok
https://loplabbet.no/saucony-endorphin-speed-2-run-shield-arctic-chill-dame-s10713-1,saucony,SAUCONY Endorphin Speed 2 Run Shield ARCTIC CHILL Dame,,saucony-s10713-1,ok
https://loplabbet.no/saucony-tempus-dame-cool-mintacid-dame,saucony,"SAUCONY Tempus, dame COOL MINT/ACID Dame",,saucony-cool-mintacid-dame,ok
https://loplabbet.no/saucony-tempus-whitevizi-pink-dame-s10720-86,saucony,SAUCONY Tempus WHITE/VIZI PINK Dame,,saucony-s10720-86,ok
https://loplabbet.no/saucony-kinvara-13-vizigldvizired-dame-s10723-16,saucony,SAUCONY Kinvara 13 VIZIGLD/VIZIRED Dame,,saucony-s10723-16,ok
https://loplabbet.no/saucony-saucony-endorphin-pro-3-dame-blackgoldstruck-dame,saucony,"SAUCONY Saucony Endorphin Pro 3, dame BLACK/GOLDSTRUCK Dame",,saucony-blackgoldstruck-dame,ok
https://loplabbet.no/saucony-endorphin-pro-3-whitegold-dame-s10755-13,saucony,SAUCONY Endorphin Pro 3 WHITE/GOLD Dame,,saucony-s10755-13,ok
https://loplabbet.no/saucony-saucony-endorphin-pro-3-dame-fogvizipink-dame,saucony,"SAUCONY Saucony Endorphin Pro 3, dame FOG/VIZIPINK Dame",,saucony-fogvizipink-dame,ok
https://loplabbet.no/saucony-saucony-endorphin-pro-3-dame-prospect-quartz-dame,saucony,"SAUCONY Saucony Endorphin Pro 3, dame PROSPECT QUARTZ Dame",,saucony-prospect-quartz-dame,ok
https://loplabbet.no/saucony-endorphin-speed-3-dame-blackgoldstruck-dame,saucony,"SAUCONY Endorphin Speed 3, dame BLACK/GOLDSTRUCK Dame",,saucony-blackgoldstruck-dame,ok
https://loplabbet.no/saucony-endorphin-speed-3-whitegold-dame-s10756-14,saucony,SAUCONY Endorphin Speed 3 WHITE/GOLD Dame,,saucony-s10756-14,ok
https://loplabbet.no/saucony-endorphin-speed-3-dame-redrose-dame,saucony,"SAUCONY Endorphin Speed 3, dame RED/ROSE Dame",,saucony-redrose-dame,ok
https://loplabbet.no/endorphin-speed-speed-3-dame-prospect-quartz-dame,endorphin,"SAUCONY Endorphin speed Speed 3, dame Dame",,endorphin-prospect-quartz-dame,ok
https://loplabbet.no/saucony-endorphin-speed-3-whiteblckvizi-dame-s10756-85,saucony,SAUCONY Endorphin Speed 3 WHITE/BLCK/VIZI Dame,,saucony-s10756-85,ok
https://loplabbet.no/saucony-triumph-20-dame-blackwhite-dame,saucony,"SAUCONY Triumph 20, dame BLACK/WHITE Dame",,saucony-blackwhite-dame,ok
https://loplabbet.no/saucony-triumph-20-mineralberry-dame-s10759-16,saucony,SAUCONY Triumph 20 MINERAL/BERRY Dame,,saucony-s10759-16,ok
https://loplabbet.no/saucony-triumph-20-wide-blackwhite-dame-s10760-10,saucony,SAUCONY Triumph 20 Wide BLACK/WHITE Dame,,saucony-s10760-10,ok
https://loplabbet.no/saucony-omni-21-horizonshadow-dame-s10762-30,saucony,SAUCONY Omni 21 HORIZON/SHADOW Dame,,saucony-s10762-30,ok
https://loplabbet.no/saucony-endorphin-elite-whitevizired-dame-s10768-126,saucony,SAUCONY ENDORPHIN ELITE WHITE/VIZIRED Dame,,saucony-s10768-126,ok
https://loplabbet.no/saucony-endorphin-elite-vizibluecitron-dame-s10768-221,saucony,SAUCONY ENDORPHIN ELITE VIZIBLUE/CITRON Dame,,saucony-s10768-221,ok
https://loplabbet.no/saucony-endorphin-elite-slime-dame-s10768-30,saucony,SAUCONY Endorphin Elite SLIME Dame,,saucony-s10768-30,ok
https://loplabbet.no/saucony-saucony-endorphin-edge-oceanloam-dame-s10773-31,saucony,SAUCONY Saucony Endorphin Edge OCEAN/LOAM Dame,,saucony-s10773-31,ok
https://loplabbet.no/saucony-guide-16-mineralrose-dame-s10810-16,saucony,SAUCONY Guide 16 MINERAL/ROSE Dame,,saucony-s10810-16,ok
https://loplabbet.no/saucony-kinvara-14-whiteflax-dame-s10823-139,saucony,SAUCONY KINVARA 14 WHITE/FLAX Dame,,saucony-s10823-139,ok
https://loplabbet.no/saucony-kinvara-14-red-rose-dame-s10823-16,saucony,SAUCONY Kinvara 14 RED ROSE Dame,,saucony-s10823-16,ok
https://loplabbet.no/saucony-kinvara-14-glacierink-dame-s10823-20,saucony,SAUCONY Kinvara 14 GLACIER/INK Dame,,saucony-s10823-20,ok
https://loplabbet.no/saucony-peregrine-13-sprigcanopy-dame-s10838-25,saucony,SAUCONY Peregrine 13 SPRIG/CANOPY Dame,,saucony-s10838-25,ok
https://loplabbet.no/saucony-kinvara-pro-flaxinfrared-dame-s10847-138,saucony,SAUCONY KINVARA PRO FLAX/INFRARED Dame,,saucony-s10847-138,ok
https://loplabbet.no/saucony-kinvara-pro-vizi-blue-dame-s10847-222,saucony,SAUCONY KINVARA PRO VIZI BLUE Dame,,saucony-s10847-222,ok
https://loplabbet.no/saucony-kinvara-pro-indigomauve-dame-s10847-30,saucony,SAUCONY Kinvara Pro INDIGO/MAUVE Dame,,saucony-s10847-30,ok
https://loplabbet.no/saucony-triumph-21-blackwhite-dame-s10881-10,saucony,SAUCONY Triumph 21 BLACK/WHITE Dame,,saucony-s10881-10,ok
https://loplabbet.no/saucony-saucony-triumph-21-navyorchid-dame-s10881-105,saucony,SAUCONY SAUCONY TRIUMPH 21 NAVY/ORCHID Dame,,saucony-s10881-105,ok
https://loplabbet.no/saucony-peregrine-14-deworchid-dame-s10916-105,saucony,SAUCONY PEREGRINE 14 DEW/ORCHID Dame,,saucony-s10916-105,ok
https://loplabbet.no/saucony-peregrine-14-mirageviziblue-dame-s10916-213,saucony,SAUCONY PEREGRINE 14 MIRAGE/VIZIBLUE Dame,,saucony-s10916-213,ok
https://loplabbet.no/saucony-guide-17-navyorchid-dame-s10936-106,saucony,SAUCONY GUIDE 17 NAVY/ORCHID Dame,,saucony-s10936-106,ok
https://loplabbet.no/saucony-saucony-guide-17-w-whitefern-dame-s10936-110,saucony,"SAUCONY SAUCONY GUIDE 17, W WHITE/FERN Dame",,saucony-s10936-110,ok
https://loplabbet.no/saucony-endorphin-pro-4-whiteviolet-dame-s10939-129,saucony,SAUCONY Endorphin Pro 4 WHITE/VIOLET Dame,,saucony-s10939-129,ok
https://loplabbet.no/saucony-endorphin-pro-4-miragecitron-dame-s10939-222,saucony,SAUCONY ENDORPHIN PRO 4 MIRAGE/CITRON Dame,,saucony-s10939-222,ok
https://loplabbet.no/saucony-endorphin-speed-4-whiteviolet-dame-s10940-129,saucony,SAUCONY ENDORPHIN SPEED 4 WHITE/VIOLET Dame,,saucony-s10940-129,ok
https://loplabbet.no/saucony-endorphin-speed-4-duskpeel-dame-s10940-212,saucony,SAUCONY ENDORPHIN SPEED 4 DUSK/PEEL Dame,,saucony-s10940-212,ok
https://loplabbet.no/saucony-endorphin-speed-4-whiteviziblue-dame-s10940-222,saucony,SAUCONY ENDORPHIN SPEED 4 WHITE/VIZIBLUE Dame,,saucony-s10940-222,ok
https://loplabbet.no/saucony-triumph-22-blackwhite-dame-s10964-200,saucony,SAUCONY TRIUMPH 22 BLACK/WHITE Dame,,saucony-s10964-200,ok
https://loplabbet.no/saucony-triumph-22-vizibluedusk-dame-s10964-213,saucony,SAUCONY TRIUMPH 22 VIZIBLUE/DUSK Dame,,saucony-s10964-213,ok
https://loplabbet.no/saucony-tempus-2-whitecayenne-dame-s10973-215,saucony,SAUCONY TEMPUS 2 WHITE/CAYENNE Dame,,saucony-s10973-215,ok
https://loplabbet.no/saucony-shift-herre-white-mutant-herre,saucony,"SAUCONY Shift, herre WHITE MUTANT Herre",,saucony-white-mutant-herre,ok
https://loplabbet.no/saucony-endorphin-speed-herre-future-black-herre,saucony,"SAUCONY Endorphin Speed, herre FUTURE BLACK Herre",,saucony-future-black-herre,ok
https://loplabbet.no/saucony-kinvara-12-herre-viziscarlet-herre,saucony,"SAUCONY Kinvara 12, herre VIZI/SCARLET Herre",,saucony-viziscarlet-herre,ok
https://loplabbet.no/saucony-peregrine-11-herre-future-black-herre,saucony,SAUCONY Peregrine 11 FUTURE BLACK Herre,,saucony-s20641-25,ok
https://loplabbet.no/saucony-guide-14-mulberrylime-herre-s20654-30,saucony,SAUCONY Guide 14 MULBERRY/LIME Herre,,saucony-s20654-30,ok
https://loplabbet.no/saucony-saucony-triumph-19-sapphrevizired-herre-s20678-16,saucony,SAUCONY Saucony Triumph 19 SAPPHRE/VIZIRED Herre,,saucony-s20678-16,ok
https://loplabbet.no/saucony-triumph-19-royalspace-herre-s20678-30,saucony,SAUCONY Triumph 19 ROYAL/SPACE Herre,,saucony-s20678-30,ok
https://loplabbet.no/saucony-omni-20-sapphrevizired-herre-s20681-16,saucony,SAUCONY Omni 20 SAPPHRE/VIZIRED Herre,,saucony-s20681-16,ok
https://loplabbet.no/saucony-saucony-guide-15-herre-sapphireblack-herre,saucony,"SAUCONY Saucony Guide 15, herre SAPPHIRE/BLACK Herre",,saucony-sapphireblack-herre,ok
https://loplabbet.no/saucony-saucony-endorphin-shift-2-herre-vizigldvizired-herre,saucony,"SAUCONY Saucony Endorphin Shift 2, herre VIZIGLD/VIZIRED Herre",,saucony-vizigldvizired-herre,ok
https://loplabbet.no/saucony-saucony-tempus-herre-vizigldvizired-herre,saucony,"SAUCONY Saucony Tempus, herre VIZIGLD/VIZIRED Herre",,saucony-vizigldvizired-herre,ok
https://loplabbet.no/saucony-tempus-blue-razacid-herre-s20720-25,saucony,SAUCONY Tempus BLUE RAZ/ACID Herre,,saucony-s20720-25,ok
https://loplabbet.no/saucony-tempus-whiteviziornge-herre-s20720-86,saucony,SAUCONY Tempus WHITE/VIZIORNGE Herre,,saucony-s20720-86,ok
https://loplabbet.no/saucony-saucony-kinvara-13-vizigldvizired-herre-s20723-16,saucony,SAUCONY Saucony Kinvara 13 VIZIGLD/VIZIRED Herre,,saucony-s20723-16,ok
https://loplabbet.no/saucony-kinvara-13-herre-blue-razblack-herre,saucony,"SAUCONY Kinvara 13, herre BLUE RAZ/BLACK Herre",,saucony-blue-razblack-herre,ok
https://loplabbet.no/saucony-endorphin-pro-3-blackgoldstruck-herre-s20755-10,saucony,SAUCONY Endorphin Pro 3 BLACK/GOLDSTRUCK Herre,,saucony-s20755-10,ok
https://loplabbet.no/saucony-endorphin-pro-3-whitegold-herre-s20755-13,saucony,SAUCONY Endorphin Pro 3 WHITE/GOLD Herre,,saucony-s20755-13,ok
https://loplabbet.no/saucony-endorphin-pro-3-red-poppy-herre-s20755-16,saucony,SAUCONY Endorphin Pro 3 RED POPPY Herre,,saucony-s20755-16,ok
https://loplabbet.no/saucony-endorphin-pro-3-prospect-quartz-herre-s20755-40,saucony,SAUCONY Endorphin Pro 3 PROSPECT QUARTZ Herre,,saucony-s20755-40,ok
https://loplabbet.no/saucony-endorphin-speed-3-blackgoldstruck-herre-s20756-10,saucony,SAUCONY Endorphin Speed 3 BLACK/GOLDSTRUCK Herre,,saucony-s20756-10,ok
https://loplabbet.no/saucony-endoprhin-speed-3-whitegold-herre-s20756-14,saucony,SAUCONY Endoprhin Speed 3 WHITE/GOLD Herre,,saucony-s20756-14,ok
https://loplabbet.no/saucony-endorphin-speed-3-herre-red-poppy-herre,saucony,"SAUCONY Endorphin Speed 3, herre RED POPPY Herre",,saucony-red-poppy-herre,ok
https://loplabbet.no/saucony-endorphin-speed-3-whiteblckvizi-herre-s20756-85,saucony,SAUCONY Endorphin Speed 3 WHITE/BLCK/VIZI Herre,,saucony-s20756-85,ok
https://loplabbet.no/saucony-saucony-triumph-20-herre-blackwhite-herre,saucony,"SAUCONY Saucony Triumph 20, herre BLACK/WHITE Herre",,saucony-blackwhite-herre,ok
https://loplabbet.no/saucony-triumph-20-fogmineral-herre-s20759-15,saucony,SAUCONY Triumph 20 FOG/MINERAL Herre,,saucony-s20759-15,ok
https://loplabbet.no/saucony-saucony-triumph-20-wide-blackwhite-herre-s20760-10,saucony,SAUCONY Saucony Triumph 20 Wide BLACK/WHITE Herre,,saucony-s20760-10,ok
https://loplabbet.no/saucony-saucony-omni-21-blackwhite-herre-s20762-10,saucony,SAUCONY Saucony Omni 21 BLACK/WHITE Herre,,saucony-s20762-10,ok
https://loplabbet.no/saucony-endorphin-elite-whitevizired-herre-s20768-126,saucony,SAUCONY ENDORPHIN ELITE WHITE/VIZIRED Herre,,saucony-s20768-126,ok
https://loplabbet.no/saucony-endorphin-elite-vizibluecitron-herre-s20768-221,saucony,SAUCONY ENDORPHIN ELITE VIZIBLUE/CITRON Herre,,saucony-s20768-221,ok
https://loplabbet.no/saucony-endorphin-elite-slime-herre-s20768-30,saucony,SAUCONY Endorphin Elite SLIME Herre,,saucony-s20768-30,ok
https://loplabbet.no/saucony-endorphin-edge-herre-oceanblk-herre,saucony,"SAUCONY Endorphin Edge, herre OCEAN/BLK Herre",,saucony-oceanblk-herre,ok
https://loplabbet.no/saucony-endorphin-speed-runshield-3-miles-to-go-herre-s20800-01,saucony,SAUCONY Endorphin Speed Runshield 3 MILES TO GO Herre,,saucony-s20800-01,ok
https://loplabbet.no/saucony-guide-16-blackwhite-herre-s20810-05,saucony,SAUCONY Guide 16 BLACK/WHITE Herre,,saucony-s20810-05,ok
https://loplabbet.no/saucony-guide-16-agavemarigold-herre-s20810-25,saucony,SAUCONY Guide 16 AGAVE/MARIGOLD Herre,,saucony-s20810-25,ok
https://loplabbet.no/saucony-kinvara-14-whitevizigold-herre-s20823-139,saucony,SAUCONY KINVARA 14 WHITE/VIZIGOLD Herre,,saucony-s20823-139,ok
https://loplabbet.no/saucony-kinvara-14-agavelava-herre-s20823-25,saucony,SAUCONY Kinvara 14 AGAVE/LAVA Herre,,saucony-s20823-25,ok
https://loplabbet.no/saucony-kinvara-14-slimegold-herre-s20823-36,saucony,SAUCONY KINVARA 14 SLIME/GOLD Herre,,saucony-s20823-36,ok
https://loplabbet.no/saucony-peregrine-13-agavebasalt-herre-s20838-25,saucony,SAUCONY Peregrine 13 AGAVE/BASALT Herre,,saucony-s20838-25,ok
https://loplabbet.no/saucony-kinvara-pro-vizigoldinfrared-herre-s20847-138,saucony,SAUCONY KINVARA PRO VIZIGOLD/INFRARED Herre,,saucony-s20847-138,ok
https://loplabbet.no/saucony-kinvara-pro-vizi-blue-herre-s20847-222,saucony,SAUCONY KINVARA PRO VIZI BLUE Herre,,saucony-s20847-222,ok
https://loplabbet.no/saucony-kinvara-pro-slimeumbra-herre-s20847-31,saucony,SAUCONY Kinvara Pro SLIME/UMBRA Herre,,saucony-s20847-31,ok
https://loplabbet.no/saucony-triumph-21-blackwhite-herre-s20881-10,saucony,SAUCONY Triumph 21 BLACK/WHITE Herre,,saucony-s20881-10,ok
https://loplabbet.no/saucony-saucony-triumph-21-fogbough-herre-s20881-111,saucony,SAUCONY SAUCONY TRIUMPH 21 FOG/BOUGH Herre,,saucony-s20881-111,ok
https://loplabbet.no/saucony-triumph-21-indigoblack-herre-s20881-21,saucony,SAUCONY Triumph 21 INDIGO/BLACK Herre,,saucony-s20881-21,ok
https://loplabbet.no/saucony-peregrine-14-cobaltblack-herre-s20916-106,saucony,SAUCONY PEREGRINE 14 COBALT/BLACK Herre,,saucony-s20916-106,ok
https://loplabbet.no/saucony-peregrine-14-dusknavy-herre-s20916-242,saucony,SAUCONY PEREGRINE 14 DUSK/NAVY Herre,,saucony-s20916-242,ok
https://loplabbet.no/saucony-saucony-guide-17-m-blackshadow-herre-s20936-100,saucony,"SAUCONY SAUCONY GUIDE 17, M BLACK/SHADOW Herre",,saucony-s20936-100,ok
https://loplabbet.no/saucony-saucony-guide-17-m-navycobalt-herre-s20936-106,saucony,"SAUCONY SAUCONY GUIDE 17, M NAVY/COBALT Herre",,saucony-s20936-106,ok
https://loplabbet.no/saucony-endorphin-pro-4-whiteblack-herre-s20939-129,saucony,SAUCONY Endorphin Pro 4 WHITE/BLACK Herre,,saucony-s20939-129,ok
https://loplabbet.no/saucony-saucony-endorphin-pro-4-navycitron-herre-s20939-222,saucony,SAUCONY ENDORPHIN PRO 4 NAVY/CITRON Herre,,saucony-s20939-222,ok
https://loplabbet.no/saucony-endorphin-speed-4-whiteviziorange-herre-s20940-129,saucony,SAUCONY ENDORPHIN SPEED 4 WHITE/VIZIORANGE Herre,,saucony-s20940-129,ok
https://loplabbet.no/saucony-endorphin-speed-4-navyspice-herre-s20940-211,saucony,SAUCONY ENDORPHIN SPEED 4 NAVY/SPICE Herre,,saucony-s20940-211,ok
https://loplabbet.no/saucony-endorphin-speed-4-whiteviziblue-herre-s20940-222,saucony,SAUCONY ENDORPHIN SPEED 4 WHITE/VIZIBLUE Herre,,saucony-s20940-222,ok
https://loplabbet.no/saucony-triumph-22-blackwhite-herre-s20964-200,saucony,SAUCONY TRIUMPH 22 BLACK/WHITE Herre,,saucony-s20964-200,ok
https://loplabbet.no/saucony-triumph-22-vizibluepepper-herre-s20964-217,saucony,SAUCONY TRIUMPH 22 VIZIBLUE/PEPPER Herre,,saucony-s20964-217,ok
https://loplabbet.no/saucony-tempus-2-whiteviziblue-herre-s20973-218,saucony,SAUCONY TEMPUS 2 WHITE/VIZIBLUE Herre,,saucony-s20973-218,ok
https://loplabbet.no/saucony-sinister-citronblack-unisex-s29097-05,saucony,SAUCONY Sinister CITRON/BLACK Unisex,,saucony-s29097-05,ok
https://loplabbet.no/scott-supertrac-rc-blackyellow-herre-251876,scott,SCOTT Supertrac RC Black/Yellow Herre,,scott-251876,ok
https://loplabbet.no/scott-supertrac-rc-blackyellow-dame-251878,scott,SCOTT Supertrac RC Black/Yellow Dame,,scott-251878,ok
https://loplabbet.no/scott-supertrac-rc-2-blackyellow-herre-279762,scott,SCOTT Supertrac RC 2 Black/Yellow Herre,,scott-279762,ok
https://loplabbet.no/scott-supertrac-rc-2-blackyellow-dame-279764,scott,SCOTT Supertrac RC 2 Black/Yellow Dame,,scott-279764,ok
https://loplabbet.no/select-heel-cup-transparent-unisex-860000,select,SELECT Heel cup transparent Unisex,,select-860000,ok
https://loplabbet.no/shock-absorber-ultimate-run-bra-padded-black-dame-06s7,shock,SHOCK ABSORBER Ultimate Run Bra Padded Black Dame,,shock-absorber-06s7,ok
https://loplabbet.no/shock-absorber-active-multi-sports-support-bh-black-dame-308727,shock-absorber,SHOCK ABSORBER ACTIVE MULTI SPORTS SUPPORT BH BLACK Dame,,shock-absorber-308727,ok
https://loplabbet.no/shock-absorber-ultimate-run-bh-black-dame-5044,shock-absorber,SHOCK ABSORBER Ultimate Run BH Black Dame,,shock-absorber-5044,ok
https://loplabbet.no/shock-absorber-ultimate-run-bh-white-dame-5044,shock-absorber,SHOCK ABSORBER Ultimate Run BH White Dame,,shock-absorber-5044,ok
https://loplabbet.no/shock-absorber-active-d-classic-support-bh-black-dame-n109,shock,SHOCK ABSORBER Active D+ Classic Support BH Black Dame,,shock-n109,ok
https://loplabbet.no/shock-absorber-multi-sports-support-bra-black-dame-s4490,shock,SHOCK ABSORBER Multi Sports Support Bra Black Dame,,shock-absorber-s4490,ok
https://loplabbet.no/shock-absorber-ultimate-run-bh-black-dame-u10046,shock,SHOCK ABSORBER Ultimate Run BH Black Dame,,shock-absorber-u10046,ok
https://loplabbet.no/shock-absorber-ultimate-run-bh-white-dame-u10046,shock,SHOCK ABSORBER Ultimate Run BH White Dame,,shock-absorber-u10046,ok
https://loplabbet.no/shock-absorber-ultimate-run-bra-padded-black-dame-u10057,shock,SHOCK ABSORBER Ultimate Run Bra Padded black Dame,,shock-absorber-u10057,ok
https://loplabbet.no/shoe-shame-lose-the-dirt-gel-hvit-unisex-2018010095830,shoe,SHOE SHAME Lose The Dirt Gel Hvit Unisex,,shoe-2018010095830,ok
https://loplabbet.no/shoe-shame-sweet-feet-hvit-unisex-2018052013108,shoe,SHOE SHAME Sweet feet Hvit Unisex,,shoe-2018052013108,ok
https://loplabbet.no/shoe-shame-lose-the-dirt-kit-hvit-unisex-2018086580999,shoe,SHOE SHAME Lose the dirt Kit Hvit Unisex,,shoe-2018086580999,ok
https://loplabbet.no/shoe-shame-shoe-shield-rapid-impregneringsspray-hvit-unisex-2018110790107,shoe,"SHOE SHAME Shoe shield Rapid, impregneringsspray Hvit Unisex",,shoe-2018110790107,ok
https://loplabbet.no/shoe-shame-keep-it-fresh-duftpose-hvit-unisex-2018270455238,shoe,SHOE SHAME Keep it fresh duftpose Hvit Unisex,,shoe-2018270455238,ok
https://loplabbet.no/silva-tyto-sikkerhetslys-unisex-37418,silva,SILVA Tyto Sikkerhetslys Unisex,,silva-37418,ok
https://loplabbet.no/silva-compass-trail-run-unisex-37473,silva,SILVA Compass Trail Run Unisex,,silva-37473,ok
https://loplabbet.no/silva-compass-field-no-colour-unisex-37501,silva,SILVA Compass Field No colour Unisex,,silva-37501,ok
https://loplabbet.no/silva-batterideksel-4xaa-unisex-37558,silva,SILVA Batterideksel 4XAA Unisex,,silva-37558,ok
https://loplabbet.no/silva-trail-runner-batterikasett-3xaaa-unisex-37653,silva,SILVA Trail Runner Batterikasett 3xAAA Unisex,,silva-37653,ok
https://loplabbet.no/silva-headlamp-scout-rc-unisex-37692,silva,SILVA Headlamp Scout RC Unisex,,silva-37692,ok
https://loplabbet.no/silva-12ah-ekstrabatteri-unisex-37714,silva,SILVA 1.2AH Ekstrabatteri Unisex,,silva-37714,ok
https://loplabbet.no/silva-headlamp-trail-runner-4x-unisex,silva,SILVA Headlamp Trail Runner 4X Unisex,,,ok
https://loplabbet.no/silva-24ah-ekstrabatteri-unisex-37728,silva,SILVA 2.4AH Ekstrabatteri Unisex,,silva-37728,ok
https://loplabbet.no/silva-trail-runner-free-ultra-unisex-37807,silva,SILVA Trail Runner Free Ultra Unisex,,silva-37807,ok
https://loplabbet.no/silva-trail-runner-free-h-black-unisex-37808,silva,SILVA Trail Runner Free H. Black Unisex,,silva-37808,ok
https://loplabbet.no/silva-trail-runner-free-black-unisex,silva,SILVA Trail Runner Free Black Unisex,,,ok
https://loplabbet.no/silva-arc-jet-360-left-unisex-37893,silva,SILVA Arc Jet 360 Left Unisex,,silva-37893,ok
https://loplabbet.no/silva-arc-jet-360-venstre-no-colour-unisex-37893,silva,SILVA Arc Jet 360 venstre No colour Unisex,,silva-37893,ok
https://loplabbet.no/silva-arc-jet-s-kompass-venstre-unisex-37895,silva,"SILVA Arc Jet S kompass, venstre Unisex",,silva-37895,ok
https://loplabbet.no/silva-arc-jet-s-kompass-venstre-no-colour-unisex-37895,silva,SILVA Arc Jet S kompass venstre No colour Unisex,,silva-37895,ok
https://loplabbet.no/silva-arc-jet-left-no-colour-unisex-37897,silva,SILVA Arc Jet Left No colour Unisex,,silva-37897,ok
https://loplabbet.no/silva-strive-belte-black-unisex-37910,silva,SILVA Strive Belte Black Unisex,,silva-37910,ok
https://loplabbet.no/silva-strive-belt-turquoise-unisex-37911,silva,SILVA Strive Belt Turquoise Unisex,,silva-37911,ok
https://loplabbet.no/silva-cross-trail-7r-unisex-37995,silva,SILVA Cross Trail 7R Unisex,,silva-37995,ok
https://loplabbet.no/silva-headlamp-battery-35ah-unisex-37997,silva,SILVA Headlamp Battery 3.5Ah Unisex,,silva-37997,ok
https://loplabbet.no/silva-headlamp-battery-70ah-unisex-37998,silva,SILVA Headlamp Battery 7.0Ah Unisex,,silva-37998,ok
https://loplabbet.no/silva-hybrid-battery-125ah-46wh-black-unisex-38007,silva,SILVA Hybrid Battery 1.25Ah (4.6Wh) Black Unisex,,silva-38007,ok
https://loplabbet.no/silva-headlamp-extension-kit-unisex-38075,silva,SILVA Headlamp Extension Kit Unisex,,silva-38075,ok
https://loplabbet.no/silva-free-1200-xs-black-unisex-38221,silva,SILVA Free 1200 XS Black Unisex,,silva-38221,ok
https://loplabbet.no/silva-free-1200-xs-no-colour-unisex,silva,SILVA Free 1200 XS No colour Unisex,,,ok
https://loplabbet.no/silva-trail-runner-free-2-hybrid-black-unisex-38288,silva,SILVA Trail Runner Free 2 Hybrid Black Unisex,,silva-38288,ok
https://loplabbet.no/silva-trail-runner-free-2-hybrid-blaxk-unisex-38288,silva,SILVA Trail Runner Free 2 Hybrid Blaxk Unisex,,silva-38288,ok
https://loplabbet.no/silva-trail-runner-free-2-hybrid-no-colour-unisex-38288,silva,SILVA Trail Runner Free 2 Hybrid No colour Unisex,,silva-38288,ok
https://loplabbet.no/silva-trail-runner-free-2-ultra-no-colour-unisex-38289,silva,SILVA Trail Runner Free 2 Ultra No colour Unisex,,silva-38289,ok
https://loplabbet.no/silva-map-case-large-unisex-38359,silva,SILVA Map case Large Unisex,,silva-38359,ok
https://loplabbet.no/silva-smini-black-unisex-38451,silva,SILVA Smini Black Unisex,,silva-38451,ok
https://loplabbet.no/silva-smini-rear-light-black-unisex-38467,silva,SILVA Smini Rear Light Black Unisex,,silva-38467,ok
https://loplabbet.no/silva-free-900-xxs-black-unisex-38531,silva,SILVA Free 900 XXS Black Unisex,,silva-38531,ok
https://loplabbet.no/silva-frost-5-bottle-unisex,silva,SILVA Frost 5 Bottle Unisex,,,ok
https://loplabbet.no/smell-well-smellwell-assorted-original-ass-unisex-1408n,smell,SMELL WELL SmellWell Assorted Original ASS Unisex,,smell-1408n,ok
https://loplabbet.no/smellwell-freshener-inserts-ass-unisex-1408n,smellwell,SMELLWELL Freshener Inserts Assorted ASS Unisex,,smellwell-1408n,ok
https://loplabbet.no/sneaker-lab-premium-shoe-care-kit-black-unisex-sp4,sneaker,SNEAKER LAB Premium Shoe Care Kit BLACK Unisex,,sneaker-sp4,ok
https://loplabbet.no/snowline-trail-brodder-bla-unisex-3930,snowline,SNOWLINE Trail Brodder Blå Unisex,,snowline-3930,ok
https://loplabbet.no/snowline-trail-brodder-gra-unisex-3930,snowline,SNOWLINE Trail Brodder Grå Unisex,,snowline-3930,ok
https://loplabbet.no/snowline-trail-brodder-orange-unisex-3930,snowline,SNOWLINE Trail Brodder orange Unisex,,snowline-3930,ok
https://loplabbet.no/snowline-trail-brodder-m-36-41-red-unisex,snowline,SNOWLINE Trail Brodder M (36-41) Red Unisex,,,ok
https://loplabbet.no/snowline-trail-brodder-xl-44-46-svart-unisex,snowline,SNOWLINE Trail Brodder XL (44-46) Svart Unisex,,,ok
https://loplabbet.no/sof-sole-athlete-perform-no-colour-unisex-im0001,sof,SOF SOLE Athlete Perform No Colour Unisex,,sof-sole-im0001,ok
https://loplabbet.no/sof-sole-sale-arch-no-colour-unisex-im0002,sof,SOF SOLE Såle Arch No Colour Unisex,,sof-im0002,ok
https://loplabbet.no/sof-sole-gel-heel-cup-haelsale-no-colour-unisex-im0007,sof,SOF SOLE Gel Heel Cup Hælsåle No Colour Unisex,,sof-im0007,ok
https://loplabbet.no/sof-sole-plantar-fascia-full-length-insole-sort-unisex-im0015,sof,SOF SOLE Plantar Fascia Full-length Insole Sort Unisex,,sof-im0015,ok
https://loplabbet.no/springyard-springyard-deo-refresher-neutral-unisex,springyard,SPRINGYARD Springyard Deo Refresher Neutral Unisex,,,ok
https://loplabbet.no/springyard-innleggsale-vinter-therapy-hvit-unisex-500720,springyard,SPRINGYARD Innleggsåle Vinter Therapy Hvit Unisex,,springyard-500720,ok
https://loplabbet.no/springyard-flat-90-hvit-unisex-505007,springyard,SPRINGYARD Flat 9.0 Hvit Unisex,,springyard-505007,ok
https://loplabbet.no/springyard-flat-90-svart-unisex-505007,springyard,SPRINGYARD Flat 9.0 Svart Unisex,,springyard-505007,ok
https://loplabbet.no/springyard-flat-45-elastic-svart-unisex-505008,springyard,SPRINGYARD Flat 4.5 Elastic Svart Unisex,,springyard-505008,ok
https://loplabbet.no/springyard-skolisser-7-mm-hvit-unisex-507002,springyard,SPRINGYARD Skolisser 7 mm Hvit Unisex,,springyard-507002,ok
https://loplabbet.no/springyard-skolisser-7-mm-svart-unisex-507002,springyard,SPRINGYARD Skolisser 7 mm Svart Unisex,,springyard-507002,ok
https://loplabbet.no/springyard-springyard-rengjoringssett-blue-unisex-510301,springyard,SPRINGYARD Springyard Rengjøringssett Blue Unisex,,springyard-510301,ok
https://loplabbet.no/squeezy-energy-gel-125-ml-sitron-unisex-100016-1,squeezy,SQUEEZY Energy Gel - 125 ml Sitron Unisex,,squeezy-100016-1,ok
https://loplabbet.no/squeezy-super-energy-gel-cola-koffein-125ml-unisex-100017,squeezy,SQUEEZY Super Energy Gel Cola + koffein 125ml Unisex,,squeezy-100017,ok
https://loplabbet.no/squeezy-energy-gel-refill-sitron-500ml-unisex-100025,squeezy,SQUEEZY Energy Gel Refill Sitron 500ml Unisex,,squeezy-100025,ok
https://loplabbet.no/squeezy-energy-gel-refill-500-ml-basic-basic-unisex-100027,squeezy,SQUEEZY Energy Gel Refill 500 ml Basic Basic Unisex,,squeezy-100027,ok
https://loplabbet.no/squeezy-super-energy-gel-refiller-cola-koffein-500ml-unisex-100028,squeezy,SQUEEZY Super Energy Gel Refiller Cola + koffein 500ml Unisex,,squeezy-100028,ok
https://loplabbet.no/squeezy-energy-bar-eple-unisex-1030,squeezy,SQUEEZY Energy Bar Eple Unisex,,squeezy-1030,ok
https://loplabbet.no/squeezy-squeezy-energy-super-bar-caffeine-cherry-unisex-1033,squeezy,SQUEEZY Squeezy Energy Super Bar Caffeine Cherry Unisex,,squeezy-1033,ok
https://loplabbet.no/squeezy-gelbelte-for-lopski-unisex-200002,squeezy,SQUEEZY Gelbelte for løp/ski Unisex,,squeezy-200002,ok
https://loplabbet.no/squeezy-flaske-750ml-transparent-og-miljovennlig-transparent-unisex-2010,squeezy,SQUEEZY Flaske 750ml - transparent Transparent Unisex,,squeezy-2010,ok
https://loplabbet.no/squeezy-flaske-500ml-transparent-transparent-unisex-2011,squeezy,SQUEEZY Flaske 500ml - transparent Transparent Unisex,,squeezy-2011,ok
https://loplabbet.no/squeezy-crampfix-unisex-300000,squeezy,SQUEEZY Crampfix Unisex,,squeezy-300000,ok
https://loplabbet.no/squeezy-crampfix-superwarm-for-20-graderinnendors-unisex-300001,squeezy,SQUEEZY Crampfix Superwarm For + 20 grader/innendørs Unisex,,squeezy-300001,ok
https://loplabbet.no/squeezy-energy-gel-ass-smak-33g-unisex-ge01,squeezy,SQUEEZY Energy Gel ass. smak 33g Unisex,,squeezy-ge01,ok
https://loplabbet.no/squeezy-super-energy-gel-3-x-33-g-mix-med-koffein-unisex-ge06,squeezy,SQUEEZY Super Energy Gel 33 g Cola med Koffein Unisex,,squeezy-ge06,ok
https://loplabbet.no/squeezy-energy-gel-salt-karamell-33g-unisex-ge08,squeezy,SQUEEZY Energy Gel salt karamell 33g Unisex,,squeezy-ge08,ok
https://loplabbet.no/squeezy-energy-gel-basic-smak-12x33g-basic-unisex-ge1009,squeezy,SQUEEZY Energy Gel Basic Smak 12x33g Basic Unisex,,squeezy-ge1009,ok
https://loplabbet.no/squeezy-energy-gel-3-x-33-g-mix-unisex-ge1010,squeezy,SQUEEZY Energy Gel 3 x 33 g Mix Unisex,,squeezy-ge1010,ok
https://loplabbet.no/squeezy-super-energy-gel-3-x-33-g-miks-med-koffein-unisex-ge1012,squeezy,SQUEEZY Super Energy Gel 3 x 33 g Miks med Koffein Unisex,,squeezy-ge1012,ok
https://loplabbet.no/squeezy-drink-gel-60-ml-unisex-ge20,squeezy,SQUEEZY Drink Gel 60 ml Unisex,,squeezy-ge20,ok
https://loplabbet.no/squeezy-super-drink-gel-koffein-60-ml-lemon-unisex-ge21,squeezy,SQUEEZY Super Drink Gel Koffein 60 ml Lemon Unisex,,squeezy-ge21,ok
https://loplabbet.no/squeezy-energy-drink-appelsin-650-g-unisex-pu01,squeezy,SQUEEZY Energy Drink Appelsin 650 g Unisex,,squeezy-pu01,ok
https://loplabbet.no/squeezy-energy-drink-noytral-650-g-tilsett-egen-favorittsmak-feks-saft-unisex-pu03,squeezy,SQUEEZY Energy Drink Nøytral 650 g Tilsett egen favorittsmak feks saft Unisex,,squeezy-pu03,ok
https://loplabbet.no/squeezy-energy-drink-sitron-m-bcaa-650-g-bbaa-for-redusert-muskelnedbryting-bedret-restitu-unisex-pu04,squeezy,"SQUEEZY Energy Drink Sitron m. BCAA 650 g BBAA for redusert muskelnedbryting, bedret restitu Unisex",,squeezy-pu04,ok
https://loplabbet.no/squeezy-myk-gel-flaske-gjenbruk-150-ml-dispenser-unisex-sq20,squeezy,SQUEEZY Myk gel flaske - gjenbruk - 150 ml - Dispenser Unisex,,squeezy-sq20,ok
https://loplabbet.no/strassburg-medical-medical-strassburgsokk-svart-unisex-55,strassburg,STRASSBURG MEDICAL Medical Strassburgsokk SVART Unisex,,strassburg-55,ok
https://loplabbet.no/stryd-nextgen-komplett-startkit-unisex-nextgen,stryd,"STRYD NextGen, komplett startkit Unisex",,stryd-nextgen,ok
https://loplabbet.no/stryd-stryd-50-svart-unisex-pe50,stryd,STRYD STRYD 5.0 Svart Unisex,,stryd-pe5-0,ok
https://loplabbet.no/superfeet-active-cushion-high-arch-green-unisex-fl435000,superfeet,SUPERFEET Active Cushion High Arch Green Unisex,,superfeet-fl435000,ok
https://loplabbet.no/superfeet-active-cushion-low-arch-orange-unisex-fl435100,superfeet,SUPERFEET Active Cushion Low Arch Orange Unisex,,superfeet-fl435100,ok
https://loplabbet.no/superfeet-active-cushion-medium-arch-blue-unisex-fl435200,superfeet,SUPERFEET Active Cushion Medium Arch Blue Unisex,,superfeet-fl435200,ok
https://loplabbet.no/superfeet-run-comfort-green-herre-fl786200,superfeet,SUPERFEET RUN Comfort Green Herre,,superfeet-fl786200,ok
https://loplabbet.no/superfeet-run-pain-relief-orange-unisex-fl786400,superfeet,SUPERFEET RUN Pain Relief Orange Unisex,,superfeet-fl786400,ok
https://loplabbet.no/superfeet-run-comfort-pink-dame-fl786500,superfeet,SUPERFEET RUN Comfort Pink Dame,,superfeet-fl786500,ok
https://loplabbet.no/superfeet-run-comfort-thin-blue-unisex-fl786600,superfeet,SUPERFEET Run Comfort Thin Blue Unisex,,superfeet-fl786600,ok
https://loplabbet.no/superfeet-active-support-low-arch-carbon-unisex-fl932000,superfeet,SUPERFEET Active Support Low Arch Carbon Unisex,,superfeet-fl932000,ok
https://loplabbet.no/superfeet-active-support-low-arch-grey-unisex-fl932000,superfeet,SUPERFEET Active Support Low Arch Grey Unisex,,superfeet-fl932000,ok
https://loplabbet.no/superfeet-active-support-high-arch-green-unisex-fl986200,superfeet,SUPERFEET Active Support High Arch Green Unisex,,superfeet-fl986200,ok
https://loplabbet.no/superfeet-active-support-medium-arch-blue-unisex-fl986600,superfeet,SUPERFEET Active Support Medium Arch Blue Unisex,,superfeet-fl986600,ok
https://loplabbet.no/superfeet-active-support-low-arch-v2-grey-unisex-fl993200,superfeet,SUPERFEET Active Support Low Arch (V2) Grey Unisex,,superfeet-fl993200,ok
https://loplabbet.no/superfeet-active-support-medium-arch-v2-bolt-unisex-fl993300,superfeet,SUPERFEET Active Support Medium Arch (V2) Bolt Unisex,,superfeet-fl993300,ok
https://loplabbet.no/superfeet-active-support-high-arch-v2-citron-unisex-fl993400,superfeet,SUPERFEET Active Support High Arch (V2) Citron Unisex,,superfeet-fl993400,ok
https://loplabbet.no/taidoc-laktatmaler-multiparameter-taidoc-unisex-td-4289,taidoc-td,TAIDOC Laktatmåler Multiparameter TaiDoc. Unisex,,taidoc-td-4289,ok
https://loplabbet.no/taidoc-laktatstrips-10pk-unisex-td-4663,taidoc-td,TAIDOC Laktatstrips 10pk Unisex,,taidoc-td-4663,ok
https://loplabbet.no/taidoc-laktatstrips-100-pk-unisex-td-4663-1,taidoc,TAIDOC Laktatstrips 100 pk Unisex,,taidoc-td-4663-1,ok
https://loplabbet.no/taidoc-laktat-teststrips-100-stk-olympiatoppen-kalibrering-biosen-olympiatoppen-laktatstrips-kalibrering-unisex-td-4663-100-biosen,taidoc,"TAIDOC Laktat teststrips 100 stk, Olympiatoppen kalibrering (Biosen) Olympiatoppen laktatstrips kalibrering Unisex",,taidoc-td-4663-100-biosen,ok
https://loplabbet.no/taidoc-stikkpenn-justerbar-6-dybder-td-5010-unisex-td-5010,taidoc-td,"TAIDOC Stikkpenn, justerbar 6 dybder, TD-5010 Unisex",,taidoc-td-5010,ok
https://loplabbet.no/taidoc-engangsnaler-21g-laktat-unisex-td-5052-21,taidoc,TAIDOC Engangsnåler 21G (Laktat) Unisex,,taidoc-td-5052-21,ok
https://loplabbet.no/taidoc-naler-stikkpenn-td-5084-unisex-td-5084,taidoc-td,"TAIDOC Nåler stikkpenn, TD-5084 Unisex",,taidoc-td-5084,ok
https://loplabbet.no/tailwind-big-mouth-bottle-clear-purple-unisex-tw-bot-bm24-c-p,tailwind,TAILWIND Big Mouth Bottle Clear / Purple Unisex,,tailwind-tw-bot-bm24-c-p,ok
https://loplabbet.no/tailwind-endurance-fuel-cola-stick-pack-med-koffein-unisex-tw-cef-c-2,tailwind,TAILWIND Endurance Fuel Cola Stick Pack med Koffein Unisex,,tailwind-tw-cef-c-2,ok
https://loplabbet.no/tailwind-endurance-fuel-cola-stick-pack-med-koffein-cola-unisex-tw-cef-c-2,tailwind,TAILWIND Endurance Fuel Cola Stick Pack med Koffein Cola Unisex,,tailwind-tw-cef-c-2,ok
https://loplabbet.no/tailwind-endurance-fuel-cola-medium-med-koffein-unisex-tw-cef-c-30,tailwind,TAILWIND Endurance Fuel Cola Medium med koffein Unisex,,tailwind-tw-cef-c-30,ok
https://loplabbet.no/tailwind-endurance-fuel-cola-medium-med-koffein-cola-unisex-tw-cef-c-30,tailwind,TAILWIND Endurance Fuel Cola Medium med koffein Cola Unisex,,tailwind-tw-cef-c-30,ok
https://loplabbet.no/tailwind-endurance-fuel-cola-stick-pack-cola-unisex-tw-cef-eu-c-2,tailwind,TAILWIND Endurance Fuel Cola Stick Pack Cola Unisex,,tailwind-tw-cef-eu-c-2,ok
https://loplabbet.no/tailwind-endurance-fuel-cola-medium-med-koffein-cola-unisex-tw-cef-eu-c-30,tailwind,TAILWIND Endurance Fuel Cola Medium med koffein Cola Unisex,,tailwind-tw-cef-eu-c-30,ok
https://loplabbet.no/tailwind-endurance-fuel-tropical-medium-tropical-unisex-tw-cef-eu-t-30,tailwind,TAILWIND Endurance Fuel Tropical Medium Tropical Unisex,,tailwind-tw-cef-eu-t-30,ok
https://loplabbet.no/tailwind-endurance-fuel-raspberry-stick-pack-med-koffein-unisex-tw-cef-r-2,tailwind,TAILWIND Endurance Fuel Raspberry Stick Pack med koffein Unisex,,tailwind-tw-cef-r-2,ok
https://loplabbet.no/tailwind-endurance-fuel-raspberry-stick-pack-med-koffein-raspberry-unisex-tw-cef-r-2,tailwind,TAILWIND Endurance Fuel Raspberry Stick Pack med koffein Raspberry Unisex,,tailwind-tw-cef-r-2,ok
https://loplabbet.no/tailwind-endurance-fuel-raspberry-medium-med-koffein-unisex-tw-cef-r-30,tailwind,TAILWIND Endurance Fuel Raspberry Medium med koffein Unisex,,tailwind-tw-cef-r-30,ok
https://loplabbet.no/tailwind-endurance-fuel-raspberry-medium-med-koffein-raspberry-unisex-tw-cef-r-30,tailwind,TAILWIND Endurance Fuel Raspberry Medium med koffein Raspberry Unisex,,tailwind-tw-cef-r-30,ok
https://loplabbet.no/tailwind-endurance-fuel-berry-stick-pack-koffeinfri-unisex-tw-ef-b-2,tailwind,TAILWIND Endurance Fuel Berry Stick Pack koffeinfri Unisex,,tailwind-tw-ef-b-2,ok
https://loplabbet.no/tailwind-endurance-fuel-berry-stick-pack-koffeinfri-berry-unisex-tw-ef-b-2,tailwind,TAILWIND Endurance Fuel Berry Stick Pack koffeinfri Berry Unisex,,tailwind-tw-ef-b-2,ok
https://loplabbet.no/tailwind-endurance-fuel-berry-medium-koffeinfri-unisex-tw-ef-b-30,tailwind,TAILWIND Endurance Fuel Berry Medium Koffeinfri Unisex,,tailwind-tw-ef-b-30,ok
https://loplabbet.no/tailwind-endurance-fuel-berry-medium-koffeinfri-berry-unisex-tw-ef-b-30,tailwind,TAILWIND Endurance Fuel Berry Medium Koffeinfri Berry Unisex,,tailwind-tw-ef-b-30,ok
https://loplabbet.no/tailwind-endurance-fuel-berry-stick-pack-berry-unisex-tw-ef-eu-b-2,tailwind,TAILWIND Endurance Fuel Berry Stick Pack Berry Unisex,,tailwind-tw-ef-eu-b-2,ok
https://loplabbet.no/tailwind-endurance-fuel-berry-medium-berry-unisex-tw-ef-eu-b-30,tailwind,TAILWIND Endurance Fuel Berry Medium Berry Unisex,,tailwind-tw-ef-eu-b-30,ok
https://loplabbet.no/tailwind-endurance-fuel-berry-large-berry-unisex-tw-ef-eu-b-50,tailwind,TAILWIND Endurance Fuel Berry Large Berry Unisex,,tailwind-tw-ef-eu-b-50,ok
https://loplabbet.no/tailwind-endurance-fuel-lemon-stick-pack-lemon-unisex-tw-ef-eu-l-2,tailwind,TAILWIND Endurance Fuel Lemon Stick Pack Lemon Unisex,,tailwind-tw-ef-eu-l-2,ok
https://loplabbet.no/tailwind-endurance-fuel-lemon-medium-lemon-unisex-tw-ef-eu-l-30,tailwind,TAILWIND Endurance Fuel Lemon Medium Lemon Unisex,,tailwind-tw-ef-eu-l-30,ok
https://loplabbet.no/tailwind-endurance-fuel-naked-medium-naked-unisex-tw-ef-eu-n-30,tailwind,TAILWIND Endurance Fuel Naked Medium Naked Unisex,,tailwind-tw-ef-eu-n-30,ok
https://loplabbet.no/tailwind-endurance-fuel-mandarin-medium-mandarin-unisex-tw-ef-eu-o-30,tailwind,TAILWIND Endurance Fuel Mandarin Medium Mandarin Unisex,,tailwind-tw-ef-eu-o-30,ok
https://loplabbet.no/tailwind-endurance-fuel-lemon-stick-pack-koffeinfri-unisex-tw-ef-l-2,tailwind,TAILWIND Endurance Fuel Lemon Stick Pack Koffeinfri Unisex,,tailwind-tw-ef-l-2,ok
https://loplabbet.no/tailwind-endurance-fuel-lemon-stick-pack-koffeinfri-lemon-unisex-tw-ef-l-2,tailwind,TAILWIND Endurance Fuel Lemon Stick Pack Koffeinfri Lemon Unisex,,tailwind-tw-ef-l-2,ok
https://loplabbet.no/tailwind-endurance-fuel-lemon-medium-koffeinfri-unisex-tw-ef-l-30,tailwind,TAILWIND Endurance Fuel Lemon Medium Koffeinfri Unisex,,tailwind-tw-ef-l-30,ok
https://loplabbet.no/tailwind-endurance-fuel-lemon-medium-koffeinfri-lemon-unisex-tw-ef-l-30,tailwind,TAILWIND Endurance Fuel Lemon Medium Koffeinfri Lemon Unisex,,tailwind-tw-ef-l-30,ok
https://loplabbet.no/tailwind-high-carb-fuel-ginger-lime-nocolour-unisex-tw-eu-hcf-gl,tailwind,TAILWIND High Carb Fuel Ginger Lime Nocolour Unisex,,tailwind-tw-eu-hcf-gl,ok
https://loplabbet.no/tailwind-high-carb-fuel-lemonade-nocolour-unisex-tw-eu-hcf-l,tailwind,TAILWIND High Carb Fuel Lemonade Nocolour Unisex,,tailwind-tw-eu-hcf-l,ok
https://loplabbet.no/the-north-face-flight-vectiv-50tbrilliant-coral-herre-nf0a4t3l,the,THE NORTH FACE Flight Vectiv 50T/BRILLIANT CORAL Herre,,the-nf0a4t3l,ok
https://loplabbet.no/the-north-face-flight-vectiv-7q6cone-orangetnf-black-herre-nf0a4t3l,the,THE NORTH FACE Flight Vectiv 7Q6/CONE ORANGE/TNF BLACK Herre,,the-nf0a4t3l,ok
https://loplabbet.no/the-north-face-flight-vectiv-64hbrilliant-coral-dame-nf0a4t3m,the,THE NORTH FACE Flight Vectiv 64H/BRILLIANT CORAL Dame,,the-nf0a4t3m,ok
https://loplabbet.no/the-north-face-lightriser-futurelighttm-jacket-6r7wasabi-herre-nf0a536f,the,THE NORTH FACE Lightriser Futurelight™ Jacket 6R7/Wasabi Herre,,the-nf0a536f,ok
https://loplabbet.no/the-north-face-the-north-face-movmynt-pant-tnf-black-herre-nf0a537c,the,THE NORTH FACE The North Face Movmynt Pant TNF BLACK Herre,,the-nf0a537c,ok
https://loplabbet.no/the-north-face-lightriser-futurelighttm-jacket-6s1lavender-fog-dame-nf0a5383,the,THE NORTH FACE Lightriser Futurelight™ Jacket 6S1/Lavender Fog Dame,,the-nf0a5383,ok
https://loplabbet.no/the-north-face-trail-trucker-cap-20-lavender-fog-fernando-elvira-collab-print-unisex-nf0a5fy2,the,THE NORTH FACE Trail Trucker Cap 2.0 Lavender Fog Fernando Elvira Collab Print Unisex,,the-nf0a5fy2,ok
https://loplabbet.no/the-north-face-trail-trucker-cap-20-s00wasabi-fernando-elvira-collab-unisex-nf0a5fy2,the,THE NORTH FACE Trail Trucker Cap 2.0 S00/Wasabi Fernando Elvira Collab Unisex,,the-nf0a5fy2,ok
https://loplabbet.no/the-north-face-north-face-winter-warm-tight-jk3tnf-black-herre-nf0a5gau,the,THE NORTH FACE North Face Winter Warm Tight JK3/TNF Black Herre,,the-nf0a5gau,ok
https://loplabbet.no/the-north-face-movmynt-tight-tnf-black-dame-nf0a5j71,the,THE NORTH FACE Movmynt Tight TNF BLACK Dame,,the-nf0a5j71,ok
https://loplabbet.no/the-north-face-flight-stridelight-shorts-jk3tnf-black-herre-nf0a5j75,the,THE NORTH FACE Flight Stridelight Shorts JK3/TNF Black Herre,,the-nf0a5j75,ok
https://loplabbet.no/the-north-face-flight-lightriser-wind-jacket-cz6tnf-blue-herre-nf0a5j7c,the,THE NORTH FACE Flight Lightriser Wind Jacket CZ6/TNF Blue Herre,,the-nf0a5j7c,ok
https://loplabbet.no/the-north-face-flight-lightriser-wind-jacket-fn4tnf-white-dame-nf0a5j8b,the,THE NORTH FACE Flight Lightriser Wind Jacket FN4/TNF White Dame,,the-nf0a5j8b,ok
https://loplabbet.no/the-north-face-flight-weightless-t-skjorte-herre-8uqtnf-white-wasabi-fernando-elvi-herre-nf0a7qhh,the,"THE NORTH FACE Flight Weightless t-skjorte, herre 8UQ/TNF White-Wasabi Fernando Elvi Herre",,the-8uqtnf-white-wasabi-fernando-elvi-herre-nf0a7qhh,ok
https://loplabbet.no/the-north-face-flight-weightless-tank-top-83ttnf-white-lavender-fog-fernand-dame-nf0a7qhk,the,THE NORTH FACE Flight Weightless Tank Top 83T/TNF White-Lavender Fog Fernand Dame,,the-nf0a7qhk,ok
https://loplabbet.no/the-north-face-run-wind-jacket-skylight-blue-dame-nf0a7sxi,the,THE NORTH FACE Run Wind Jacket SKYLIGHT BLUE Dame,,the-nf0a7sxi,ok
https://loplabbet.no/the-north-face-run-wind-jacket-tnf-black-herre-nf0a7sxm,the,THE NORTH FACE Run Wind Jacket TNF BLACK Herre,,the-nf0a7sxm,ok
https://loplabbet.no/the-north-face-the-north-face-2-in-1-shorts-tnf-black-dame-nf0a7sxr,the,THE NORTH FACE The North Face 2 in 1 Shorts TNF BLACK Dame,,the-nf0a7sxr,ok
https://loplabbet.no/the-north-face-winter-warm-insulated-vest-jk3tnf-black-herre-nf0a7uvs,the,THE NORTH FACE Winter Warm Insulated Vest JK3/TNF Black Herre,,the-nf0a7uvs,ok
https://loplabbet.no/the-north-face-the-north-face-flight-vectiv-x-elvira-herre-9zmwasabi-fernando-elvira-collab-herre-nf0a7w5c,the,"THE NORTH FACE The North Face Flight Vectiv X Elvira, herre 9ZM/WASABI FERNANDO ELVIRA COLLAB Herre",,the-9zmwasabi-fernando-elvira-collab-herre-nf0a7w5c,ok
https://loplabbet.no/the-north-face-fligth-vectiv-x-elvira-dame-9zqlapis-blue-fernando-elvira-col-dame,the,"THE NORTH FACE Fligth Vectiv X Elvira, dame 9ZQ/LAPIS BLUE FERNANDO ELVIRA COL Dame",,the-9zqlapis-blue-fernando-elvira-col-dame,ok
https://loplabbet.no/the-north-face-vectiv-pro-led-yellowtnf-black-herre-nf0a7w5i,the,THE NORTH FACE Vectiv Pro LED YELLOW/TNF BLACK Herre,,the-nf0a7w5i,ok
https://loplabbet.no/the-north-face-summit-vectiv-pro-led-yellowlunar-slate-dame-nf0a7w5j,the,THE NORTH FACE Summit Vectiv Pro LED YELLOW/LUNAR SLATE Dame,,the-nf0a7w5j,ok
https://loplabbet.no/the-north-face-summit-vectiv-sky-led-yellowtnf-black-herre-nf0a7w5k,the,THE NORTH FACE Summit Vectiv Sky LED YELLOW/TNF BLACK Herre,,the-nf0a7w5k,ok
https://loplabbet.no/the-north-face-summit-vectiv-sky-optic-bluetnf-white-herre-nf0a7w5k,the,THE NORTH FACE Summit Vectiv Sky OPTIC BLUE/TNF WHITE Herre,,the-nf0a7w5k,ok
https://loplabbet.no/the-north-face-summit-vectiv-sky-white-dunetnf-black-herre-nf0a7w5k,the,THE NORTH FACE Summit Vectiv Sky WHITE DUNE/TNF BLACK Herre,,the-nf0a7w5k,ok
https://loplabbet.no/the-north-face-summit-vectiv-sky-led-yellowlunar-slate-dame-nf0a7w5l,the,THE NORTH FACE Summit Vectiv Sky LED YELLOW/LUNAR SLATE Dame,,the-north-face-nf0a7w5l,ok
https://loplabbet.no/the-north-face-summit-vectiv-sky-vivid-seafoamtnf-white-dame-nf0a7w5l,the,THE NORTH FACE Summit Vectiv Sky VIVID SEAFOAM/TNF WHITE Dame,,the-north-face-nf0a7w5l,ok
https://loplabbet.no/the-north-face-vectiv-infinite-2-led-yellowtnf-black-herre-nf0a7w5m,the,THE NORTH FACE Vectiv Infinite 2 LED YELLOW/TNF BLACK Herre,,the-nf0a7w5m,ok
https://loplabbet.no/the-north-face-vectiv-infinite-2-led-yellowlunar-slate-dame-nf0a7w5n,the,THE NORTH FACE Vectiv Infinite 2 LED YELLOW/LUNAR SLATE Dame,,the-north-face-nf0a7w5n,ok
https://loplabbet.no/the-north-face-vectiv-infinite-off-trail-ny7tnf-blackvanadis-grey-herre-nf0a7w6k,the,THE NORTH FACE Vectiv Infinite Off Trail NY7/TNF BLACK/VANADIS GREY Herre,,the-nf0a7w6k,ok
https://loplabbet.no/the-north-face-vectiv-infinite-off-trail-h23tnf-blackmeld-grey-dame-nf0a7w6l,the,THE NORTH FACE Vectiv Infinite Off Trail H23/TNF BLACK/MELD GREY Dame,,the-north-face-nf0a7w6l,ok
https://loplabbet.no/the-north-face-run-hat-led-yellow-unisex-nf0a7wh4,the,THE NORTH FACE Run Hat LED YELLOW Unisex,,the-nf0a7wh4,ok
https://loplabbet.no/the-north-face-run-hat-lunar-slatelupine-unisex-nf0a7wh4,the,THE NORTH FACE Run Hat LUNAR SLATE/LUPINE Unisex,,the-nf0a7wh4,ok
https://loplabbet.no/the-north-face-run-hat-tnf-blacktnf-white-unisex-nf0a7wh4,the,THE NORTH FACE Run Hat TNF BLACK/TNF WHITE Unisex,,the-nf0a7wh4,ok
https://loplabbet.no/the-north-face-printed-flight-seriestm-shorts-82hlavender-fog-fernando-elvira-c-dame-nf0a7wvq,the,THE NORTH FACE Printed Flight Series™ Shorts 82H/Lavender Fog Fernando Elvira C Dame,,the-nf0a7wvq,ok
https://loplabbet.no/the-north-face-printed-sunriser-ss-shirt-a09shady-blue-valley-topo-print-dame-nf0a7ww1,the,THE NORTH FACE Printed Sunriser s/s Shirt A09/Shady Blue Valley Topo Print Dame,,the-nf0a7ww1,ok
https://loplabbet.no/the-north-face-the-north-face-flex-short-tight-tnf-black-dame-nf0a7zba,the,THE NORTH FACE The North Face Flex Short Tight TNF BLACK Dame,,the-nf0a7zba,ok
https://loplabbet.no/the-north-face-summit-superior-futurelight-jacket-tnf-black-herre-nf0a7ztf,the,THE NORTH FACE Summit Superior Futurelight Jacket TNF BLACK Herre,,the-nf0a7ztf,ok
https://loplabbet.no/the-north-face-summit-superior-wind-jacket-led-yellow-herre-nf0a7ztg,the,THE NORTH FACE Summit Superior Wind Jacket LED YELLOW Herre,,the-nf0a7ztg,ok
https://loplabbet.no/the-north-face-summit-high-trail-run-short-sleeve-dpgrsgrnlghtpaintingprint-herre-nf0a7ztr,the,THE NORTH FACE Summit High Trail Run short-sleeve DPGRSGRNLGHTPAINTINGPRINT Herre,,the-nf0a7ztr,ok
https://loplabbet.no/the-north-face-summit-pacesetter-run-brief-short-deep-grass-green-herre-nf0a7ztu,the,THE NORTH FACE Summit Pacesetter Run Brief Short Deep Grass Green Herre,,the-nf0a7ztu,ok
https://loplabbet.no/the-north-face-summit-high-trail-run-led-yellow-dame-nf0a7ztv,the,THE NORTH FACE Summit High Trail Run LED YELLOW Dame,,the-nf0a7ztv,ok
https://loplabbet.no/the-north-face-summit-superior-futurelight-jacket-led-yellow-dame-nf0a7ztx,the,THE NORTH FACE Summit Superior Futurelight Jacket LED YELLOW Dame,,the-nf0a7ztx,ok
https://loplabbet.no/the-north-face-summit-superior-wind-jacket-lunar-slate-dame-nf0a7zty,the,THE NORTH FACE Summit Superior Wind Jacket LUNAR SLATE Dame,,the-nf0a7zty,ok
https://loplabbet.no/the-north-face-the-north-face-summit-pacesetter-run-short-tnf-blacklunar-slate-dame-nf0a7zu1,the,THE NORTH FACE The North Face Summit Pacesetter Run Short TNF BLACK/LUNAR SLATE Dame,,the-nf0a7zu1,ok
https://loplabbet.no/the-north-face-summit-vectiv-pro-athlete-2023-solar-coraloptic-blue-herre-nf0a819b,the,THE NORTH FACE Summit Vectiv Pro Athlete 2023 SOLAR CORAL/OPTIC BLUE Herre,,the-nf0a819b,ok
https://loplabbet.no/the-north-face-summit-vectiv-pro-athlete-2023-solar-coraloptic-blue-dame-nf0a819c,the,THE NORTH FACE Summit Vectiv Pro Athlete 2023 SOLAR CORAL/OPTIC BLUE Dame,,the-nf0a819c,ok
https://loplabbet.no/the-north-face-summit-run-race-day-vest-8-unisex-lunar-slateled-yellow-unisex-nf0a81dd,the,"THE NORTH FACE Summit Run Race Day Vest 8, unisex LUNAR SLATE/LED YELLOW Unisex",,the-lunar-slateled-yellow-unisex-nf0a81dd,ok
https://loplabbet.no/the-north-face-summit-run-race-day-vest-8-tnf-blacktnf-black-unisex-nf0a81dd,the,THE NORTH FACE Summit Run Race Day Vest 8 TNF BLACK/TNF BLACK Unisex,,the-nf0a81dd,ok
https://loplabbet.no/the-north-face-summit-run-training-pack-12-lunar-slateled-yellow-unisex-nf0a81de,the,THE NORTH FACE Summit Run Training Pack 12 LUNAR SLATE/LED YELLOW Unisex,,the-north-face-nf0a81de,ok
https://loplabbet.no/the-north-face-summit-run-training-pack-12-tnf-blacktnf-black-unisex-nf0a81de,the,THE NORTH FACE Summit Run Training Pack 12 TNF BLACK/TNF BLACK Unisex,,the-north-face-nf0a81de,ok
https://loplabbet.no/the-north-face-lightbright-ss-tee-super-sonic-bluetnfblack-herre-nf0a825o,the,THE NORTH FACE Lightbright S/S Tee SUPER SONIC BLUE/TNFBLACK Herre,,the-nf0a825o,ok
https://loplabbet.no/the-north-face-lightbright-ss-tee-lunar-slatetnf-black-dame-nf0a825s,the,THE NORTH FACE Lightbright S/S Tee LUNAR SLATE/TNF BLACK Dame,,the-nf0a825s,ok
https://loplabbet.no/the-north-face-higher-run-jacket-tnf-black-herre-nf0a82qs,the,THE NORTH FACE Higher Run Jacket TNF BLACK Herre,,the-nf0a82qs,ok
https://loplabbet.no/the-north-face-the-north-face-higher-run-pant-tnf-black-herre-nf0a82qt,the,THE NORTH FACE The North Face Higher Run Pant TNF BLACK Herre,,the-nf0a82qt,ok
https://loplabbet.no/the-north-face-higher-run-jacket-tnf-black-dame-nf0a82qu,the,THE NORTH FACE Higher Run Jacket TNF BLACK Dame,,the-nf0a82qu,ok
https://loplabbet.no/the-north-face-higher-run-pant-tnf-black-dame-nf0a82qv,the,THE NORTH FACE Higher Run Pant TNF BLACK Dame,,the-nf0a82qv,ok
https://loplabbet.no/the-north-face-north-face-winter-warm-tight-tnf-black-dame-nf0a82xd,the,THE NORTH FACE North Face Winter Warm Tight TNF BLACK Dame,,the-nf0a82xd,ok
https://loplabbet.no/the-north-face-the-north-face-sunriser-2-in-1-short-tnf-black-herre-nf0a8315,the,THE NORTH FACE The North Face Sunriser 2 in 1 short TNF BLACK Herre,,the-nf0a8315,ok
https://loplabbet.no/the-north-face-summit-vectiv-pro-2-summit-goldtnf-black-herre-nf0a83n1,the,THE NORTH FACE SUMMIT VECTIV PRO 2 SUMMIT GOLD/TNF BLACK Herre,,the-nf0a83n1,ok
https://loplabbet.no/thor-gotaas-loping-en-verdenshistorie-unisex-107402,thor,THOR GOTAAS Løping - En verdenshistorie Unisex,,thor-107402,ok
https://loplabbet.no/thor-gotaas-brodrene-kvalheim-to-loperliv-unisex-to-loperliv,thor,THOR GOTAAS Brødrene Kvalheim - To løperliv Unisex,,thor-gotaas-to-l-perliv,ok
https://loplabbet.no/topo-topo-magnifly-2-herre-slablkslateblack-herre-m021,topo,"TOPO Topo Magnifly 2, herre SLABLK/Slate/Black Herre",,topo-slablkslateblack-herre-m021,ok
https://loplabbet.no/topo-cyclone-whtlimwhite-lime-herre-m045,topo,TOPO Cyclone WHTLIM/White / Lime Herre,,topo-m045,ok
https://loplabbet.no/topo-phantom-2-gryclygrey-clay-herre-m046,topo,TOPO Phantom 2 GRYCLY/Grey / Clay Herre,,topo-m046,ok
https://loplabbet.no/topo-phantom-2-slablkslate-black-herre-m046,topo,TOPO Phantom 2 SLABLK/Slate / Black Herre,,topo-m046,ok
https://loplabbet.no/topo-mtn-racer-2-bone-black-herre-m047,topo,TOPO MTN Racer 2 Bone / Black Herre,,topo-m047,ok
https://loplabbet.no/topo-mtn-racer-2-mango-black-herre-m047,topo,TOPO MTN Racer 2 Mango / Black Herre,,topo-m047,ok
https://loplabbet.no/topo-specter-black-blue-herre-m058,topo,TOPO Specter Black / Blue Herre,,topo-m058,ok
https://loplabbet.no/topo-specter-teal-navy-herre-m058,topo,TOPO Specter Teal / Navy Herre,,topo-m058,ok
https://loplabbet.no/topo-phantom-3-navy-white-herre-m063,topo,TOPO Phantom 3 Navy / White Herre,,topo-m063,ok
https://loplabbet.no/topo-mtn-racer-3-black-lime-herre-m065,topo,TOPO MTN Racer 3 Black / Lime Herre,,topo-m065,ok
https://loplabbet.no/topo-mtn-racer-3-mango-espresso-herre-m065,topo,TOPO MTN Racer 3 Mango / Espresso Herre,,topo-m065,ok
https://loplabbet.no/topo-atmos-blue-orange-herre-m069,topo,TOPO Atmos Blue / Orange Herre,,topo-m069,ok
https://loplabbet.no/topo-atmos-green-teal-herre-m069,topo,TOPO Atmos Green / Teal Herre,,topo-m069,ok
https://loplabbet.no/topo-atmos-navy-white-herre-m069,topo,TOPO Atmos Navy / White Herre,,topo-m069,ok
https://loplabbet.no/topo-m-atmos-navy-white-herre-m069,topo,TOPO M-Atmos Navy / White Herre,,topo-m069,ok
https://loplabbet.no/topo-st-5-black-charcoal-herre-m071,topo,TOPO ST-5 Black / Charcoal Herre,,topo-m071,ok
https://loplabbet.no/topo-specter-2-blue-blue-herre-m075,topo,TOPO Specter 2 Blue / Blue Herre,,topo-m075,ok
https://loplabbet.no/topo-specter-2-orange-blue-herre-m075,topo,TOPO Specter 2 Orange / Blue Herre,,topo-m075,ok
https://loplabbet.no/topo-ultraventure-4-black-red-herre-m081,topo,TOPO Ultraventure 4 Black / Red Herre,,topo-m081,ok
https://loplabbet.no/topo-ulltraventure-4-wide-black-red-herre-m081w,topo,TOPO Ulltraventure 4 bred Black / Red Herre,,topo-m081w,ok
https://loplabbet.no/topo-ulltraventure-4-wide-grey-grey-herre-m081w,topo,TOPO Ulltraventure 4 bred Grey / Grey Herre,,topo-m081w,ok
https://loplabbet.no/topo-atmos-2-navy-orange-herre-m091,topo,TOPO Atmos 2 Navy / Orange Herre,,topo-m091,ok
https://loplabbet.no/topo-specter-3-white-sky-herre-m102,topo,TOPO Specter 3 White / Sky Herre,,topo-m102,ok
https://loplabbet.no/topo-topo-zephyr-dame-teal-lime-dame,topo,"TOPO Topo Zephyr, dame Teal / Lime Dame",,topo-teal-lime-dame,ok
https://loplabbet.no/topo-cyclone-whtsgawhite-sangria-dame-w045,topo,TOPO Cyclone WHTSGA/White / Sangria Dame,,topo-w045,ok
https://loplabbet.no/topo-phantom-2-blkmidblack-midnight-dame-w046,topo,TOPO Phantom 2 BLKMID/Black / Midnight Dame,,topo-w046,ok
https://loplabbet.no/topo-phantom-2-rosnavrose-navy-dame-w046,topo,TOPO Phantom 2 ROSNAV/Rose / Navy Dame,,topo-w046,ok
https://loplabbet.no/topo-mtn-racer-2-moss-grey-dame-w047,topo,TOPO MTN Racer 2 Moss / Grey Dame,,topo-w047,ok
https://loplabbet.no/topo-specter-dame-espresso-peach-dame,topo,TOPO Specter Espresso / Peach Dame,,topo-w058,ok
https://loplabbet.no/topo-phantom-3-grey-stone-dame-w063,topo,TOPO Phantom 3 Grey / Stone Dame,,topo-w063,ok
https://loplabbet.no/topo-mtn-racer-3-black-mauve-dame-w065,topo,TOPO MTN Racer 3 Black / Mauve Dame,,topo-w065,ok
https://loplabbet.no/topo-atmos-blue-sky-dame-w069,topo,TOPO Atmos Blue / Sky Dame,,topo-w069,ok
https://loplabbet.no/topo-atmos-dusty-rose-white-dame-w069,topo,TOPO Atmos Dusty Rose / White Dame,,topo-w069,ok
https://loplabbet.no/topo-atmos-green-orange-dame-w069,topo,TOPO Atmos Green / Orange Dame,,topo-w069,ok
https://loplabbet.no/topo-atmos-white-white-dame-w069,topo,TOPO Atmos White / White Dame,,topo-w069,ok
https://loplabbet.no/topo-st-5-grey-grey-dame-w071,topo,TOPO ST-5 Grey / Grey Dame,,topo-w071,ok
https://loplabbet.no/topo-specter-2-blue-blue-dame-w075,topo,TOPO Specter 2 Blue / Blue Dame,,topo-w075,ok
https://loplabbet.no/topo-w-specter-2-white-sunset-dame-w075,topo,TOPO Specter 2 White / Sunset Dame,,topo-w075,ok
https://loplabbet.no/topo-ultraventure-4-black-lime-dame-w081,topo,TOPO Ultraventure 4 Black / Lime Dame,,topo-w081,ok
https://loplabbet.no/topo-ultraventure-4-stone-grey-dame-w081,topo,TOPO Ultraventure 4 Stone / Grey Dame,,topo-w081,ok
https://loplabbet.no/topo-atmos-2-aqua-mint-dame-w091,topo,TOPO Atmos 2 Aqua / Mint Dame,,topo-w091,ok
https://loplabbet.no/topo-specter-3-white-teal-dame-w102,topo,TOPO SPECTER 3 White / Teal Dame,,topo-w102,ok
https://loplabbet.no/trainer-armour-big-toe-hole-preventer-svart-black-unisex-bth-b,trainer,"TRAINER ARMOUR Big Toe Hole Preventer, svart Black Unisex",,trainer-armour-bth-b,ok
https://loplabbet.no/trainer-armour-big-toe-hole-preventer-hvit-white-unisex-bth-w,trainer,"TRAINER ARMOUR Big Toe Hole Preventer, hvit White Unisex",,trainer-armour-bth-w,ok
https://loplabbet.no/trainer-armour-heel-hole-preventer-svart-black-unisex-hh-b,trainer,"TRAINER ARMOUR Heel Hole Preventer, svart Black Unisex",,trainer-armour-hh-b,ok
https://loplabbet.no/trainer-armour-heel-hole-preventer-hvit-white-unisex-hh-w,trainer,"TRAINER ARMOUR Heel Hole Preventer, hvit White Unisex",,trainer-armour-hh-w,ok
https://loplabbet.no/tsl-trail-c4-magnetic-cork-cross-goyaveyellow-herre-ts9004,tsl,TSL Trail C4 Magnetic Cork Cross Goyave/Yellow Herre,,tsl-ts9004,ok
https://loplabbet.no/tsl-trail-c4-magnetic-cork-cross-sky-sky-dame-ts9008,tsl,TSL Trail C4 Magnetic Cork Cross Sky Sky Dame,,tsl-ts9008,ok
https://loplabbet.no/uhlsport-spike-6mm-12pk-colourless-unisex-1007301010400,uhlsport,UHLSPORT Spike 6mm - 12pk colourless Unisex,,uhlsport-1007301010400,ok
https://loplabbet.no/uhlsport-spike-95mm-12pk-colourless-unisex-1007302010400,uhlsport,"UHLSPORT Spike 9,5mm - 12pk colourless Unisex",,uhlsport-1007302010400,ok
https://loplabbet.no/uhlsport-spike-12mm-12pk-colourless-unisex-1007303010400,uhlsport,UHLSPORT Spike 12mm - 12pk colourless Unisex,,uhlsport-1007303010400,ok
https://loplabbet.no/uhlsport-needle-spike-6mm-12pk-colourless-unisex-1007317010400,uhlsport,UHLSPORT Needle-Spike 6mm - 12pk colourless Unisex,,uhlsport-1007317010400,ok
https://loplabbet.no/uhlsport-uhlsport-nalpigger-unisex-107317,uhlsport,UHLSPORT Uhlsport Nålpigger Unisex,,uhlsport-107317,ok
https://loplabbet.no/uhlsport-stalpigger-6-mm-unisex-107318,uhlsport,UHLSPORT Stålpigger 6 mm Unisex,,uhlsport-107318,ok
https://loplabbet.no/uhlsport-stalpigger-12-mm-unisex-107319,uhlsport,UHLSPORT Stålpigger 12 mm Unisex,,uhlsport-107319,ok
https://loplabbet.no/uhlsport-stalpigger-15-mm-unisex-107320,uhlsport,UHLSPORT Stålpigger 15 mm Unisex,,uhlsport-107320,ok
https://loplabbet.no/uhlsport-stalpigger-95-mm-unisex-107321,uhlsport,"UHLSPORT Stålpigger 9,5 mm Unisex",,uhlsport-107321,ok
https://loplabbet.no/ultimate-direction-mountain-vest-5-dusdusk-unisex-u80457420,ultimate,ULTIMATE DIRECTION Mountain Vest 5 DUS/Dusk Unisex,,ultimate-direction-u80457420,ok
https://loplabbet.no/ultimate-direction-race-vest-50-clcloud-unisex-u80457520,ultimate,ULTIMATE DIRECTION Race Vest 5.0 CL/Cloud Unisex,,ultimate-direction-u80457520,ok
https://loplabbet.no/ultimate-direction-race-vesta-5-clcloud-dame-u80459820,ultimate,ULTIMATE DIRECTION Race Vesta 5 CL/Cloud Dame,,ultimate-direction-u80459820,ok
https://loplabbet.no/ultimate-direction-mountain-vesta-5-dusdusk-dame-u80469420,ultimate,ULTIMATE DIRECTION Mountain Vesta 5 DUS/Dusk Dame,,ultimate-direction-u80469420,ok
https://loplabbet.no/ultimate-direction-drikkevest-ultra-vesta-ice-blue-dame-ul0007,ultimate,ULTIMATE DIRECTION Drikkevest Ultra Vesta Ice Blue Dame,,ultimate-ul0007,ok
https://loplabbet.no/ultimate-direction-drikkevest-ultra-vesta-onyx-dame-ul0007,ultimate,ULTIMATE DIRECTION Drikkevest Ultra Vesta Onyx Dame,,ultimate-ul0007,ok
https://loplabbet.no/ultimate-direction-drikkevest-ultra-vest-onyx-herre-ul0008,ultimate,ULTIMATE DIRECTION Drikkevest Ultra Vest Onyx Herre,,ultimate-ul0008,ok
https://loplabbet.no/ultimate-direction-drikkevest-ultra-vest-ud-blue-herre-ul0008,ultimate,ULTIMATE DIRECTION Drikkevest Ultra Vest UD Blue Herre,,ultimate-ul0008,ok
https://loplabbet.no/ultimate-direction-drikkevest-racer-vesta-ice-blue-dame-ul0009,ultimate,ULTIMATE DIRECTION Drikkevest Racer Vesta Ice Blue Dame,,ultimate-ul0009,ok
https://loplabbet.no/ultimate-direction-drikkevest-racer-vesta-onyx-dame-ul0009,ultimate,ULTIMATE DIRECTION Drikkevest Racer Vesta Onyx Dame,,ultimate-ul0009,ok
https://loplabbet.no/ultimate-direction-drikkevest-race-vest-60-onyx-herre-ul0010,ultimate,ULTIMATE DIRECTION Drikkevest Race Vest 6.0 Onyx Herre,,ultimate-ul0010,ok
https://loplabbet.no/ultimate-direction-drikkevest-race-vest-60-ud-blue-herre-ul0010,ultimate,ULTIMATE DIRECTION Drikkevest Race Vest 6.0 UD Blue Herre,,ultimate-ul0010,ok
https://loplabbet.no/ultimate-direction-drikkesekk-fastpack-20-black-unisex-ul0017,ultimate,ULTIMATE DIRECTION Drikkesekk Fastpack 20 Black Unisex,,ultimate-ul0017,ok
https://loplabbet.no/ultimate-direction-ultra-lopejakke-sea-blue-dame-ul0044,ultimate,ULTIMATE DIRECTION Ultra løpejakke Sea Blue Dame,,ultimate-ul0044,ok
https://loplabbet.no/ultimate-direction-ultra-lopejakke-navy-blue-herre-ul0046,ultimate,ULTIMATE DIRECTION Ultra løpejakke Navy Blue Herre,,ultimate-ul0046,ok
https://loplabbet.no/ultimate-direction-drikkevest-xodus-vest-onyx-herre-ul0131,ultimate,ULTIMATE DIRECTION Drikkevest Xodus Vest Onyx Herre,,ultimate-ul0131,ok
https://loplabbet.no/ultimate-direction-drikkevest-xodus-vesta-onyx-dame-ul0132,ultimate,ULTIMATE DIRECTION Drikkevest Xodus Vesta Onyx Dame,,ultimate-ul0132,ok
https://loplabbet.no/ultimate-direction-drikkevest-race-vest-6-onyx-unisex-ul80457525,ultimate,ULTIMATE DIRECTION Drikkevest Race Vest 6 Onyx Unisex,,ultimate-ul80457525,ok
https://loplabbet.no/ultimate-direction-drikkevest-race-vest-6-white-unisex-ul80457525,ultimate,ULTIMATE DIRECTION Drikkevest Race Vest 6 White Unisex,,ultimate-ul80457525,ok
https://loplabbet.no/ultimate-direction-drikkevest-ultra-vest-12-onyx-unisex-ul80458235,ultimate,ULTIMATE DIRECTION Drikkevest Ultra Vest 12 Onyx Unisex,,ultimate-ul80458235,ok
https://loplabbet.no/ultimate-direction-drikkevest-ultra-vest-12-white-unisex-ul80458235,ultimate,ULTIMATE DIRECTION Drikkevest Ultra Vest 12 White Unisex,,ultimate-ul80458235,ok
https://loplabbet.no/ultimate-direction-quiver-stavpose-onyx-unisex-ul80459925onx,ultimate,ULTIMATE DIRECTION Quiver Stavpose Onyx Unisex,,ultimate-ul80459925onx,ok
https://loplabbet.no/vaga-feather-bucket-hat-pastel-blue-black-unisex-buckethat,v,VÅGA FEATHER BUCKET HAT PASTEL BLUE / BLACK Unisex,,v-ga-buckethat,ok
https://loplabbet.no/vaga-feather-bucket-hat-storm-black-unisex-buckethat,v,VÅGA FEATHER BUCKET HAT STORM BLACK Unisex,,v-ga-buckethat,ok
https://loplabbet.no/vaga-feather-bucket-hat-whitemist-grey-unisex-buckethat,v,VÅGA Feather Bucket Hat WHITE/MIST GREY Unisex,,v-ga-buckethat,ok
https://loplabbet.no/vaga-feather-bucket-hat-whitepink-unisex-buckethat,v,VÅGA Feather Bucket Hat WHITE/PINK Unisex,,v-ga-buckethat,ok
https://loplabbet.no/vaga-club-cap-bluemint-unisex-clubcap,vaga,VÅGA CLUB CAP BLUE/MINT Unisex,,vaga-clubcap,ok
https://loplabbet.no/vaga-club-cap-bluebird-unisex-clubcap,vaga,VÅGA CLUB CAP Bluebird Unisex,,vaga-clubcap,ok
https://loplabbet.no/vaga-club-cap-brightblue-racinggreen-brightyellow-unisex-clubcap,v,VÅGA CLUB CAP BrightBlue-RacingGreen-BrightYellow Unisex,,v-ga-clubcap,ok
https://loplabbet.no/vaga-club-cap-dark-teal-teal-unisex-clubcap,v,VÅGA CLUB CAP Dark Teal / Teal Unisex,,v-ga-clubcap,ok
https://loplabbet.no/vaga-club-cap-greenblack-unisex-clubcap,vaga,VÅGA CLUB CAP GREEN/BLACK Unisex,,vaga-clubcap,ok
https://loplabbet.no/vaga-club-cap-lightgrey-teal-plum-unisex-clubcap,v,VÅGA CLUB CAP LightGrey-Teal-Plum Unisex,,v-ga-clubcap,ok
https://loplabbet.no/vaga-club-cap-mint-neon-yellow-unisex-clubcap,v,VÅGA CLUB CAP Mint / Neon Yellow Unisex,,v-ga-clubcap,ok
https://loplabbet.no/vaga-club-cap-neon-coral-slate-blue-unisex-clubcap,v,VÅGA CLUB CAP Neon Coral / Slate Blue Unisex,,v-ga-clubcap,ok
https://loplabbet.no/vaga-club-cap-pastel-blue-aqua-mist-blue-ink-blue-unisex-clubcap,v,VÅGA CLUB CAP PASTEL BLUE / AQUA / MIST BLUE / INK BLUE Unisex,,v-ga-clubcap,ok
https://loplabbet.no/vaga-club-cap-red-poster-pink-peach-unisex-clubcap,v,VÅGA CLUB CAP RED / POSTER PINK / PEACH Unisex,,v-ga-clubcap,ok
https://loplabbet.no/vaga-club-cap-slate-blue-mint-unisex-clubcap,v,VÅGA CLUB CAP Slate Blue / Mint Unisex,,v-ga-clubcap,ok
https://loplabbet.no/vaga-club-cap-storm-black-unisex-clubcap,vaga,VÅGA CLUB CAP Storm Black Unisex,,vaga-clubcap,ok
https://loplabbet.no/vaga-club-cap-sundown-unisex-clubcap,vaga,VÅGA CLUB CAP SUNDOWN Unisex,,vaga-clubcap,ok
https://loplabbet.no/vaga-club-cap-whitegreen-unisex-clubcap,vaga,VÅGA CLUB CAP WHITE/GREEN Unisex,,vaga-clubcap,ok
https://loplabbet.no/vaga-vaerbestandig-fell-cap-black-unisex-fellcapwr,v,VÅGA Værbestandig Fell Cap BLACK Unisex,,v-ga-fellcap-wr,ok
https://loplabbet.no/vaga-vaerbestandig-fell-cap-dark-teal-unisex-fellcapwr,v,VÅGA Værbestandig Fell Cap Dark Teal Unisex,,v-ga-fellcap-wr,ok
https://loplabbet.no/vaga-vaerbestandig-fell-cap-greenblacknavy-unisex-fellcapwr,v,VÅGA Værbestandig Fell Cap GREEN/BLACK/NAVY Unisex,,v-ga-fellcap-wr,ok
https://loplabbet.no/vaga-vaerbestandig-fell-cap-neon-orangenavy-unisex-fellcapwr,v,VÅGA Værbestandig Fell Cap NEON ORANGE/NAVY Unisex,,v-ga-fellcap-wr,ok
https://loplabbet.no/vaga-club-headband-aluminium-grey-ink-blue-white-unisex-headband,v,VÅGA CLUB HEADBAND ALUMINIUM GREY / INK BLUE / WHITE Unisex,,v-ga-headband,ok
https://loplabbet.no/vaga-club-headband-aqua-pastel-blue-white-unisex-headband,v,VÅGA CLUB HEADBAND AQUA / PASTEL BLUE / WHITE Unisex,,v-ga-headband,ok
https://loplabbet.no/vaga-club-headband-blackdark-moss-unisex-headband,v,VÅGA Club Headband BLACK/DARK MOSS Unisex,,v-ga-headband,ok
https://loplabbet.no/vaga-club-headband-blackneon-orange-unisex-headband,v,VÅGA Club Headband BLACK/NEON ORANGE Unisex,,v-ga-headband,ok
https://loplabbet.no/vaga-club-headband-navyblack-unisex-headband,v,VÅGA Club Headband NAVY/BLACK Unisex,,v-ga-headband,ok
https://loplabbet.no/vaga-night-club-cap-black-grey-unisex-night-clubcap,v,VÅGA NIGHT CLUB CAP Black-Grey Unisex,,v-ga-night-clubcap,ok
https://loplabbet.no/vaga-pacer-cap-burnt-yellow-taupe-unisex-pacercap,v,VÅGA PACER CAP BURNT YELLOW / TAUPE Unisex,,v-ga-pacercap,ok
https://loplabbet.no/vaga-pacer-cap-dust-bliue-light-grey-unisex-pacercap,v,VÅGA PACER CAP DUST BLIUE / LIGHT GREY Unisex,,v-ga-pacercap,ok
https://loplabbet.no/vaga-pacer-cap-flame-red-coral-dust-grey-unisex-pacercap,v,VÅGA PACER CAP Flame Red / Coral / Dust Grey Unisex,,v-ga-pacercap,ok
https://loplabbet.no/vaga-pacer-cap-lilac-dust-grey-smoke-grey-unisex-pacercap,v,VÅGA PACER CAP Lilac / Dust Grey / Smoke Grey Unisex,,v-ga-pacercap,ok
https://loplabbet.no/vaga-pacer-cap-navy-blue-utlity-green-taupe-unisex-pacercap,v,VÅGA PACER CAP NAVY BLUE / UTLITY GREEN / TAUPE Unisex,,v-ga-pacercap,ok
https://loplabbet.no/vaga-pacer-cap-postal-blue-dust-grey-navy-unisex-pacercap,v,VÅGA PACER CAP Postal Blue / Dust Grey / Navy Unisex,,v-ga-pacercap,ok
https://loplabbet.no/vaga-pacer-cap-storm-black-unisex-pacercap,v,VÅGA PACER CAP Storm Black Unisex,,v-ga-pacercap,ok
https://loplabbet.no/vaga-feather-racing-cap-aluminium-grey-black-unisex-racingcap,v,VÅGA FEATHER RACING CAP ALUMINIUM GREY / BLACK Unisex,,v-ga-racingcap,ok
https://loplabbet.no/vaga-feather-racing-cap-neon-blue-black-unisex-racingcap,v,VÅGA FEATHER RACING CAP NEON BLUE / BLACK Unisex,,v-ga-racingcap,ok
https://loplabbet.no/vaga-feather-racing-cap-peach-navy-blue-unisex-racingcap,v,VÅGA FEATHER RACING CAP PEACH / NAVY BLUE Unisex,,v-ga-racingcap,ok
https://loplabbet.no/vaga-feather-racing-cap-storm-black-unisex-racingcap,vaga,VÅGA FEATHER RACING CAP Storm Black Unisex,,vaga-racingcap,ok
https://loplabbet.no/vaga-feather-racing-cap-taupe-unisex-racingcap,v,VÅGA FEATHER RACING CAP Taupe Unisex,,v-ga-racingcap,ok
https://loplabbet.no/vaga-feather-racing-cap-white-unisex-racingcap,v,VÅGA FEATHER RACING CAP White Unisex,,v-ga-racingcap,ok
https://loplabbet.no/vaga-feather-racing-cap-whitemist-grey-unisex-racingcap,vaga,VÅGA FEATHER RACING CAP WHITE/MIST GREY Unisex,,vaga-racingcap,ok
https://loplabbet.no/vaga-feather-racing-cap-whitepink-unisex-racingcap,vaga,VÅGA FEATHER RACING CAP WHITE/PINK Unisex,,vaga-racingcap,ok
https://loplabbet.no/vaga-wind-resistant-feather-racing-cap-greyblack-unisex-racingcapws,vaga,VÅGA WIND RESISTANT FEATHER RACING CAP GREY/BLACK Unisex,,vaga-racingcapws,ok
https://loplabbet.no/vaga-wind-resistant-feather-racing-cap-navylight-grey-unisex-racingcapws,vaga,VÅGA WIND RESISTANT FEATHER RACING CAP NAVY/LIGHT GREY Unisex,,vaga-racingcapws,ok
https://loplabbet.no/vaga-wind-resistant-feather-racing-cap-neon-yellowblack-unisex-racingcapws,v,VÅGA WIND RESISTANT FEATHER RACING CAP NEON YELLOW/BLACK Unisex,,v-ga-racingcap-ws,ok
https://loplabbet.no/vj-lightspeed-2-hvit-gronn-unisex-4031,vj,VJ Lightspeed 2 Hvit / Grønn Unisex,,vj-4031,ok
https://loplabbet.no/vj-fuzion-tempo-gra-rod-unisex-4034,vj,VJ Fuzion Tempo Grå / Rød Unisex,,vj-4034,ok
https://loplabbet.no/vj-irock-3-sort-rod-unisex-71-004,vj,VJ Irock 3 SORT / RØD Unisex,,vj-71-004,ok
https://loplabbet.no/vj-xtrm-rod-gronn-sort-unisex-71-021,vj,VJ XTRM RØD / GRØNN / SORT Unisex,,vj-71-021,ok
https://loplabbet.no/vj-xtrm-2-rod-unisex-71-022,vj,VJ XTRM 2 RØD Unisex,,vj-71-022,ok
https://loplabbet.no/vj-maxx-sort-lime-unisex-71-031,vj,VJ MAXx SORT / LIME Unisex,,vj-71-031,ok
https://loplabbet.no/vj-spark-orange-unisex-71-051,vj,VJ Spark Orange Unisex,,vj-71-051,ok
https://loplabbet.no/vj-ultra-gronn-unisex-71-061,vj,VJ Ultra Grønn Unisex,,vj-71-061,ok
https://loplabbet.no/vj-sarva-dvil-4-sortrod-unisex-71-253,vj,VJ Sarva D`vil 4 Sort/Rød Unisex,,vj-71-253,ok
https://loplabbet.no/vj-sarva-xante-sortgra-herre-71-300m,vj,VJ Sarva Xante Sort/Grå Herre,,vj-71-300m,ok
https://loplabbet.no/vj-sarva-xante-sortgra-dame-71-300w,vj,VJ Sarva Xante Sort/Grå Dame,,vj-71-300w,ok
https://loplabbet.no/vj-sarva-icehero-gulsorthvit-herre-vj-201m,vj,VJ Sarva Icehero Gul/Sort/hvit Herre,,vj-vj-201m,ok
https://loplabbet.no/vj-sarva-icehero-lillahvit-dame-vj-201w,vj,VJ Sarva Icehero Lilla/Hvit Dame,,vj-vj-201w,ok
https://loplabbet.no/vj-sarva-ace-bla-herre-vj-204m,vj,VJ Sarva Ace Blå Herre,,vj-vj-204m,ok
https://loplabbet.no/vj-sarva-ace-rod-turkis-dame-vj-204w,vj,VJ Sarva Ace Rød / Turkis Dame,,vj-vj-204w,ok
https://loplabbet.no/vj-xter-black-unisex-vj-205,vj,VJ XTER Black Unisex,,vj-vj-205,ok
https://loplabbet.no/vj-vj-xter-grey-unisex-vj-205,vj,VJ XTER Grey Unisex,,vj-vj-205,ok
https://loplabbet.no/vj-sarva-icehero-2-sort-herre-vj-206m,vj,VJ SARVA ICEHERO 2 Sort Herre,,vj-vj-206m,ok
https://loplabbet.no/vj-sarva-icehero-2-lilla-dame-vj-206w,vj,VJ SARVA ICEHERO 2 Lilla Dame,,vj-vj-206w,ok
https://loplabbet.no/vj-sarva-xante-2-sorthvitorange-herre-vj-222m,vj,VJ Sarva Xante 2 Sort/Hvit/Orange Herre,,vj-vj-222m,ok
https://loplabbet.no/vj-sarva-xante-2-sortgronn-dame-vj-222w,vj,VJ Sarva Xante 2 Sort/Grønn Dame,,vj-vj-222w,ok
https://loplabbet.no/vj-sarva-devil-5-sortgrahvit-unisex-vj-255u,vj,VJ Sarva Devil 5 Sort / grå / hvit Unisex,,vj-vj-255u,ok
https://loplabbet.no/vj-ultra-2-gronn-unisex-vj-700,vj,VJ Ultra 2 Grønn Unisex,,vj-vj-700,ok
https://loplabbet.no/vj-vj-maxx-2-sort-gul-hvit-unisex-vj-701,vj,VJ MAXx 2 SORT / GUL / HVIT Unisex,,vj-vj-701,ok
https://loplabbet.no/vj-vj-irock-4-sort-rod-unisex-vj-702,vj,VJ VJ Irock 4 SORT / RØD Unisex,,vj-vj-702,ok
https://loplabbet.no/vj-lightspeed-gronn-rod-hvit-unisex-vj-703,vj,VJ Lightspeed GRØNN / RØD / HVIT Unisex,,vj-vj-703,ok
https://loplabbet.no/vj-vj-irock-balsam-gronn-unisex-vj-704,vj,VJ VJ Irock + Balsam / Grønn Unisex,,vj-vj-704,ok
https://loplabbet.no/vj-ultra-3-blue-unisex-vj-705,vj,VJ Ultra 3 Blue Unisex,,vj-vj-705,ok
https://loplabbet.no/vj-ultra-3-lime-unisex-vj-705,vj,VJ Ultra 3 Lime Unisex,,vj-vj-705,ok
https://loplabbet.no/vj-ultra-3-mork-blarod-unisex-vj-705,vj,VJ Ultra 3 Mørk blå/Rød Unisex,,vj-vj-705,ok
https://loplabbet.no/wrightsock-ultra-thin-quarter-sock-0180white-unisex-185,wrightsock,WRIGHTSOCK Ultra Thin Quarter Sock hvit 0180/White Unisex,,wrightsock-185,ok
https://loplabbet.no/wrightsock-ultra-thin-quarter-sock-0380black-unisex-185,wrightsock,WRIGHTSOCK Ultra Thin Quarter Sock svart 0380/Black Unisex,,wrightsock-185,ok
https://loplabbet.no/wrightsock-double-layer-coolmesh-ii-quarter-0301black-unisex-805,wrightsock,WRIGHTSOCK Double Layer Coolmesh II Quarter 0301/Black Unisex,,wrightsock-805,ok
https://loplabbet.no/wrightsock-double-layer-coolmesh-ii-quarter-05lt-grey-unisex-805,wrightsock,WRIGHTSOCK Double Layer Coolmesh II Quarter 05/Lt. Grey Unisex,,wrightsock-805,ok
https://loplabbet.no/wrightsock-double-layer-coolmesh-ii-quarter-180white-unisex-805,wrightsock,WRIGHTSOCK Double Layer Coolmesh II Quarter 180/White Unisex,,wrightsock-805,ok
https://loplabbet.no/wrightsock-coolmesh-ii-crew-black-unisex-806,wrightsock,WRIGHTSOCK Coolmesh II Crew Black Unisex,,wrightsock-806,ok
https://loplabbet.no/wrightsock-double-layer-merino-coolmesh-ii-crew-301greyblack-unisex-8761,wrightsock,WRIGHTSOCK Double Layer Merino Coolmesh II Crew 301/Grey/Black Unisex,,wrightsock-8761,ok
https://loplabbet.no/wrightsock-double-layer-coolmesh-ii-eco-run-tab-1701greyblue-unisex-893,wrightsock,WRIGHTSOCK Double Layer Coolmesh II Eco Run Tab 1701/Grey/Blue Unisex,,wrightsock-893,ok
https://loplabbet.no/oystein-lie-lop-unisex-107404,oystein,ØYSTEIN LIE Løp Unisex,,oystein-107404,ok
https://loplabbet.no/zeeme-320-lumen-led-headlamp-unisex,zeeme,ZEEME 320 Lumen Led Headlamp Unisex,,,ok
https://loplabbet.no/zeeme-led-arm-band-bla-unisex-evp041,zeeme,ZEEME LED Arm Band Blå Unisex,,zeeme-evp041,ok
https://loplabbet.no/zeeme-led-arm-band-gronn-unisex-evp041,zeeme,ZEEME LED Arm Band Grønn Unisex,,zeeme-evp041,ok
https://loplabbet.no/zeeme-the-eye-catcher-led-vest-unisex-zeye,zeeme,ZEEME The Eye Catcher LED Vest Unisex,,zeeme-zeye,ok
https://loplabbet.no/zefal-refleksband-med-borrelas-sortrefleks-unisex-102,zefal,ZEFAL Refleksbånd med borrelås Sort/refleks Unisex,,zefal-102,ok
https://loplabbet.no/zen-products-z-roller-lite-blackorange-unisex-601,zen,ZEN PRODUCTS Z-Roller Lite Black/Orange Unisex,,zen-601,ok
https://loplabbet.no/zen-products-z-roller-pro-black-carbonivory-white-unisex-803,zen,ZEN PRODUCTS Z-Roller Pro Black Carbon/Ivory white Unisex,,zen-803,ok
