url,brand,name,sizes,image_article,status
,Barebells,Barebells Soft Protein bar 55g,,01kav1r76sm0pn27wmmhaccdv6,ok
,LMNTS,LMNTS boxer - Herre,,01h6zxbctg4xar1eba803rbbzz,ok
,STAUT,Staut Protein Bite 35 gr,,01j34v26cnn1532231prqhjfpq,ok
,LMNTS,Sira regnponcho,,01h6zxbddhbwzdb3hkj9787kex,ok
,STAUT,Kreatin monohydrat 250 gr,,01h6zxbmdmxr17zv5m04b2f195,ok
,Northug,"Råskinn Fersken 0,5 L",,01jdskanehw7cmxkz5kfgr5css,ok
,Endurance,Mallorca 3-Pack Sock Low Cut,,01h6zxbe1gd84azjtn220nyaqs,ok
,Nocco,Nocco 330ml,,01h6zxbm03t6ekdnnsjr6r05mc,ok
,Sway,Sway hipster - Dame,,01h6zxbe1zgjfgkx58c1h71svy,ok
,Northug,"Råskinn Tropisk 0,5 L",,01jdsjw07rd5y67b06tt0dygp9,ok
,Sway,Rur badesko (22-35),,01h6zxbg102nsjhvbg7gns1try,ok
,Endurance,Avery Quarter sock 3-pack,,01h6zxbec45bpy1n49ssjxfg9m,ok
,STAUT,100% Whey - Sjokolade,,01h6zxbmcsm0jmc9ka2ky2n5ek,ok
,Lars Monsen,Monsens Havregrøt,,01h6zxbm0aw3vdnm0m3rvdr09y,ok
,Graffiti,Lecce Kids Clog Sandal size 24-35,,01k9s3j62yvfxkh0m6k9dmphds,ok
,Endurance,George West Women bra,,01h6zxbe1hpqnvy10gkvysb7eg,ok
,Endurance,Hoope 3-Pack Sock,,01h6zxbe1gd84azjtn220nyaqt,ok
,STAUT,100% Whey - Vanilje,,01h6zxbmcsm0jmc9ka2ky2n5ej,ok
,Wellibites,Wellibites Sukkerfritt godteri,,01km2f78ecj1damhzdw1gxepjk,ok
,Heldre,Nordfjord shorts - Dame,,01hbtfmtwm82fwj9v8jkerx73z,ok
,Missing Link,Lucca sweat pants  - Man,,01k5rgcfh1e2b9h4gg932gvkq2,ok
,Lars Monsen,Monsens Bolognese,,01h6zxbm0aw3vdnm0m3rvdr0a1,ok
,Sway,Rur badesko (36-41),,01h6zxbg102nsjhvbg7gns1ts0,ok
,Ezinne,Yola Motivasjonflaske 1L,,01k7h0fha0dkpdfcb0cj33f4dk,ok
,Missing Link,Comfort (35-41),,01k4pqyyq0223hz45j5kxqvcec,ok
,Lars Monsen,Monsens Jegergryte,,01h6zxbm0aw3vdnm0m3rvdr09z,ok
,Vikafjell,Happy Camper luftmadrass,,01hj0h9y2gmdxt3dntqys08ams,ok
,Kappa,Logo Lablo 36-47,,01k54aqkewqdvt3qv1vx04ffxx,ok
,Tørst Energidrikk,Tørst Energidrikk 250ml,,01h6zxbm00jvnc9hkgy59p46mz,ok
,Vikafjell,Godøysund t-skjorte - Herre,,01h6zxbk7rx36jvr9p14sdnr8b,ok
,Northug,Skage tee - Man,,01k0c5hw8hs0ch2jk8aa3771a1,ok
,Lars Monsen,Monsens Mac & Cheese,,01h6zxbmdb4syg2b6dc66j7e78,ok
,Northug,Lund low cut socks (2par) 39-46,,01k367ht02jpygdbcsz4r93zh2,ok
,Ezinne,Akure low cut socks (2par) 35-40,,01k33c1278bjee7j62vbqywa16,ok
,Lars Monsen,Monsens Carbonara,,01h6zxbm0aw3vdnm0m3rvdr0a5,ok
,Endurance,Alcudia Run Sock Quarter 2-Pack,,01h6zxbec7t3hhhhmsey2ptc95,ok
,Endurance,Vencent V3 M SS Performance Tee,,01jfa6yb6ggamxnpw7kkt9fv1w,ok
,Vikafjell,Lyderhorn tursokk (2 par) 39-46,,01h6zxbk89sg85mtda1j8w614c,ok
,Vikafjell,Selhamar zip-off turbukse - Barn,,01k3r51q0a9yzf6hnetp29aah5,ok
,Heldre,Geilo turbukse - Dame,,01h6zxbe1tghknyznyqyafgbpw,ok
,Vikafjell,Ulriken turshorts - Herre,,01h6zxbddcpz5b49x40qb7cy4t,ok
,Endurance,Vizuv V3 W SS Performance Tee,,01jfa2keh055e0bpkyh9scvk7s,ok
,North Pro,William tee,,01h6zxbn4ywjr8tqze204dyfgp,ok
,Vikafjell,Jondal turskjørt,,01h6zxbk7k5ede4f52wzkq6kd7,ok
,Graffiti,Samang støvel size 22-35,,01h6zxbk6ydwcjhn1f4e97sw3z,ok
,Kari Traa,Kari  3-pack sock,,01h6zxbmsf9831bvw7fv53m52b,ok
,Svindland,Ølpølse,,01h6zxbmdq3atrmjehxdpve40h,ok
,North Pro,Vincent tee,,01h6zxbn4ywjr8tqze204dyfgq,ok
,Vikafjell,Godøysund t-skjorte - Dame,,01h6zxbk7rx36jvr9p14sdnr8c,ok
,Heldre,Geilo turshorts - Dame,,01h6zxbed76cwzgbbk6xfdjdsq,ok
,Bula,3pk Classic Low Cut Socks,,01k4yrv101rh4ye03pdv9rn553,ok
,Vikafjell,Haugsvarden t-skjorte - Herre,,01h7z0k0r3px48hsc79qsyc6jm,ok
,Sway,Simon løpebelte,,01h6zxbhdnmbjkff6wbdv3h710,ok
,STAUT,100% Whey - Jordbær,,01h6zxbm1817ax1ea4q9ktcb1d,ok
,Vikafjell,Manhattan vindjakke - Dame,,01h6zxbctg4xar1eba803rbc01,ok
,Dogman,Dogman Tyggepinner 30pk,,01k5txbs01x654xbvckhwqbr9q,ok
,Diverse,Solbriller med Cap,,01km5759kh3ceb3nr4af3garne,ok
,Statewear,New York Baseball cap,,01h6zxbh25fsfy28t2sp49zb66,ok
,Svindland,Rødvinspølse,,01h6zxbmdq3atrmjehxdpve40g,ok
,Heldre,Geilo turbukse - Herre,,01h6zxbe1tghknyznyqyafgbpy,ok
,Adelholzner,Active O2,,01hv105v04jhe5f4k02h868d5b,ok
,Kinetic,NorskeSilden 60g,,01j73nremhf2pybwy2j4997hvv,ok
,Kinetic,NorskeSilden 40g,,01j73nh500jvxbks66wgcd6c4k,ok
,Vikafjell,Skåla ull t-skjorte - Herre,,01h81aq45mhxex4b7r87dnf5mc,ok
,Staal,Grillpinne Teleskop,,01jcdm2pmkwm91mv54zg7sbq4h,ok
,Kinetic,TigerSilden 60g,,01j73myp55at2sjdy959qtk5wk,ok
,Kinetic,Gloppen 12g,,01j6ybbk1wqzwje3mcn9bh5c62,ok
,Monster Energy,Monster Juiced Bad Apple 500ml,,01jqp5k3dham6pfwtvk61ys51w,ok
,Vikafjell,Ulriken turshorts - Dame,,01h6zxbddcpz5b49x40qb7cy4v,ok
,Heldre,Fykse Sommerull t-skjorte - Dame,,01h6zxbj46rekadztgr0kdbkq9,ok
,Heldre,Nordfjord shorts - Herre,,01hbtf9ycxe4bkmajgbqvm34kv,ok
,Vikafjell,Ulven fleecejakke - Herre,,01h6zxbddkehqfnk1d55chtrrr,ok
,Endurance,Vernonson V2 M SS Performance Tee,,01hv1tqwmkvg9xn72xv1aw7frb,ok
,Vikafjell,Lyderhorn tursokk (2 par) 35-42,,01h6zxbgpft6v266r5p2ya6m7s,ok
,Kinetic,TigerSilden 40g,,01j73mhhqxdxacttkr4vwbjp1r,ok
,Sway,Rur badesko (42-47),,01h6zxbg102nsjhvbg7gns1trz,ok
,Svindland,Chili snacks spekepølse,,01h6zxbmdq3atrmjehxdpve40j,ok
,Vikafjell,Haugsvarden t-skjorte - Dame,,01h7z25mz0tphetbtchj5bp2ga,ok
,Cirrus,Martino M Melange Tee,,01k8b3zxjsj591m1ktzr778dms,ok
,Missing Link,Lucca sweat pants - Women,,01k5rj2r0qmxzga8vsf6zrgqjr,ok
,Sway,Everyday T-skjorte Dame,,01h6zxbdqd07p6tmedvzyw47sd,ok
,Sway,London løpesokk 2pk Uni,,01h6zxbk85h3k6r4vjz37cxjd2,ok
,Kappa,Logo Lablo Kid 28-35,,01k54bdjgsz9eaz9f8s35wtc5z,ok
,Ox,Treningsstrikk 3-pakning,,01h6zxbecnm4zdepe3b6vvxbsp,ok
,Re:Do,RE:DO 60g,,01k56rzbtwtgtcf345h71y9bfp,ok
,Vikafjell,Skåla ull t-skjorte - Dame,,01h81bb21sdpa01c7kze54d0zt,ok
,Kari Traa,Thale tee,,01k4yy5z6h0h8f3xnp1pmt0zj7,ok
,Vikafjell,Ulven fleecejakke - Dame,,01h6zxbddkehqfnk1d55chtrrp,ok
,Ergobio,Ergoroller 36-41,,01h6zxbk72tht663pqz9j4pa5s,ok
,GUPPY,Moppy Headband kids,,01h6zxbn4wnk0qnxmqf7bej96n,ok
,Bula,3pk Classic Tennis Socks,,01k4yrdd9b3n77ken2vrk1pqsg,ok
,Kinetic,Gloppen 9g,,01j6yb189fh96090wnrappdb4z,ok
,Heldre,Fykse Sommerull t-skjorte - Herre,,01h6zxbj46rekadztgr0kdbkqa,ok
,Vossatassar,VT 5pk Sure Socks,,01h6zxbjw1ae7f1z6yyc3n8jg6,ok
,Vikafjell,Brettbart sittunderlag,,01k5rksvt895fjr30tdp8hpctz,ok
,Move Mountains,Weller II 30-39,,01j7xemkdr6w3zds014vng29cv,ok
,Endurance,Halenas W Seamless Tee,,01h6zxbjgvjj2tf1f5x8r84zsy,ok
,Vikafjell,Varde regnjakke - Herre,,01h6zxbe1tghknyznyqyafgbq2,ok
,Vikafjell,Heiane PU regnsett barn,,01j2bkhgakphkmggyspbgmevwq,ok
,Vikafjell,Ulriken turbukse - Herre,,01h6zxbe277q8fkffwk47r1mfb,ok
,Vikafjell,Bygevær 22-35,,01k4pv6yresjfewgcgva9k922f,ok
,Heldre,Lillesand cord shorts - Dame,,01k4sp64sa068y53rdcgks6y4p,ok
,Vikafjell,Nuten Caps,,01jbbvj3t4qevbqg59rndgf2g1,ok
,Cruz,Eyemouth M Basic Shorts V2,,01hwmz66f2ebqwwgnd28enthby,ok
,Kinetic,Glomma 10g,,01j6yaa8dkvxkp17wcym8hgjc5,ok
,Sway,Everyday T-skjorte,,01h6zxbdqd07p6tmedvzyw47se,ok
,Ezinne,Akure training tee W,,01k47f8wh53c2jdaa870f1eqkn,ok
,Endurance,Hogan W Shorts,,01k8afasdxjfdjdsxpfwdhcam5,ok
,Vikafjell,Tørstig drikkeflaske,,01h6zxbd3y0cg4qn9d5fzfct4d,ok
,Heldre,Geilo turshorts - Herre,,01h6zxbed76cwzgbbk6xfdjdsr,ok
,Kinetic,NorskeSilden 25g,,01j73n75a3xjpd8yb0fsex5xas,ok
,Statewear,State Baseball Cap ex band,,01h6zxbhrhw8t63g4m3sxggtzp,ok
,Staal,Såto Turkopp,,01h6zxbh0rb18k37nwfrerg68t,ok
,Ezinne,Yola short tights W,,01k5rd1d559tp1zx0kesn43tt7,ok
,Lars Monsen,Foldbart sitteunderlag,,01k5rmar49gyp7xknt7cqxd68k,ok
,Vikafjell,Varde regnjakke - Dame,,01h6zxbe1tghknyznyqyafgbq1,ok
,Missing Link,Comfort (40-47),,01k4prtqdbk79sqkpdcng9vne0,ok
,Endurance,Limko W S/S Tee,,01h6zxbjgt469hbn4cn7bd47v6,ok
,Kinetic,KINETIC SNAPHVIRVEL #8-10-12 24PCS,,01k5v4cvdfchbcnr1rg71wf3ps,ok
,Endurance,Medear W Pants,,01h6zxbjwenkns07526vgx64sf,ok
,Kinetic,Minisilden 40g,,01j6ykkh7w2bwwpvkq2etx6cc4,ok
,Lars Monsen,Mistra Oppladbar pumpe,,01k7h5zwf9y35c1rd8b9wp604e,ok
,Kinetic,Minisilden 60g,,01j6ym3xn1t96wrsw7127ckhg7,ok
,Endurance,Adriella W Shoe size 36-42,,01hnfx8r9a4teq956qwehjfxxt,ok
,Vikafjell,Rena vanntett tørrbag 12L,,01jd9n2yjfhcfkcsz5tvy8gps1,ok
,Vikafjell,Manhattan vindjakke - Herre,,01h6zxbctg4xar1eba803rbc02,ok
,Missing Link,Comfort (30-35),,01k4pqq7fhnj256enq8k4g0cv0,ok
,North Pro,Nora top,,01k310f7638ywgrg20vad25cng,ok
,Staal,Staal 3-sesongs gass 230g,,01jk5bwqr16g4rs38cw4pnp3jf,ok
,Vikafjell,Varde regnjakke - Junior,,01h6zxbe1tghknyznyqyafgbq3,ok
,Vikafjell,Grimstad Barneflaske,,01h6zxbh1c8vjg86exr3ggkve9,ok
,Staal,Staal 3-sesongs gass 450g,,01jk5c622ev4qfk8kytdq1pm09,ok
,Vikafjell,Ulriken turbukse - Dame,,01h6zxbe277q8fkffwk47r1mf9,ok
,Staal,Staal Turbestikk,,01h6zxbgp3nb73zzw6hjdby4s3,ok
,Storm,All in One Fast Dry 500ml,,01h6zxbmcsm0jmc9ka2ky2n5ea,ok
,Endurance,Medeara W Shorts,,01h6zxbm0zjgzz61rdnpht7s2q,ok
,Ergobio,Basepoint 36-41,,01hcwb7q6g4q5jxgjnzc2qyx75,ok
,Endurance,Adrianon Uni Shoe size 41-47,,01hnhvers6m78h8yzg02754hwy,ok
,Heldre,Geilo capri - Dame,,01h6zxbe1tghknyznyqyafgbpv,ok
,Vikafjell,Varde regnjakke - Barn,,01h6zxbe1tghknyznyqyafgbq4,ok
,Move Mountains,Forto Sandal 22-32,,01h8gn1qv7s90gk8gqmz5rqpzn,ok
,Vikafjell,Ulling (2 par),,01h6zxbdqaj8vg2cbwnjjkfymj,ok
,Ulvang,Rav Spesial Sock,,01kfjjj9991ghyg87hv0p0htha,ok
,Vikafjell,Storebotn 41-46,,01k09fmm8xpyf5jab3kc7fbvb2,ok
,Heldre,Geilo turbukse - Barn,,01h6zxbdpw9r3vyvp1xmgx6fdk,ok
,Ergobio,Ergoroller 41-46,,01h6zxbk73xnysyh6c29f3bdrw,ok
,Lars Monsen,Vidda Xtrem mygg- & flåttspray,,01h6zxbmdydqd2re8z3d59m4a7,ok
,Bula,Frame T-Shirt,,01jjy72jrn77cs9nscdpw4k60n,ok
,North Pro,North Pro Norge sokk,,01h6zxbmt2zkjf06t2fq1fj1zd,ok
,Vikafjell,Selhamar turshorts - Barn,,01k3r5hct9bx2ce28srzd9v3m1,ok
,Vikafjell,Stakken ryggsekk 25L,,01hj0ghbesjatzpjfv5d5v91hq,ok
,Svindland,Nduja Spekepølse,,01kmmphsn8sp2zz45h7088mfft,ok
,SPORT OUTLET,Sammenleggbar paraply,,01h6zxbed76cwzgbbk6xfdjdsn,ok
,Kinetic,Gloppen 5g,,01j6yakrhmk8wbqvxt7t6wxnrd,ok
,Vikafjell,Spor bomullst-skjorte - Barn,,01k3r5w5sfv5vfxswy9txxcaw1,ok
,Vikafjell,Vikafjell Kråka Turkopp,,01h6zxbjvdcmg9j1nhp31d1za1,ok
,Sway,Roda sandal (40-47),,01h6zxbmtn5ax7n4avapbq7868,ok
,Vikafjell,Brekke PU Regnsett Jr,,01hz4asyq105j4ybk51hx4a97b,ok
,DO2,Luz Ardiden Half Finger Gloves,,01k7rkqpf5rvad2vcrkn9w2z8a,ok
,Graffiti,Arsizio Kids Closed Sandal W/Lights size 24-32,,01k9px8zeg7hz08stxy1bhq6cd,ok
,Cirrus,Turpan M Swim Shorts,,01k9c3swp6z6t5mn90gchg3qv1,ok
,Kinetic,Glomma 6g,,01j6y744et9w54smgehcyt0y19,ok
,Graffiti,Rupene Kids Shoe W/lights (24-35),,01h6zxbmst348yvb1rtdgqeqn9,ok
,Vertical,Kodiakon M Outdoor Pant,,01h6zxbm0ys2xs1zbjc8t0t9rk,ok
,Ezinne,Yola soft tee W,,01jrw89j15rnp6f8ykzce1hm4p,ok
,Sway,TH19 Fotballsokk 2pk.,,01h6zxbgctzs8wt3k0z6ge3z4r,ok
,Vertical,Teterlee W Printed S/S T-shirt,,01k9s6jbpe250rmp1jdg0qh0c8,ok
,Kinetic,Pasvik 18g,,01j6y43vvqvv4f0zhma05rh4xn,ok
,Heldre,Nordfjord Shorts Jr,,01j304bva1mznc2e6b1qb5vgre,ok
,Staal,"Ustetind Drikkeflaske 0,7L",,01h6zxbg102nsjhvbg7gns1ts7,ok
,Endurance,Visuelt V2 W SS Performance Tee,,01htq1hgzba15zn4byn46c4rdn,ok
,Lars Monsen,Vidda Naturlig mygg- & flåttspray,,01h6zxbmdydqd2re8z3d59m4a8,ok
,Endurance,Hogan W Tee,,01k8ahy659r1q2fkh06jjpqq2r,ok
,Sway,Roda sandal (35-41),,01h6zxbmsjbvkjbsw7m7z8qcbv,ok
,Endurance,Ardee sports bottle,,01h6zxbe1hpqnvy10gkvysb7ea,ok
,Endurance,Timmiama W Shorts,,01k8ajdhzde8geyf1v9x1vx3d5,ok
,STAUT,Proteinvafler - 480 gram,,01j0qvqy8z9xf2rmx1xnej8z5b,ok
,Tiny Trolls of Norway,Trollvenn bomull t-skjorte,,01k5rhfq7za1hrfxqspxjsqnfg,ok
,Rawnice,Snackii - Tørket mango og blandede nøtter 80 g,,01khk5qerwb2pssdqkrah4f6wz,ok
,Kinetic,Lærdal 11g,,01j6yjvxyv6b7f0zeccvj2y08z,ok
,Sway,Flo 36-41,,01j962c9ekx4feerb3pzv0x8gw,ok
,Vikafjell,Storebotn 36-41,,01k09f01sf2xnndnanj7ywfgpk,ok
,Staal,"Furuset 0,8L",,01jenmmfdn6vks6qhcve19ax8y,ok
,Endurance,Timmiama W S/S Tee,,01k8ajsks8tnks3n4b0ywhmrw1,ok
,Endurance,Darme Quarter Tactel Performance Socks 2-Pack,,01h6zxbmd6m22ymewy1q8764c6,ok
,Lars Monsen,Monsens Tomatsuppe,,01h6zxbm0aw3vdnm0m3rvdr0a0,ok
,Vikafjell,Haugsvarden t-skjorte - Junior,,01h7z581dgnvxqczj1xzk4v4y5,ok
,DO2,Luz Ardiden 2pk Crew Socks,,01k7phm42w4y27j4fzej62ka98,ok
,Ergobio,Basepoint 41-46,,01hcwbmbfz65ynrb26f8yzwnq2,ok
,BSc,BSc Mellow Bar Banana,,01jy1ghfcnqg2516c0z5ty3xtn,ok
,Vikafjell,Ulriken capribukse - Dame,,01h6zxbe277q8fkffwk47r1mfd,ok
,Kinetic,"Jølster 11,5g",,01j6ygng777vsta8bj73j1z014,ok
,Vikafjell,Tour sovepose - Senior,,01h6zxbk8a2dj6gv6z2t8ytgew,ok
,Kinetic,Pasvik 12g,,01j6y3rcbpmfvt9z5rbhere221,ok
,Kinetic,"Jølster 8,5g",,01j6ygbkr82emfh52cp6n0sr22,ok
,Vikafjell,Stad turbestikk,,01k7h4xc63kgabkqfhve1zbkv8,ok
,Endurance,Xenor M Basic Tee,,01htpz11n174xrx4c8wvk0q0s7,ok
,Kinetic,Lærdal 7g,,01j6yjdycczap80fnvye2kem5h,ok
,Heldre,Geilo capri - Herre,,01h6zxbe1tghknyznyqyafgbpt,ok
,Vikafjell,Liune 39-46,,01j964stsmqed528c37zyhje4s,ok
,Kari Traa,Livia Shorts,,01j8q4yyvrvt7nq2n841gyxvty,ok
,Endurance,Kros M 2-in-1 Shorts,,01jeqyyxd01n523b7rkkbfz3m5,ok
,Pawfect,Treningsgodbiter med lam og gulrot,,01kebz750ptch13a2x3d2yweas,ok
,Kinetic,TigerSilden 25g,,01j73m3qrtkwtwv6rdtq834fb8,ok
,Kinetic,Minisilden 25g,,01j6ykdbg9kteyf53qwb6av3r9,ok
,Vikafjell,Brekke PU Regnsett,,01j2bjcfctbgb7z4jq2fmqj3t0,ok
,GUPPY,Flory SS Top,,01j539vxf00mgmmtz3a7ze09h9,ok
,Kinetic,TigerSilden 18g,,01j73kxry191gb2sq9s30bhaj3,ok
,Northug,Holmenkollen drikkeflaske,,01je5wspvrjsv36bvrgyh5yvzd,ok
,Lars Monsen,Vandring Lakenpose Rektangulær,,01k5rtfxv5vg47g0v30pma5jf9,ok
,Maren,Marens minibiter av storfe,,01kcpbdkpevjktdq2k42djw0b1,ok
,Kari Traa,Louise Fleece,,01h6zxbmsf9831bvw7fv53m52a,ok
,Endurance,Regier W Loose Fit Top,,01h6zxbjgt469hbn4cn7bd47v7,ok
,Kinetic,"Jølster 6,5g",,01j6yfzefte8qwm4k1xtb75h2t,ok
,Northug,Trail Pace 41-46 WP,,01k38jcyds7dfagg7ktdty1dje,ok
,Vikafjell,Selhamar  turbukse Jr,,01k3r1xb4n0j66rrqsyaf3x4m2,ok
,Kinetic,Minisilden 18g,,01j6yk64zk1sq24gm2t04v6k3z,ok
,Endurance,Halenis W Seamless Midlayer,,01h6zxbjgvjj2tf1f5x8r84zsx,ok
,Endurance,Doner M Performance Vented Cap,,01jfcgpcmfq2apqxexsy43esyq,ok
,Vikafjell,"Haukåsen 0,4 L",,01h6zxbmsn6884hx7rwqjhxsaq,ok
,Vikafjell,Ulven fleecesett - Barn,,01h6zxbdqrrj99pcebh7rz7k8x,ok
,Sway,Run Mobilbelte,,01h6zxbh1bkcfy5xzwpby2mbrg,ok
,Kinetic,"Stryn 11,5g",,01j6yfan6mky8haj33qexbms59,ok
,Vertical,Teterlee M Printed S-S T-Shirt,,01k9s5cb8w36wjb3hvj3r6ae3v,ok
,North Pro,Anina ss tee,,01j66x5g01dgmk46w3m5n712gz,ok
,Northug,PacingMyself tee - Man,,01k3r0p1za5h0rakaqg98xt3z0,ok
,Vikafjell,Varde regnbukse - Dame,,01h6zxbe1vf9paysvjwh4h9yk9,ok
,Kinetic,"Stryn 8,5g",,01j6yeyjkhddtc2cyb1cjbg4ay,ok
,Statewear,NY Youth cap,,01h6zxbjw5knve12zdykzfqvv2,ok
,STAUT,"Staut Water Jug 2,2 l",,01k7gzf0f7cr4zq84ztkvb42jj,ok
,Vikafjell,Voss ullstrømpe (2 par) 41-46,,01h6zxbdptrs4af6w4da86v58b,ok
,Lars Monsen,Bergen belte,,01h6zxbm19kgr205w2x5pqreq4,ok
,Vertical,Arlina W AWG Jacket W-PRO 15000,,01k2q1b85tzagsvtc8hx4nemgj,ok
,Endurance,Halen W seamless Top,,01h6zxbmt9bwfk21vprrhhp39n,ok
,Endurance,Nani W L/S Tee,,01htpr1fnrvy98x9hab03x3zmh,ok
,Missing Link,Drip WP 30-38,,01k0977htv8rntvqz8h0mhvwnb,ok
,North Pro,Alma SS Tee,,01k30z4s8mjcn27h3nmhdp8rg9,ok
,Endurance,Hogan W Top,,01k8ahn3esq14x3jfac11f6zht,ok
,Vikafjell,Oppblåsbar reisepute,,01h6zxbm09bb7ncb8z02jf4aej,ok
,Endurance,Daiwona V2 Sun Screen,,01k9c9wnn9636ckcn0dzgt0td2,ok
,Heldre,Sognavola 3-lags poncho,,01jwtqxa87091c5m9g2dtfc2gt,ok
,Vertical,Deltong M Checked Shirt,,01jby48ybeg29cjr5z7epp38hj,ok
,Missing Link,Step Lite (42-47),,01k4pqbk31c6qnzq5aanbzhe6t,ok
,Kinetic,Pasvik 24g,,01j6y4ey1g78tb0d54ak4s23qy,ok
,Lars Monsen,Tysfjord turshorts - Herre,,01k4sns74v2nsshdvbbgja380z,ok
,mamba,Mamba Kreatin Gummies Sitron 60 stk,,01kc6gfyhsg572w9wn7sez37sr,ok
,Rezo,Ice Pack,,01hkw1m1141mpkhyv5qnfvwact,ok
,Vikafjell,Berget R3 Liggeunderlag,,01jfhm9q4r5zmkj9xxmsj8v77t,ok
,Rezo,"Cotton Sports Tape - 3,8cmx9,1m",,01h6zxbmt9bwfk21vprrhhp39j,ok
,Kinetic,"Stryn 6,5g",,01j6yej8mk30hrmkxjdgggb8g1,ok
,SPORT OUTLET,Skur Paraply,,01h6zxbebjrf5n1sd9e4antk2g,ok
,Northug,Toblach 2 in 1 shorts - Man,,01k47dm95dgs4h7em1zgvwvpc9,ok
,SPORT OUTLET,Aus paraply,,01h6zxbk8cers91w41cpc26hn2,ok
,Move Mountains,Katko Kids 22-27,,01h6zxbm0nw4f6hjw1gn079f4d,ok
,Sway,Flo 40-45,,01j961g90w1gbrm236r3ke6ar4,ok
,Vikafjell,Lyshorn hoftesekk,,01h6zxbg102nsjhvbg7gns1ts1,ok
,Heldre,Shapp 36-41,,01j6vgpzbhh05f4c4e6mw0tcft,ok
,North Pro,Louisa linen pant,,01h6zxbn4ywjr8tqze204dyfgm,ok
,Kinetic,Pasvik 42g,,01j6y52xjwvw0kkca7j4cs2sxw,ok
,Vikafjell,Varde regnbukse - Herre,,01h6zxbe1tghknyznyqyafgbq5,ok
,Rezo,PVC Volleyball,,01h6zxbmdt51zvjhbecyyvyha2,ok
,Vikafjell,Kuppel Camp 4,,01h6zxbc4249fsnh3ytbb466cr,ok
,Vertical,Rayleana W Rubber Boot,,01h6zxbmd8cann191edtah8nrk,ok
,Vikafjell,Ulven 1/2-Zip - Herre,,01h6zxbddkehqfnk1d55chtrrn,ok
,Kinetic,Gaular 12g,,01j6yhav2xq50gfzdyeapg98gb,ok
,Bula,Chuck Shorts,,01k4ys53b21826gcbrh91gfht0,ok
,Vikafjell,Brekke Pu regnponcho,,01jwqyvg6djxka1d9y1txd36b5,ok
,Endurance,Boron Low Cut Sock 3-pack,,01h6zxbj49nm06n9ren87t417p,ok
,North Pro,Haylie shorts,,01h6zxbn4xtawwne6j6wjpxmyw,ok
,Graffiti,Bolowa Kids Rubber Boot Size 24-31,,01jjc68g6zej4ykpwhf0dtnzwd,ok
,Endurance,Step Well W EVA Clog size 36-42,,01k9pw06rgsqcb97cvkba19mnb,ok
,Endurance,Kros M Shorts,,01jf9ydjtx76s8c7txwf9x00hh,ok
,Endurance,Gacin W SS Tee,,01je69try5jgy72bqsakjvs5ca,ok
,Graffiti,Campo Kids Shoe Size 28-35,,01jjcbbs4ywznrfrbavzhrebq9,ok
,Staal,"Civic termokopp 0,25L",,01hhy5nf8e6rca0q6h29fyffr0,ok
,Vikafjell,Havsgård tarp,,01h6zxbjfqjp4kjjpjsqbcj399,ok
,Heldre,Trollskaret jakke dame,,01j30dzsz4ekryv2hwdtr8kqvb,ok
,Endurance,Lokeren M S/S Tee,,01j2k3t36vzg2v6e2b62n12kv8,ok
,BSc,BSc Mellow Bar Strawberry,,01jy1gd15s22yh82683hfzbe02,ok
,Kinetic,Little Viking Fun Fishing Net,,01h6zxbmsbnrw8eyja9q9f0xjh,ok
,Ox,OX Butterfly Yoga Mat,,01h6zxbk73xnysyh6c29f3bdrs,ok
,LMNTS,LMNTS Boxer boy 2pk,,01h6zxbe25cgb5baqjkjk9ac4b,ok
,Endurance,Dipatan V2 Jr. Unisex S/S Tee,,01htpxv8jct031g73mabk1zztq,ok
,North Pro,Ava tee Jr,,01h6zxbn4xtawwne6j6wjpxmyk,ok
,Vikafjell,Tour sovepose - Junior,,01h6zxbk8a2dj6gv6z2t8ytgev,ok
,Heldre,Glomnes turbukse - Herre,,01hr9nemfm0xg08gexgb52ecxy,ok
,Lars Monsen,Sunndalsfjella Turkopp,,01k7h1nwpakz4vm17tnkks1f6h,ok
,Vikafjell,Varde regnbukse - Junior,,01h6zxbe1vf9paysvjwh4h9yka,ok
,Missing Link,DayRun 41-46,,01k30sbx18snb6q7x0knsymz4n,ok
,Lars Monsen,Vidda Myggnett,,01k9crr08716vq9ychmn8ctssb,ok
,Vertical,Arloner M AWG Jacket W-PRO 15000,,01k2q0mx43zj0r69ym26kmj1ek,ok
,Cirrus,Maicon Bucket Hat,,01k9c892r7w7t3v4g9wqr2938h,ok
,Daniel Franck,Alpha 2L Cape,,01h6zxbmt3ft44te434rp2b0wf,ok
,Kinetic,"Filetkniv 4""",,01j7bax3t20fb0j25hqsj7sdfa,ok
,Endurance,Maloney W Seamless Shorts Tights,,01je6ct757js5vfvxw7tvnqjst,ok
,North Pro,Orlando tee Jr,,01j67ak2zgsdmejzgf4j5jvztr,ok
,Graffiti,Taum Q-lock Kids Shoe WP Size 28-35,,01jz7k4kpseed0yt2yv0rfnytd,ok
,Endurance,Kalisi W 2-in-1 Shorts,,01h6zxbjwenkns07526vgx64sb,ok
,Heldre,Rosse 30-35,,01j6vk5800fch779j6wqtgz8rp,ok
,Missing Link,Step Lite (36-41),,01k4ppz7kbb2nm2n2qfxjycacd,ok
,Vikafjell,Odda skalljakke - Dame,,01h6zxbmskensyqt1d7a51a1z7,ok
,Bula,Bula Frame 2pk boxer,,01hra194fesv32a313t43g142n,ok
,Ox,Frisbeegolfsett - 3 pk.,,01h6zxbm0fsxmngqk640v36tk5,ok
,Kinetic,Pasvik 34g,,01j6y4syvfdz98r2zz33e6pkzx,ok
,ASG,3-pak Mini Sportsball,,01kr0qyghgspkg7ymweka1y4ha,ok
,Ezinne,Imo running vest,,01k6a7jx1chyns2bh6pchefbd1,ok
,North Pro,Louisa Linen Shorts,,01k31433hyta48b6dc1xve06cp,ok
,DO2,Ventoux Kodelås,,01katzyd8kx882rdtxmmz62vgv,ok
,Ox,OX Exercise band,,01h6zxbjfjahgzrra080dwrqxn,ok
,Staal,Stormkjøkken med gassbrenner,,01h6zxbj42n30qxgb6mqs5rpmr,ok
,Kari Traa,Livia Pant,,01j8q2dwe3n5hj0efgjsgn709c,ok
,Vikafjell,Rena vanntett tørrbag 3L,,01jd9kheswmkvdkayrte4bp9e9,ok
,Endurance,Fortlian Unisex Shoe size 36-46,,01h6zxbjwpztdw6vkpbt43a2my,ok
,Lars Monsen,Hårteigen 1L drikkeflaske,,01h6zxbmsr3wfch2skv04azrd4,ok
,Northug,Pace running vest L-XL,,01jdpk1zb164wb8sm16551djh1,ok
,Heldre,Lillesand cord shorts - Herre,,01k4sqkhb300yts345fp6jnpyc,ok
,Vikafjell,Hallingdal ankelsokk 2pk,,01h6zxbm0manmxxkvkvyg5xx8b,ok
,Lars Monsen,Tysfjord turbukse - Herre,,01k4sghg59a669bsb9w483aesc,ok
,Lars Monsen,Sunndalsfjella Tennstål,,01k7h6qb00667aecn0pa48x91y,ok
,Vikafjell,Odda skalljakke - Herre,,01h6zxbmskensyqt1d7a51a1z6,ok
,North Pro,California tee Jr,,01h6zxbn4xtawwne6j6wjpxmyq,ok
,Northug,Vancouver 2 in 1  running shorts - Man,,01k47dzhh6b1cmqcp35k4ydjc9,ok
,Vikafjell,Lia tursett silikon,,01h6zxbk88jck14nncs0wsspx5,ok
,Heldre,Fagerli 90L,,01h6zxbm0s0ps6t9qdjzb9q6nf,ok
,Heldre,Geilo turbukse - Junior,,01h6zxbk7zg6whs8cz5gnes1en,ok
,LMNTS,Vedderheia 4,,01hhkt5z0rha6tkf6h4xx9t1f3,ok
,Tiny Trolls of Norway,Trollpytt 20-27,,01k08zkey4vqay034cvb22z06f,ok
,Lars Monsen,Monsens kvernet kalkun 400g,,01kmg1qnn29a0teb6b85gat3wy,ok
,DO2,Piccolino Kodelås,,01katzpn1mh7t35h3bct4f8p30,ok
,Umbro,Furio Shorts Jr,,01h6zxbe25cgb5baqjkjk9ac43,ok
,Staal,Staal 3-sesongs gass 100g,,01jk5bdmfpqmm88q723jxehtw5,ok
,North Pro,Phil linen jogger,,01h6zxbn4ywjr8tqze204dyfgw,ok
,Ox,Neoprene dumbbell 2kg,,01h6zxbecp8g705fjswzr1gx52,ok
,Heldre,Geilo turshorts - Junior,,01h6zxbk7zg6whs8cz5gnes1ep,ok
,DO2,Piccolino Sykkelhjelm,,01kb2rr4pdtdt34kh7g59fcvjr,ok
,Yikun,Disc Golf II 3 stk.,,01jq46t1j1y2ksqfqe5h5w31km,ok
,Åsnes,Åsnes Tech Pique,,01j8sdyqxs2e1ww126zb4z0cxg,ok
,Maren,Marens minibiter av kylling,,01kcpamswkhbrn9j43m147k46z,ok
,Vikafjell,Solheia Shorts,,01h6zxbk7ybjkx0sm3qb1w9qgs,ok
,Vikafjell,Sogni 30-36,,01k2y96vae8cxh1ea10k0qg19f,ok
,Northug,UP 30 Elite 4.0 (41-46),,01k4s2zqqb5sptvsj74yrxz454,ok
,DO2,Dolomiti Sykkelhjelm,,01kb2nvsmq3j110yxa1ekk28cx,ok
,Kinetic,Naustdal 18g,,01j6ycxctmctky09w3acxeam1g,ok
,Endurance,Timmiama W Sweat Pants,,01h6zxbkzn6a3jd78pj4hqxah3,ok
,GUPPY,Fico SS Tee kids,,01h6zxbn4wnk0qnxmqf7bej96c,ok
,Kinetic,KINETIC SNAPHVIRVEL #4-2-1 24PCS,,01k5v4nsx0y5n3a99q89m0r3sc,ok
,Northug,Sunsetter JR,,01je62mxz7f09ctp27sdzh17va,ok
,Arena,Arena Fundamentals Logo Boxer R,,01k7f6smv9jfgz3hsn1srybnpa,ok
,Vikafjell,Jondra 41-46,,01k30qgttb5wnvp0q39rnpms2s,ok
,Endurance,Henri M Sleeveless Tee,,01jr09nhjrhrgtxchajtqamhzq,ok
,Northug,Northug Sportsdrikk kiwi/lime 480g,,01jm26ng4j25d2d159ra1xhxvx,ok
,Sway,TH19 Fotballsokker 2 pk. jr,,01h6zxbj4xyb7784rnb26jwvvy,ok
,Ox,Neoprene dumbbell 3kg,,01h6zxbecp8g705fjswzr1gx53,ok
,LMNTS,Hyper-Dry Towel 60x120 cm,,01h6zxbdcs2erapwmhsmqpa0pv,ok
,North Pro,Louisa Linen tie shirt,,01k316dhjt97zh53t455xn91b3,ok
,Vikafjell,Haugsvarden T-Skjorte Barn,,01h7z6141ypv6zq88cp719tf62,ok
,North Pro,Phil linen shorts,,01k339swm2e8czbxmp1537yddf,ok
,Heldre,Glomnes turshorts,,01j2xr5rap89x0v1znnn6qp7c0,ok
,Pawfect,Treningsgodbiter med kylling og solbær,,01kebyv3h15k2z9z7e9dszy0e0,ok
,Lars Monsen,Gutulia 41-46,,01k2y1cb4rcdp5zy8d2bg6h568,ok
,ASG,Dartboard,,01jrsfhnarwr335mbf81ahe2aj,ok
,Move Mountains,KAKHO II fritidssko 28-36,,01h6zxbhryryk6jkbn4t2gmesj,ok
,Heldre,Lyngpollen 36-41,,01jj7k59ck6qw889ed0z497d8f,ok
,Move Mountains,Tonso III 20-26,,01j7xc08c26r8afhxat6e9r79e,ok
,Northug,UP 30 4.0 (41-46),,01k4s34amtvfbgm8s5ekxph79a,ok
,Vikafjell,Ravneheia tallrikslåda,,01hhy6f0k4vr730xf82rqzb003,ok
,Kinetic,NorskeSilden 25g 5pcs,,01j73p0kdf5vej29v4rw23r8jb,ok
,Ezinne,UP 30 4.0 (36-41),,01k4s2tbw7ytcq72aeehhn9bt4,ok
,Northug,Engadin running tee - Man,,01k47cz3p0vp1d6cj2t2cm9evz,ok
,Cruz,Highmoree M SS Tee,,01h6zxbm0w2cwc46x1r1bj34ht,ok
,Vikafjell,Kote bomullst-skjorte - Herre,,01k5dspggb016ag1e2wxxgmke0,ok
,Heldre,Heldre Speiderkniv,,01h6zxbk88jck14nncs0wsspwv,ok
,Vertical,Kodiakaka W Outdoor Pants,,01h6zxbm0ys2xs1zbjc8t0t9rj,ok
,Lars Monsen,Yukon skjorte - Herre,,01h6zxbm19kgr205w2x5pqreq0,ok
,Kinetic,NorskeSilden 40g 5pcs,,01j73p4wkcp3jj3segd1crd43b,ok
,Vikafjell,Odda Multi vanntett turbukse - Herre,,01h6zxbebsk76hywrf83crmwt0,ok
,Missing Link,Ease (35-41),,01k4ps2zrycc128k52k5bgtn8n,ok
,Vikafjell,"Småtur termos 0,35 L",,01k7h1d045knk1v4fd4fmp20mm,ok
,Endurance,Qisoun M Outdoor Shoe WP,,01h6zxbmss9y3fcz00ypqrejav,ok
,Vikafjell,"Småtur termos 0,5 L",,01h6zxbctf6rt4c5ybykvx1nkg,ok
,Endurance,Ankero M 2 in 1 Shorts,,01h6zxbm102b9r0khfyre8vgj7,ok
,Cirrus,Kumul M Thin Striped Swim Shorts,,01k9c4cp37dcgnvpyy01s6nzcr,ok
,North Pro,Phil shorts,,01h6zxbn4ywjr8tqze204dyfgs,ok
,Graffiti,May sneakers (28-39),,01h6zxbj4rg2qh0exjb0r4kxj2,ok
,Lars Monsen,Bjørneklo Caps,,01jkan61v6cgmz8qasfcsxdq34,ok
,Papa lou,Papa Lou joggebukse - Herre,,01h6zxbdp87nyjp6aj9tewfgxv,ok
,Ox,Neoprene dumbbell 4kg,,01h6zxbecp8g705fjswzr1gx54,ok
,Sway,Microsekk 12L Backpack,,01h6zxbddd1dqn7npy3cn0fz7c,ok
,Northug,Northug Sportsdrikk appelsin 480g,,01jm27071y7rtqq4vyr8ms0tq3,ok
,Staal,Motivasjonsflaske 1L,,01jcddb359bebdmfbn8eq3mta0,ok
,Endurance,Jerren M 2-in-1 Shorts,,01k8ag46qb2mns2z1twmakfdd0,ok
,Jilong,Animal Swim Ring,,01kq7545wczzn7yme9yrhbnp7e,ok
,Vikafjell,Heiane PU regnvott barn,,01j2bq2rtkfw69mevmmhx5e4fa,ok
,Heldre,Vira 28-35,,01k2y626d245qvtxh3hsgttken,ok
,Endurance,Ankeron M Shorts,,01h6zxbkkzbecsaecyqf0k6y56,ok
,Tiny Trolls of Norway,Alvesang caps,,01j6cktcdb5r52qpt4de1zkja1,ok
,Cruz,Hamille M S/S Tee,,01h6zxbjwj70te1kk9m7vdndgt,ok
,Vikafjell,Odda skalljakke - Junior,,01h6zxbmskensyqt1d7a51a1z5,ok
,Jilong,Swim Ring,,01kq7587jm3azxnmzt20tfywky,ok
,Vikafjell,Bretti liggeunderlag,,01h6zxbdd9jxw5phfdvz5cf6n3,ok
,Åsnes,Myrkdalen Cord Cap,,01jjkw5yvs9d6h4gmek1y5br1m,ok
,Jilong,Matte Panel Ball,,01kq7517w8bdqs6qgd3pr5zs90,ok
,Tiny Trolls of Norway,Barefoot 22-30,,01k2y7270sj8vn7nxfvw28bryb,ok
,mamba,Mamba Nutrition PWO 300 gr,,01h6zxbm13b5f9f9zqev5eksws,ok
,Yikun,Disc Golf Driver DA`E,,01hw2jzdakk6dxzn6y20k0gdfv,ok
,Vikafjell,Ulriken turshorts - Junior,,01h6zxbddcpz5b49x40qb7cy4w,ok
,Kinetic,Neiden Glitter 18g,,01j6y5cjxha48rcngpbcav8s9x,ok
,Sway,Teton sandal (40-47),,01h6zxbmsjbvkjbsw7m7z8qcbw,ok
,Kinetic,Tana Flash 18g,,01j6y66xy7kthchfdnyefhsfwf,ok
,Northug,Liberec Tec Shorts,,01jrw4pvtwrpmhcq4c9dj2ckc5,ok
,Ezinne,UP 30 Elite 4.0 (36-41),,01k4s2hq6dxjdx435g5z8147nm,ok
,Vikafjell,Bygevær  36-39,,01k4pwete4ardz7gqrxf2adm91,ok
,Graffiti,Entola Pre Walker Sandal Size 20-25,,01jjcamtk2rcjmt346116yx285,ok
,Endurance,Treck Trail M WP (41-46),,01h6zxbhcv76gh0tntka6yawqs,ok
,Ox,Løpebelte med 2 flasker,,01k9cc3f5h2mhfd5q5ce851xxk,ok
,Kinetic,Vibra Tele Spin 8' (12-40 gram),,01j7dt5qve5gyzkj1ta6cbp4y8,ok
,Vikafjell,Halsing Tynn Microfiber,,01h6zxbkmceg2ssccm2avdmvzq,ok
,Vikafjell,Rena vanntett tørrbag 8L,,01jd9mhv3zdrvj79pbknf05rwm,ok
,Vikafjell,Ulriken Zip-Off turbukse - Herre,,01h6zxbdpkdx9j53aw1d7xq0qb,ok
,Sway,Sola våtdrakt - Junior,,01h6zxbdparweacyh7sgnzygnf,ok
,Maren,Marens laksestrimler,,01kcpb3pq9g75k27g8m40hb9w3,ok
,DO2,Roubaix Sykkelhjelm,,01kb2rbcc854m5mvjcxdxr62sd,ok
,DO2,Luz Ardiden Short Sleeve,,01k7rht3z5xr0m6r6csed1qy0g,ok
,Lars Monsen,Monsens renskåret Storfe 400g,,01kmg3855qnyaae4whcz2w5h2w,ok
,Hike Sport,Gautefall turbukse - Dame,,01h6zxbj560sd3h5a7wbdp7e80,ok
,Endurance,Jarono M Melange Seamless S-S Tee,,01h6zxbm0zjgzz61rdnpht7s2j,ok
,Endurance,Peakom M S/S Tee,,01h6zxbkkzbecsaecyqf0k6y55,ok
,Cirrus,Utrerail M S/S Technical Polo,,01k9c6epb1gc8g4gentj38xk9g,ok
,Cruz,Calchasa W Cork Clog,,01h6zxbn4pjw4b0490g5d8mj3t,ok
,Endurance,Ivanny W Short Tights,,01k8ah2gapyc39387deeaf7fd7,ok
,Umbro,Furio Tech Tee Jr,,01h6zxbe24eeh15rx7q4ffznpb,ok
,Lars Monsen,Monsens kvernet svin 400g,,01kmg2q21jcgkprdxtknagynzp,ok
,Kinetic,Neiden Glitter 24g,,01j6y5jnpwsqrnqccyn2aerfw4,ok
,Rezo,8 Pump with tube,,01h6zxbmt9bwfk21vprrhhp39h,ok
,Kinetic,Neiden Glitter 42g,,01j6y5zzfntg6q17t9fvcdt3xv,ok
,Northug,Softflask 500ml w/straw,,01k6a8e52q3qqft3wctntpjht7,ok
,Bula,Bula Lost Cap,,01h6zxbhscwnbr6te3cc3yjbtb,ok
,Vikafjell,Ulriken capribukse - Herre,,01h6zxbe277q8fkffwk47r1mfe,ok
,ASG,Dart 3-pak,,01kr0r0knsszfhfnvxhvmwznfv,ok
,Heldre,Rosse 24-29,,01j6vj5vyv3kgxb826p13xr8hd,ok
,Vikafjell,Bjørgvin PU regnsett - Barn,,01k3376b17919fx6zk2sh3aja1,ok
,Kinetic,Neiden Glitter 34g,,01j6y5td7xk4yyzrdp8ght0cmf,ok
,Cirrus,Hotan Jr. Swim Shorts,,01k9c55agh7q0eabapvhye36s5,ok
,Heldre,Risør høy tennissokk 36-47,,01k33csss2zxzgf7j1zvagshce,ok
,Sway,Praja (30-35),,01hd120zd8j2qe7hb7qtrftqk2,ok
,Jilong,Roll-Up Arm Bands,,01kq74td0vrk53z2mry3r25pf9,ok
,Endurance,Hamton Recycled Performance Quarter Socks 2-Pack,,01h6zxbmd4nx7z25ze2b8f705h,ok
,DO2,Luz Ardiden BIB Shorts,,01k7pj9mp6gx84vpawe41w2bh8,ok
,Kinetic,Namsen 24g,,01j6ybnd1akye0zbsc211d7kth,ok
,Endurance,Laso M Sleeveless Tee,,01jmy97qbbj0y3naaf0ys5py8g,ok
,Bula,Chuck Cap Jr.,,01k4yqsns6pp7793c1v8qtjjkk,ok
,Pawfect,Treningsgodbiter med fisk og sjøgress,,01kebz2kej70z8rnavpswx888b,ok
,Endurance,Serzono M S/S Tee,,01h6zxbm102b9r0khfyre8vgja,ok
,Yikun,Disc Golf Driver WEl,,01hw2k53zfctkhfaqxx7n0zexq,ok
,Sway,Rafa fotballbukse - Senior,,01h6zxbjfqjp4kjjpjsqbcj397,ok
,Vertical,Teterlee M S-S T-Shirt,,01k9s50vh0gtmcb95maq081b5b,ok
,Ergobio,Wetrax WP 41-46,,01j7jf778y968cjxqgj17eszya,ok
,DO2,Roubaix sykkelpumpe,,01kc11aqzq3cbjc15cycvzg310,ok
,Ox,Digital hand grip,,01h6zxbkmm0fvkysvtmw0530tb,ok
,Kinetic,Naustdal 12g,,01j6yc3d8fvhfj3wtsgte2d19d,ok
,BSc,BSc Mellow Bar Salted Caramel,,01jy1gp37v71fcz40r35m4qg95,ok
,Ezinne,Akure running tee - Women,,01k47a42dzcv2eyj9qvh6cgzs9,ok
,Endurance,Thure M Training Pants,,01jfa24xep2kkbq3za8j5pw6ew,ok
,Vikafjell,Jondra 36-41,,01k30pyd2yv50gsga5zdsr7tne,ok
,North Pro,Phil linen shirt,,01k3194824vvr1942x7my8g02x,ok
,Vikafjell,Ulven fleecejakke - Junior,,01h6zxbddkehqfnk1d55chtrrq,ok
,Sway,Nemo Svømmebriller,,01h6zxbkk1qb9f5s6par784917,ok
,Endurance,Mallorca 3-Pack Sock Quarter,,01h6zxbj5phqr50jgdyqp9f3as,ok
,Vertical,Pangulon M Casual Shoe,,01h6zxbn4v84gf5825yjsdefhk,ok
,Endurance,Halene Jr. Seamless S/S Tee,,01h6zxbm0zjgzz61rdnpht7s2n,ok
,Vikafjell,Årmot Fritidsshorts Dame,,01j2xa82zqc07xx7j7vz5f1cjm,ok
,Lars Monsen,Monsen Favoritter Sluk 7-9g 5pcs,,01k7713p8vjvhbt894g3asqrep,ok
,Maren,"Topp! Slowfeeder, todelt",,01kd2nastxdd2tnrkpscyde2rq,ok
,Sway,Selma Badedrakt,,01h6zxbk8cers91w41cpc26hna,ok
,Endurance,Moovy W Short Tights,,01jmewqx5qm54ewgbwzqrk8b8q,ok
,Sway,Praja (24-29),,01hd11d6fmtm7jbv75px00g114,ok
,Kinetic,Namsen 38g,,01j6ybw21tbk3vgbndzdrym2bj,ok
,North Pro,Basic Tank Top W,,01jshcrwta4jw82vx307f856pc,ok
,Sway,Boble Svømmebriller,,01h6zxbkk09g4v9n6996vag1zt,ok
,Heldre,Termokopp uten hank 350ml,,01hh4amp1vjgghhjm2p3a3kqvy,ok
,ASG,Kubb,,01jrsfnbz9pnc2d82qnsxmdzhv,ok
,Ezinne,Taichi 7.0 Pro 36-41,,01k2ynq23dqwgvyytssbeskye9,ok
,Northug,Lahti Tec Tee,,01jrw461d7kasg8mh2fs29pwk9,ok
,Graffiti,Puc Waterproof Shoes (24-35),,01h6zxbjfcghgghfwewvphs8h0,ok
,Missing Link,DayRun 36-41,,01k30ryapd2mc2gt7tss10yrkt,ok
,Bula,Safe Socks 3pk,,01j8phqz5mnk020fsgycph8gex,ok
,Vikafjell,Rena vanntett tørrbag 5L,,01jd9m1gd1bj8f6e4xwmzrpq19,ok
,Heldre,Trollskaret jakke,,01j32a5a476gfthsp2119j99pp,ok
,Northug,Northug Sportsdrikk solbær/rips 480g,,01jm27a7mtkeq5f538n3yfrh61,ok
,DO2,Roubaix Drikkeflaske 700ml,,01katxnh2v1p6q4n2sgr3skdtm,ok
,Bula,3pk Socks Off!,,01j8pj7pjk305vb318spyhf3e4,ok
,Ergobio,Plyr 36-41,,01ha9v3ymym7x74vvg3hn4b2bv,ok
,Umbro,Furio Shorts,,01h6zxbe2hwc0vkprbe14mhw9h,ok
,GUPPY,Fico Sweat shorts kids,,01h6zxbn4wnk0qnxmqf7bej96d,ok
,Ox,Gym Chalk Liquid,,01jd9xhzxjc00ssfy5962rjw4z,ok
,Ergobio,Dalix 36-41,,01j4p87fc4x3wq25jw77gkt58x,ok
,Lars Monsen,Nordland t-skjorte m/ull - Herre,,01k3gr5b0cvjm5geee6p6hz3w4,ok
,Ergobio,Plyr 41-46,,01ha9vt2spn1de6ynhqv713hr1,ok
,Lars Monsen,Vandring Lakenpose Mummy,,01k5rtbs5fts4nts14jrb03h53,ok
,Heldre,Malia 36-41,,01j6emht73zvnrpeswc3pchc0a,ok
,Sway,Sway Madison (36-41),,01h6zxbhshbagpt4qef4b55wv0,ok
,Graffiti,Atlantica Outdoor Shorts,,01h6zxbmsbnrw8eyja9q9f0xja,ok
,Alien,Rimstigen,,01hthv0sfx9qgmx9v9gchx3eyc,ok
,Mitchi,Stanford joggebukse - Herre,,01hr474w8psk4wegd1vkdn9nkt,ok
,Endurance,Charleson M Technical Sweat Pants,,01jfcfhcvq99vzb3ave4xpkdem,ok
,Heldre,Termokopp med hank 400ml,,01hh4aqfd11t5bss5b1g6z84jj,ok
,Heldre,Lillesand cord skjørt,,01k4spkm0htqthrhg0x17h9af7,ok
,Vikafjell,Bakkanosi vandrestav,,01k71c3xh5qgkc3ksc9e2hnary,ok
,Kinetic,Tana Flash 34g,,01j6y6rbthngbqk4wdh8fbt7a1,ok
,Sway,Flo badeshorts - Herre,,01h6zxbk85h3k6r4vjz37cxjd6,ok
,Vikafjell,Ulriken Zip-Off turbukse - Dame,,01h6zxbdpj9e3tz88th925tc1z,ok
,Lars Monsen,Bitihorn Turskje,,01k7h0a2jtcfg32rv64x796560,ok
,SmellWell,SmellWell Luktfjerner Mix,,01h6zxbfbwc797k45a0n5bc28w,ok
,Vikafjell,Brekke PU Regnkåpe  - Dame,,01jyrrm06yermm3tfnzwgxpc2n,ok
,Sway,Teton sandal (35-41),,01jk5zz6h28vxxf2zqq4femyda,ok
,Bloom,Bloom Greens,,01kt9da5rt120vvd39etpzetcc,ok
,Tiny Trolls of Norway,Fantestreken 3pk sokker,,01j6ck1rns994bn2gwzbrch8wv,ok
,Endurance,Qisoua W Outdoor Shoe WP,,01h6zxbmss9y3fcz00ypqrejac,ok
,Vikafjell,"Skauen R 1,5 Liggeunderlag",,01jfhkwe9g9as4gtww2cq1j14f,ok
,Northug,Sunsetter,,01je62cvbtfmydjqhpknw9pe21,ok
,Lars Monsen,Monsens kvernet kylling 400g,,01kmg24zk3sn17gmp428063kw2,ok
,Ezinne,Akure running shorts W,,01k47amte3skasxgwt858hrza3,ok
,Lars Monsen,Reinheimen R2 Liggeunderlag,,01k5rn98d66sbs4d6q1ppv6xaj,ok
,Pawfect,Pawfect stålskål 1L,,01keva29pec6b9v8arbgef66pp,ok
,Kinetic,Multiverktøy,,01j7badgz3x9zrbgy7vqwj8qf4,ok
,Tiny Trolls of Norway,Crocco 22-27,,01j7xjga3bjp30twjmex0x5q40,ok
,Vikafjell,Odda skalljakke - Barn,,01hbdd5av95nh8ckt11b9x4mh8,ok
,Northug,Tempo light,,01jwt7edtv55afkznmw3wms1e5,ok
,Vikafjell,Grønndalen Shorts - Herre,,01j32cb13jz2x0zfvqxhx8een5,ok
,Graffiti,Falaricos Kids Shoe W/Lights,,01h6zxbn4ty3ry048qdy13c7yt,ok
,Missing Link,Zappy 22-27,,01k2y7mjs413fs3fjext5d7f9t,ok
,Endurance,Butchoy V2 M Melange Midlayer,,01jraap0wrsa9s95q94at9ckrf,ok
,Levi's,Levi`s Pool slipper 34-39,,01h9qbzc6vt78grm90ffsbe5dd,ok
,CMP,Mataar Low WP - Herre,,01h6zxbjwmraqyhspajg9ar0y6,ok
,Lars Monsen,Lodgen Skjorte - Herre,,01k3gg11pyxabhh0njgm6ph8m2,ok
,Vertical,Arloner Jr. AWG Jacket W-PRO 15000,,01k9etdvs8nc62bt0ypfj1t82e,ok
,Endurance,Lanakilano 60L Sports Bag,,01hkvxjpj9mpp567mse8e152bq,ok
,Kinetic,Lille Viking Go Fishing lurebox Ferskvannsfiske,,01h6zxbc5e1df276ry19s8p2pe,ok
,Endurance,Lacovia Sports Bottle,,01k9c8jyqa7xg4qrk7wrkpxj3t,ok
,Umbro,Furio TR Pant SR,,01h6zxbe24eeh15rx7q4ffznp5,ok
,Endurance,Muga V2 Unisex Cap,,01k9ca1wd6zgmdap6a3612655t,ok
,Åsnes,Myrkdalen T-Shirt Wmn,,01k4yrywyt1p4wg97ktgac74ms,ok
,Vikafjell,Bjørgvin PU bukse Jr,,01jyrr3ppyjnzcr2db1arkxygv,ok
,Vertical,Kodiakon M Outdoor Shorts,,01h6zxbn4rvdrm8hmhyg69esrq,ok
,Staal,Staal Teltlykt - 65 lumen,,01h6zxbgp3nb73zzw6hjdby4s2,ok
,Vertical,Kodiakon W Short,,01h6zxbn4rvdrm8hmhyg69esrr,ok
,Åsnes,Myrkdalen T-Shirt,,01k4yrj0vxtgkk96m9ym51d8xr,ok
,Vikafjell,Rena vanntett tørrbag 1L,,01jd9kt82jsyc4hkn8k8vxq6en,ok
,Umbro,Formation Guard W/Sleeve,,01hwwqn1kh4jehjk293fwj3k4e,ok
,Rezo,"Cotton Sports Tape - 2,5cmx9,1m",,01hkw1q63va3vsec46h689cgg2,ok
,North Pro,Phil pant,,01h6zxbn4ywjr8tqze204dyfgr,ok
,Endurance,Jeenan M Pants,,01hsk4t5pz65z2c7jdp4gf55q1,ok
,Umbro,Formation GK Glove Jr,,01ka19df5g9v76av56b60k8jyq,ok
,Kinetic,NorskeSilden 60g 5pcs,,01j73p97mk662m6e2ggd05rp5a,ok
,Kinetic,Tana Flash 24g,,01j6y6dzg7r3y9x1sj6re3gfwf,ok
,Ezinne,Yola soft tights W,,01jrw753avqwn5g1n3xwtqwy1t,ok
,Kinetic,Orkla 18g,,01j6yeb1nx464jkx7cq0c1fzve,ok
,Kinetic,Hekler makrell 4pcs,,01j7be83142v240e30v19c1qqg,ok
,Vikafjell,Femunden Sovepose,,01jfhta3nvkbar5fphcz0waby2,ok
,Cirrus,Canin W Shorts,,01k8b1t5fzea1am124b5hsg890,ok
,Graffiti,Icinga Kids Shoe Size 28-39,,01h6zxbm14kjg4mrp81fasbdhp,ok
,Maren,Marens storfesnacks,,01kcpb8tmz860zj6htvew47t5v,ok
,North Pro,Haylie pant 2.0,,01k3170swv2z90rhp3p91270ke,ok
,Kinetic,Little Viking Crab Bucket,,01h6zxbmdq3atrmjehxdpve40v,ok
,Ox,Neoprene dumbbell 6kg,,01h6zxbjgderrp7chjsjsyj5ba,ok
,Bula,Bula 2pk light wool sock,,01h6zxbj509rcetpma5qktsrer,ok
,Vikafjell,Camping 6,,01h6zxbdpgg23cj0x7twwm8q9x,ok
,Endurance,Treck Trail W WP (36-41),,01h6zxbhcv76gh0tntka6yawqr,ok
,Lars Monsen,Børgefjell 3L skalljakke - Herre,,01h6zxbm19kgr205w2x5pqreq6,ok
,Lars Monsen,Nordland turshorts - Herre,,01k62kg7jgbk2j9jabtrmh7r49,ok
,pyttpytt,Pytte 22-28,,01jj7kyy4ng6ge08jbax0hbg8x,ok
,Northug,Pace running vest S-M,,01jdpjxdt6gptmz8psv1enh8dj,ok
,Diverse,Beach Volleyball,,01j1cd754q3nxhpqs3gsy8qasp,ok
,Heldre,Bykle 32-39,,01k2y55jesamd3w63xkxzedhfx,ok
,Kinetic,Fantastica CC 7`ML 5-24g 2sec,,01h6zxbjv6cgy31vh8enb4xz98,ok
,Endurance,Galstown M Lite Shoe size 41-47,,01h6zxbm14kjg4mrp81fasbdhh,ok
,Vikafjell,Odda vanntett turbukse - Dame,,01h6zxbd3y0cg4qn9d5fzfct45,ok
,Ox,EVA Interlock mat,,01h6zxbkmnc36x8nprmespf8zp,ok
,Endurance,Yaroleron Jr. 2-in-1 Shorts,,01h6zxbn4ty3ry048qdy13c7ym,ok
,Vikafjell,Bjørgvin PU regnbukse,,01jyrqvs4ka0vtjg3x9zxwp5q3,ok
,DO2,Luz Ardiden Windproof Fleece Gloves,,01k7rk7e8z6tqckr85d46jf579,ok
,Northug,Canmore running pant - Man,,01k7p6jm7gf840b4f1d11309z4,ok
,Northug,Trail Pace 36-40 WP,,01k38j4pca57htwb11wbzsj4ne,ok
,Rezo,Lieke Grip Socks,,01k47bx9t0147v8bvypb4gjhs6,ok
,Vikafjell,Odda 2.0 Multi vanntett turbukse - Junior,,01k76m5rqbcfxk2xa2c97tcks5,ok
,Vikafjell,Osøyro fleecjakke,,01j6cf8f8vd4nsagwd1rt0n4dw,ok
,Lars Monsen,Monsen Favoritter Spinner 5-7g 5pcs,,01k7er2qgy38w8twfx29zfk26w,ok
,Hummel,hmlMotion Tee,,01h6zxbn4jc2rd9tbn903r9f13,ok
,Staal,Staal Foldekniv,,01h6zxbk88jck14nncs0wsspwr,ok
,Endurance,Lowen M Sweat Pant,,01h6zxbm11pn7zy48yjjyt3kd6,ok
,Tiny Trolls of Norway,Gull i munn bomullssett,,01hqqm9qfydgnq87paw88e5vjv,ok
,Vikafjell,Teltplugger 4 pk,,01h6zxbmsn6884hx7rwqjhxsan,ok
,Mitchi,Stanford shorts herre,,01j7g192exjf5ytavawz2rh3nq,ok
,Cirrus,Dalny W Swimsuit,,01k9c5tprae05yhnkr9nmtx3ce,ok
,Northug,Sunflare Junior,,01k776w10329y3hvcdd2jjtnj7,ok
,Northug,Glide 41-46,,01k09528nk06w0z2pkbdhgman8,ok
,Bula,Jr Mack Cotton Headband,,01j8pkkbqv8p9r01ayf2gepcmt,ok
,Ezinne,Bida 30L,,01k0eg2byqp75tpba801tbem8f,ok
,Bula,Lost Headband,,01k4yj95rx5951gw4kvys2je83,ok
,Lars Monsen,Svukuriset Food Box Big,,01h6zxbm19kgr205w2x5pqreqg,ok
,Vikafjell,Osøyro fleecejakke Dame,,01j6cdscgy25qyq6sq76n8236v,ok
,Maren,Marens kalkunsnacks,,01kcpaa0px77wemrm2h0vqt5qe,ok
,LMNTS,Nødteppe,,01h6zxbmtma3wsj6djqm6pcaf7,ok
,DO2,Ventoux Sykkelhjelm,,01kak6dd0q71na3xw92kh2qksz,ok
,Kinetic,Lille Viking Go Fishing lurebox Sjøfiske,,01h6zxbc5e1df276ry19s8p2pd,ok
,Vertical,Siri W Rain Jacket,,01jqv361t9kpqcdk5mhwrbbsdf,ok
,Vikafjell,Cruiser drikkesekk 10L,,01h6zxbddfj7cq1c0npapzew1m,ok
,Lars Monsen,Monsens renskåret laks 400g,,01kmg4mezzqe6b7nr29ab391jc,ok
,Ox,Knestøtte,,01jq6cxdp63mbk35qfwwpecsx9,ok
,pyttpytt,Pytte 29-35,,01jjpd2xxnp8bqnae9dcwp85sa,ok
,Aerym,Addison Low GTX,,01jgp30ygev2vp1hcqrj3wsxrv,ok
,Kinetic,Jebo Herring 12g,,01h6zxbgc4780sgze8dsbr315r,ok
,Sway,Rafa fotballbukse - Junior,,01h6zxbjfqjp4kjjpjsqbcj398,ok
,Kinetic,"Filetkniv 6""",,01j7bb38kfmw92yq87mqcs1hv3,ok
,Kinetic,Jebo Herring 24g,,01h6zxbgc4780sgze8dsbr315t,ok
,CrazySafety,Kids Bicycle Gloves,,01kbmd636z83wpm29m31nbra6z,ok
,Vikafjell,Odda vanntett turbukse - Herre,,01h6zxbd3y0cg4qn9d5fzfct44,ok
,Vertical,Adelina W Long Outdoor Shorts,,01k9cbb8c25mf06atd5gsmy3gp,ok
,Ezinne,Ezinne Slippers 36-41,,01k30ks62v6eyjhtqt3fhcjh96,ok
,Heldre,Vira 22-27,,01k2y5mx4rs6q1y3nmr50s6be2,ok
,Vikafjell,Knaus 28-35,,01k2y3dtwxgrbjbpc38x6gs108,ok
,Kinetic,Little Viking Beach & Pier Combo,,01h6zxbmdq3atrmjehxdpve40t,ok
,Kinetic,KINETIC DUPPER MIX 6PCS,,01k5v531f760da00p1f4w956dt,ok
,Umbro,Furio TR Pant JR,,01h6zxbe24eeh15rx7q4ffznp4,ok
,Kinetic,Little Viking Bamboo Net,,01h6zxbmdrdd8939k2a1v8nd5p,ok
,Lars Monsen,"Monsen Favoritter Spinner 4,5-6,5g 5pcs",,01k7724ahgwv5v9rmg67e05m39,ok
,Endurance,Endurance Arch Support Medium,,01h6zxbhdrbk0d8da6962tndgj,ok
,Lars Monsen,Molladalen Vandrestav,,01k71d0n2tpx9te39bxp65pzd2,ok
,Vertical,Cashine M Long Outdoor Shorts,,01jby6wnwz3f6tcqshxqhcq6wa,ok
,ASG,Football Krocket,,01jrsfwm8f5chn07kv5g437vce,ok
,Umbro,Formation Rec Fotball,,01ka194vs82e64q4dmhc7anmyv,ok
,Kinetic,Little Viking Crab Combo,,01h6zxbmsbnrw8eyja9q9f0xjk,ok
,STAUT,"Staut shaker 0,7L",,01h6zxbmsr3wfch2skv04azrdf,ok
,Lars Monsen,Nordland t-skjorte m/ull -Dame,,01k3gmth6ea5fxjetrxjzg468j,ok
,Endurance,Endurance Arch Support High,,01h6zxbhdrbk0d8da6962tndgk,ok
,Ezinne,TPE eco friendly yogamat,,01jxhkrs0v8fx6xz9qwj8tqc2w,ok
,BSc,BSc Mellow Bar Chocolate,,01jy1gvc4brtnw2v2bembxgeqs,ok
,Lars Monsen,Lars Flannelskjorte - Herre,,01k3gknq8x05zz6pw867b2gzsb,ok
,DO2,Roubaix Unbrakonøkkelsett,,01katq666bx2wy37bhye06wxkd,ok
,Ezinne,Ikare 25L,,01k0efwq50xp4yx1qterhra21j,ok
,Heldre,Lyngdal  genser - Herre,,01k3qxb0wa7vdnnh425hb4v98b,ok
,Kinetic,Orkla 13g,,01j6ye3tetnvjwj520zg9bxar5,ok
,Northug,UP 30 (41-46),,01jfhg93esq4nhxq47b0nyy5xy,ok
,Cirrus,Metairie W S/S Tee,,01k8b27w4bcfxdqpdcyafbghwz,ok
,Northug,Taichi 7.0 Pro 41-47,,01k2yp1q49adfgxsdz912sbmss,ok
,Missing Link,Zappy 28-35,,01k2y7zpzmn6pzz11ajnky4apb,ok
,Lars Monsen,Monsen Favoritter Wobbler 5cm 3pcs,,01k7erczmkp9qmfs7bf6e87nza,ok
,Kinetic,Vibra Tele Spin 6' (3-15 gram),,01j7dt1ez7bfyer42g27hrg6nx,ok
,Vikafjell,Grønndalen Shorts - Dame,,01j32cnjq814bye8nhyw8vys0a,ok
,Vikafjell,Heiane PU regnvott m/fòr,,01j2v25w87tztzvg5q6xe561cp,ok
,pyttpytt,Øspøs Sydvest,,01h6zxbdq73htemhq0m50fmgzg,ok
,Endurance,Chaba W Midlayer,,01jf9z6kvvhnxx4anggzpss05k,ok
,GUPPY,Berlin Cargo R Twi pant,,01j4rfy16ksrwafbzmk8nm2e49,ok
,Endurance,Bernien M Performance Pants,,01jfcg9fgxfp72ngwxy0b4hpj0,ok
,Graffiti,Cloxie Kids 24-35,,01h6zxbe1q3vj8zan12e60sp7a,ok
,Vikafjell,Gummiknott til vandrestav 2pk,,01k71cpfgqf0nceeya63ff4jcr,ok
,Endurance,Galstown W Lite Shoe size 36-42,,01h6zxbm14kjg4mrp81fasbdhj,ok
,Northug,Streetcruiser,,01jhjp5f785akbqqa724bxp5jh,ok
,Northug,Northug Slippers 40-46,,01k30myjht12heb1a0b9aw0j08,ok
,Endurance,Jenni W Sports Bra,,01h6zxbjwgp00zapfjrwq14wn6,ok
,DO2,Ardennes Sykkelhjelm,,01kb2r3vehsk5tvkat1emetcef,ok
,Lars Monsen,Monsens lam 2kg,,01kec5sb9z51ajj2c2tkvdf548,ok
,Sway,Swim maske & snorkelsett,,01h6zxbkk1qb9f5s6par78491a,ok
,Yikun,Disc Golf Driver VIEW,,01hw2ka3wxv46z74385pe3xgn0,ok
,Kari Traa,Louise Tennis Sock 3pk,,01jkgcddw46zwmm2bdn7d3n7gq,ok
,Yikun,Disc Golf Mid-Range ZHENG,,01hw2kjft02h5asjp5k2xz9m3v,ok
,Heldre,Vear Sneaker 36-41,,01k30qnybn2ybbf7xcvxdcc4q7,ok
,Ergobio,Citas 36-41,,01j6haz5a4vqvds6666pdcwng7,ok
,Cruz,Eyemouth Jr. Basic shorts V2,,01jbm3mmzfs57e1fxrf6z3hjb6,ok
,Vikafjell,Varm raggsokk,,01h6zxbkmceg2ssccm2avdmvzh,ok
,Yikun,Disc Golf Mid-Range YAN,,01hw2z03xbw5dq49faf11kz2de,ok
,DO2,Ventoux LED lykt sett,,01katqw76m30e6hezhyn26znm4,ok
,Kinetic,Jebo Herring 34g,,01h6zxbgc4780sgze8dsbr315v,ok
,North Pro,Basic Tee,,01hq8k0rx8srz8gcgdb2yfsp0j,ok
,Vikafjell,Vikafjell Karabinkroker 5pk,,01h6zxbkmksr7bg33g0ksf8xpg,ok
,Lars Monsen,Monsen Favoritter Wobbler 7cm 3pcs,,01k7ergjdcfbaw2rhs3he08hgr,ok
,Vikafjell,Finse Merinoull hals,,01h6zxbdp1sgqmq565w8y3ac34,ok
,Maren,GakkGakk mini,,01kcrcv85s287vk9x0kx3k2dqc,ok
,Kinetic,"Vibra Blue 5'6""(5-24 gram)",,01j7dv0jj7ecrjxx1q41kzhtqe,ok
,Lars Monsen,Bushwacker strap (88 cm),,01hhky8ehy171d1yxpbsf9p17f,ok
,STAUT,Proteinpannekaker - 450 gram,,01h6zxbmtpjsfcb9fdd18vqsfm,ok
,GUPPY,Moppy Hat kids,,01h6zxbn4wnk0qnxmqf7bej96m,ok
,Heldre,Vettakollen høy ullsokk 36-47,,01k33ccj4ep8kdkt1crykvmqfw,ok
,Graffiti,Bavarau Kids Shoe,,01h6zxbmst348yvb1rtdgqeqnb,ok
,Sway,Boble maske & snorkelsett,,01h6zxbkk09g4v9n6996vag1zs,ok
,Vikafjell,Voss ullstrømpe (2 par) 35-40,,01h6zxbkmceg2ssccm2avdmvzj,ok
,Heldre,Storheia vevd belte,,01k4sfdh9a5zf6jsp880pv5j1m,ok
,Ezinne,Zaria sweat hoodie W,,01k3ge7m411b7p2vkx6hps6ed6,ok
,Flex,Supportertrøye Norge,,01kvsyf4dh3y3ee8e3gz3vp0nt,ok
,Vikafjell,Kaland termokopp 200ml,,01hnac76hjpf47amre09qeshx3,ok
,Cirrus,Cabello W Top,,01k9c73g1nzasqy4839pj79sxt,ok
,Vikafjell,Ervik HZ fleecegenser - Barn,,01k475246sphmx8fynw763ec2x,ok
,Ox,Hydration vest,,01k6a81bayamjqy87hq1hvj7tg,ok
,Sway,Step In 30-35,,01h6zxbgq9q99t2mavmq8x75pz,ok
,Kinetic,Splitthagl,,01j7bh29rjsfchgyj85mekz8wj,ok
,Endurance,Fortlian W Shoe size 36-41,,01h6zxbjwpztdw6vkpbt43a2mz,ok
,Tiny Trolls of Norway,Troll i ord bukse,,01j6cg1b7epr7tcjp0htsap6vy,ok
,Endurance,Moron Uni Shoe size 36-47,,01k9pt1xsgac2zshgvm2nz2v45,ok
,Kinetic,Lille Viking Go Fishing Combo 4'6,,01h6zxbc5e1df276ry19s8p2pb,ok
,Ox,Hex rubber dumbbell 5kg,,01h6zxbecp8g705fjswzr1gx56,ok
,Rezo,Keano Shin Guard w/ Straps,,01hkw05f2ee4tjg4c5y5esfkdp,ok
,Nike,Nike Hyperfuel Wb 24Oz,,01k452x315stvx2d9p15kynahz,ok
,Arena,Arena G SWIMSUIT SWIM PRO GRAPHIC,,01jgzzs8zveqzydsysfpntnq50,ok
,Rezo,Rubber Basketball,,01h6zxbkkzbecsaecyqf0k6y51,ok
,Endurance,Endurance Gel Support,,01h6zxbhdrbk0d8da6962tndgm,ok
,Ergobio,Wetrax WP 36-41,,01j5t9m4kfv48m1qrbpjzgbjww,ok
,Missing Link,Ease (40-47),,01k4pskq11bb750qq1y98qmmgv,ok
,Staal,Campinglykt med led lenke,,01k8054kpgqfaqhfd94b4aa35p,ok
,Heldre,Leka Sneaker 28-35,,01k09e4qhwepq6vdpqx41nrw12,ok
,Sway,Crawl Svømmebrille,,01h6zxbkk09g4v9n6996vag1zv,ok
,Maren,Topp! Nettingball S,,01kdzetn8jqb7as162dt264wq1,ok
,Vikafjell,Femunden Sovepose Dame,,01jfhtjcy2enjtp3tcg9afmp03,ok
,ASG,Disc Golf 6-pak,,01kpr5e5fmpf5y452yn9bw0p1v,ok
,Kinetic,"Vibra Pink 5'6"" (5-24 gram)",,01j7dv4j10qxkpbdethas4gtp8,ok
,Alien,Urban,,01hthvp0e0vf77qzp4kgznxyvj,ok
,Maren,"Flott! Stålskål dobbelvegg 1,7L",,01kev9fq5ps07725kb86a48yh8,ok
,Vikafjell,Årmot bukse dame,,01j2xczwtj54tz5rp6nwgg7xae,ok
,North Pro,Jacob linen shorts jr,,01k30hc8yjqytbpyxykfnqkhmm,ok
,Kinetic,Mosquito Cap,,01j7bfz3z9j56d1zg2f8j49x1g,ok
,Ezinne,Minna 36-41,,01k091hdp8aqv37ctgjdy7qpxm,ok
,Graffiti,Lassissa Kids Shoe Size 24-35,,01hnhwmarby447zwanh1nzyrc0,ok
,Endurance,Ivanny W Long Tights,,01k8agfpys4h7tg5f1xjgsp612,ok
,Kinetic,Kinetic Grill Stick Telescopic 20cm-80cm,,01h6zxbmsbnrw8eyja9q9f0xjr,ok
,Heldre,Evjemoen 26,,01h6zxbmdnm8rfvet1xzw3cbem,ok
,Rezo,Kinesiology Tape,,01k3gneny9tdhhq6swwd42mdrk,ok
,Kinetic,Silden 100g,,01j73pdt5jh92ve0z0a5ca0f1x,ok
,Vikafjell,Vikafjell Oppblåsbar pute,,01jfhn10nydnf221nzjswtdypa,ok
,Vossatassar,Uffe Shorts,,01k56bysnktr6vemgchnnj5d7z,ok
,Northug,Nidelva Drikkebelg 2L,,01k7gzstt0c7paz3cxyg4gtf8k,ok
,Lars Monsen,Bushwacker strap (333 cm),,01hhkxz44ebje11xrj9rnkyt5m,ok
,Cirrus,Coine M S/S Tee,,01k8b4rfgpnwv74dcg15xnjyse,ok
,Pawfect,"Pawfect stålskål 0,5L",,01kev9tbhb96cyg1p1gv6q38bx,ok
,Vikafjell,Strøno sammenleggbar stol,,01hhy5850zar2t8crwctxpvys4,ok
,Vikafjell,Muren skalljakke - Junior,,01h6zxbmcmk725are0cdx957d0,ok
,Ergobio,Rubimax II 41-46,,01k386hxsgtqwdtmrg74ep373h,ok
,Endurance,Ivanny W 3/4 Tights,,01k8agw5hxnrq6p1vaq8293wem,ok
,Kinetic,Gaular 9g,,01j6yh2atcerbnt3bc9qj2w72g,ok
,Vikafjell,Odda Multi vanntett turbukse - Junior,,01h6zxbebsk76hywrf83crmwsz,ok
,Heldre,Spent 41-46,,01jj92j1c0gs8669b61wg84t5z,ok
,Kinetic,Fiskebag Rumpetaske med skrin,,01j7b9xav5xwby45948yadhyrk,ok
,Kinetic,Vibra Spin 9' (20-60 gram),,01j7dsxmx3h29rvm25mwkrydpr,ok
,Heldre,Brekkedalen pile fleecejakke dame,,01j7njz4b0dtvs06wfa65zcjj0,ok
,Lars Monsen,Blåhø 41-46 WP,,01k2y6qy9wxhm1q943bqfmktyn,ok
,Lars Monsen,Børgefjell skalljakke - Dame,,01h6zxbm19kgr205w2x5pqreq7,ok
,Ox,Hex rubber dumbbell 2.5kg,,01h6zxbecp8g705fjswzr1gx55,ok
,Lars Monsen,Femundsmarka tursag,,01h6zxbmsr3wfch2skv04azrd5,ok
,Northug,Trail Pace 41-46,,01k38h7ghxttba9vzdzba13x1q,ok
,Endurance,Lokeren M L/S Tee,,01htpntjn16qbynbwf6mbzpwbp,ok
,Kinetic,Jebo Herring 18g,,01h6zxbgc4780sgze8dsbr315s,ok
,North Pro,Ava crew neck Jr,,01h6zxbn4xtawwne6j6wjpxmyj,ok
,Eagle,Stekepanne non-stick alu REKTA,,01kjpnfp3ekccjx44870vmsq1v,ok
,Maren,Marens kyllingstrimler,,01kcpaxgwf8s457j4q1tv1a5tn,ok
,Tiny Trolls of Norway,Topper 22-30,,01j7zsvpmq26xrpdngp373kcfw,ok
,Endurance,Endurance Oval Lace Boot,,01jy6jch1n1bb6fkcx65mjx7xq,ok
,Kinetic,Gjeddefortom 20cm 5 pcs,,01j7bh9y7ha2q6xvjx430jfkkb,ok
,Ezinne,Kisi 25L Tote,,01k0epm05pq8w51wt2qyvvzemh,ok
,Yikun,Disc Golf Mid-Range SHU,,01hw2yvsey94pmhpnc8gvwknej,ok
,Vikafjell,Vinje Superundertøysett,,01jh2yecb3xwwxn2kfzyzqzcd0,ok
,Eagle,Eagle Sitteplate brettet,,01kjpns5tkkbbb2y1rz3bn2e66,ok
,Endurance,Hopfensee Logo Wide Wristband,,01je8dp3y5hdkzqzfya15nr3p2,ok
,Maren,Ostetygg 100g,,01kcvd6bc88m9zhm7ad60890ff,ok
,Graffiti,Barow Kids Shoe W/Lights Size 24-35,,01jjc964kbk30ztwrtk8h8ww75,ok
,Ox,Hex rubber dumbbell 10kg,,01h6zxbecp8g705fjswzr1gx58,ok
,Ezinne,Zaria sweat pant W,,01k3gf0hdmh145nj55yz55tqw8,ok
,Vikafjell,Knaus 36-39,,01k2y319739d4w3380vjny08w1,ok
,Kinetic,Little Viking Tackle Box Kit,,01h6zxbmsbnrw8eyja9q9f0xjs,ok
,Staal,Ervikane Turskje,,01h6zxbn4erqrq1zjb9g0aw979,ok
,Staal,Skorpo termoflaske,,01h6zxbm0s0ps6t9qdjzb9q6n5,ok
,Umbro,Formation IV SC AG Jr,,01ka8cq2rpcd3p2dws3jveeqza,ok
,Tiny Trolls of Norway,Sunday 20-27,,01j6vy07z319aefscrsgmrtjw6,ok
,Endurance,Timmiama Crew Neck,,01jrasa40tg5hc0a9wdwd4h9pb,ok
,Kinetic,Markkrok med Baitholder #4-6-8 30 pcs,,01j7e1bscec138tydmc2725y0m,ok
,Vikafjell,Gullbrå lett dunvest Dame,,01j90w5prdexwvdrnrhkt44d27,ok
,Tiny Trolls of Norway,Trolltramp 22-30,,01k30tfv20kjwencxjsv3xxbgs,ok
,Lars Monsen,"Monsen Filetkniv 6""",,01k7etcv6ybte3gm3kv6jmndjc,ok
,Northug,Toblach neckgaiter,,01jrw5wkt10rg2gj1f8mv53xjy,ok
,Lars Monsen,Bushwacker strap (123 cm),,01hhky1g1e8mrc11y6wz328a10,ok
,Missing Link,Drip WP 22-30,,01k0961pamj5855exn9tdcjhfn,ok
,Lars Monsen,Fulufjellet Vindskjold,,01k7h77gkpddk31vsnrebbvv3j,ok
,Ox,Hex rubber dumbbell 7.5kg,,01h6zxbecp8g705fjswzr1gx57,ok
,Maren,"Flott! Stålskål dobbelvegg 0,7L",,01kev8gzyy4ycxyc4xbajeh0hg,ok
,Jilong,Colorful 3-rings pool,,01kq75bdbr414vhq1sm60j4jxk,ok
,Maren,Flott! Stålskål dobbelvegg 1L,,01kev8x1meeq876qxer2wyx7sz,ok
,Heldre,Lyngdal genser - Dame,,01k3qxv10b4j97c7yxw9fqtps4,ok
,Endurance,Vario W Tights,,01jraprd7h95xtnanx7tcwmnky,ok
,Sway,Seaton 36-41,,01h6zxbmsgrxsbgcez9k6ssh3h,ok
,Lars Monsen,Monsens laks 2kg,,01kec66jb6fydvncg83gdgxxke,ok
,Endurance,Charleson M Technical Hoody,,01jfcftzd0mqzdg88t2ychx514,ok
,Cirrus,Herodotus M Polo Shirt,,01k8b5pn53p0k1ae5a9jrhh2bf,ok
,Cruz,Santa W Cork Sandals,,01h6zxbgcjgmwvhm9d8gg0jmq8,ok
,Endurance,Grif M S/S Tee,,01jranwj0bvs9v67ehdd64936t,ok
,Kinetic,Kinetic Mosquito Net,,01h6zxbk79r6fhaxs15x2kbt9f,ok
,Heldre,Stavanger skalljakke - Junior,,01h6zxbkmksr7bg33g0ksf8xph,ok
,Vikafjell,Odda Multi vanntett turbukse - Dame,,01h6zxbebsk76hywrf83crmwsy,ok
,Lars Monsen,Øksnes t-skjorte - Herre,,01k3gjwk2zj51vyr3sp2gh3s41,ok
,Vikafjell,Fitjar capri,,01h6zxbk7j7e0krtpy1y2148yb,ok
,Vikafjell,Jakob Løpebelte,,01h6zxbh13zdqtfbqjcncn09jg,ok
,Endurance,Caitlin W Stretch Pants,,01jer0r98jvdaeectx1rrx156z,ok
,Rezo,Irwins Shin Guard w/ Fixed Sock,,01hkw0g2113mzkr3f3nar3b0ez,ok
,North Pro,Maja linen shorts JR,,01k2yfthbj1kbp6xwye4qg56nj,ok
,Levi's,New Union Sneakers 34-39,,01h6zxbmsc8ztkaebgr1dkv42y,ok
,Graffiti,Benolu Kids Cork Sandal 28-35,,01jjc7e941k44ydewhk586amwr,ok
,Endurance,Timmiama W Regular Pants,,01jrary0gk74xyxwne4a79nza9,ok
,Endurance,Herlent Jr. Shorts,,01jer9w4wj46vmkbfmmebngz45,ok
,Vikafjell,Varde regnbukse - Barn,,01h6zxbe1vf9paysvjwh4h9ykb,ok
,Lars Monsen,Monsen Teleskophåv,,01k7et1r2vbw81bhyxpe17548k,ok
,LMNTS,Hyper-dry towel 40x80,,01h6zxbdcs2erapwmhsmqpa0pt,ok
,CMP,Mataar Mid WP - Herre,,01h6zxbjwmraqyhspajg9ar0y4,ok
,Lars Monsen,Folldal strikkegenser - Dame,,01h6zxbm1817ax1ea4q9ktcb1g,ok
,Umbro,Furio Bag 40L,,01h6zxbe25cgb5baqjkjk9ac45,ok
,Vikafjell,Vinje Superundertøysett Jr,,01jh30k3shps0bqc3133s52dcn,ok
,Cruz,Aqumieeana W Bikini Top,,01h6zxbmsr3wfch2skv04azrdj,ok
,Bula,Chuck T-Shirt Jr,,01k4yq57qam95b5tedwvvr7taf,ok
,Hummel,hmlLOGO Shorts Jr,,01hrxxd6s33czgy3kkqjkmaysc,ok
,Heldre,Fagerli 50L,,01h6zxbm0s0ps6t9qdjzb9q6ne,ok
,Heldre,"Prestholt termoflaske 0,5L",,01h6zxbhc9wdah6f64zewsg237,ok
,Yikun,Disc Golf Putter YI,,01hw2z96wf07z5917aphf29vfd,ok
,Vikafjell,Bjørnfjellet Turbukse,,01j2v7yetnnztwrq7nzk41aekv,ok
,Pawfect,Pawfect frisbee,,01kdzgccharb4n67ck5n65sbvh,ok
,Sway,Step In 36-41,,01h6zxbddkehqfnk1d55chtrrt,ok
,Lars Monsen,Tysfjord turshorts - Dame,,01k4sgayze9nw4yde02pqv7w8h,ok
,Heldre,Storheia Skjorte - Herre,,01k3gm5k7011e5z2jfmez08trw,ok
,Heldre,Fram Regular 36-40,,01k4pxagxbgc6kdx6aj5xsw7tz,ok
,Vikafjell,Skopleiesett,,01k4pt6jhzcdezfrxy2aay0eyr,ok
,Sway,Barcelona reisesekk,,01h6zxbmspe9cmv00apvnap60w,ok
,Vikafjell,Finse merinoullsett - Herre,,01h6zxbdp0sa9ejmbqge8p93wc,ok
,Lars Monsen,Gutulia 36-40,,01k2y103h6a778wmdzte40hfna,ok
,Lars Monsen,Yukon skjorte - Dame,,01h6zxbm19kgr205w2x5pqreq1,ok
,Ezinne,Yola sportsbra W,,01jrw8ygfxee1xs9xaa7hwdrpt,ok
,Ezinne,Yola Jazz pant W,,01k0c80fh6w81nn1k4t0tcq9g4,ok
,Kinetic,"Super Mono 500M 0,30MM 6,1KG",,01j6y34ear27x63hs53m03eqgv,ok
,Sway,Airy sandal,,01h6zxbe1dw1789v7vc9ceemdj,ok
,Tiny Trolls of Norway,Trollpytt 28-30,,01k090tqqhzz1c4n03wm2tzpjb,ok
,Sway,Sway Hipster girl 2pk,,01h6zxbe1zgjfgkx58c1h71svz,ok
,Vikafjell,Cruiser drikkesekk 20L,,01h6zxbm0tc6mcpjb76bg5rs0p,ok
,Cirrus,Hualien W Swimsuit,,01k9c4wcerk0vmce4pra5pdsb0,ok
,Graffiti,Vetinga Kids Shoe (31-39),,01h6zxbmst348yvb1rtdgqeqna,ok
,Maren,Topp! Nettingball L,,01kdzfa10hsxkycfy0388s5t0n,ok
,Heldre,Svalbard liggeunderlag,,01h6zxbk71mngwg5wyzw3bge5y,ok
,Vikafjell,Sammenleggbar Vanntank 20 L,,01jtn7efqwdyrykxyebjrd5ykm,ok
,Endurance,Paikaer M S/S Tee,,01h6zxbms92e3rkp8y7g6pft67,ok
,Ergobio,Rubimax II 36-41,,01k387ss6yvf47vzzqfg08zfyc,ok
,Daniel Franck,Djerv shape pant Dame,,01h6zxbms34kd8k1eq7940qkf5,ok
,Aerym,Allure 1V Mid GTX,,01jgp7vd6h640b2s4dr0zzgkbw,ok
,Bula,Bula BaseCamp Cap,,01j8pkw6j44m90j9wtax7ys5th,ok
,GUPPY,Flory Sweat shorts kids,,01h6zxbn4v84gf5825yjsdefhx,ok
,Kari Traa,Thale Outdoor Pant,,01k4z0swv0f2g57ptv3cqzkh3a,ok
,Adidas,Resistance Band,,01jp2pszcdg712mqs1mwgegz4r,ok
,Ox,OX Lifting Straps,,01h6zxbmcq7h5ar353s4yr7v5b,ok
,Endurance,Peako M L-S Tee,,01h6zxbjwctd6zv93kzzvjfdhk,ok
,Mizuno,Mizuno Revolt 4,,01jff63qb8cfjrasqyfxn9yygh,ok
,Heldre,Stavanger skallbukse - Dame,,01h6zxbkmhnxx060h76dwgk1qb,ok
,Åsnes,Åsnes Pants,,01j8s9ntn0mcawkavnktvhrs99,ok
,Staal,Glimt mini lommelykt,,01jv22bvwhq2ccrq7c06q25t5d,ok
,Kinetic,Vibra Spin 9' (5-40 gram),,01j7dssk417zfdjp55r8sdd09s,ok
,Endurance,Envy Junior Shoe Size 32-39,,01jbyb8p7capwddykbb2zxmh6s,ok
,GUPPY,Frances Sweat pant kids,,01h6zxbn4wnk0qnxmqf7bej96b,ok
,Vikafjell,Sondre hoftebelte,,01h6zxbdpp2142m7x7h256qtzh,ok
,Heldre,Århus ull t-skjorte - Herre,,01h7ypxena226168g4hw423bgw,ok
,Ox,Albuestøtter,,01jq6g6yn7f6zccd5zy0np8fmx,ok
,Endurance,Elisia Uni Shoe Size 41-47,,01jfccstcjt6v3skfgb6bfrvyp,ok
,Ox,Vektvest 10 kg,,01h6zxbkmnc36x8nprmespf8zc,ok
,Kinetic,Fiskeharpe Standard 100m,,01j7bc2e5a08maqyqkm8gy07p3,ok
,Arena,Arena W SWIMSUIT SWIM PRO BACK GRAPHIC,,01jgzz9x147hzq95zv65r8j8kb,ok
,Disney,Disney Ergo Sportsflaske,,01h6zxbkkmdjhmctzpyaj4kz4j,ok
,Graffiti,Ampow Kids Shoe Size 28-35,,01jjcazbk1q45bzhq540z4jx25,ok
,Lars Monsen,Bremanger Strikkegenser  Herre,,01jkqnk50jtr54ffy93arh8kxq,ok
,Papa lou,Papa Lou joggebukse 2.0 - Dame,,01j8hbwpps6vte6q7hyn145p8j,ok
,Endurance,Franzana W Sports Bra,,01h6zxbkm06s1axfrvp24k4tbq,ok
,Endurance,Halligen Logo Headband,,01h6zxbj4v8nt89etmf8fh0p62,ok
,Endurance,Kinkonon M S/S Tee,,01h6zxbmtaxe1g08qzsvd1ngze,ok
,Vikafjell,Gullbrå lett dunjakke Dame,,01j90wvnx5qtrdv7h7czczr6jq,ok
,Daniel Franck,Alpha T-shirt,,01h6zxbjw93mjn5ghy0hv9pqd0,ok
,Hummel,hmlMotion Training Pants,,01jax84j5pmdw63ye5zk5spa1x,ok
,Rezo,Hydrocolloid Blister Plaster 6pcs Heel,,01jmhwby83zx61zz1qjcxt5fpp,ok
,Pawfect,"Pawfect stålskål 1,7L",,01keva8yjt1z7sjm42g2e57fzb,ok
,Vertical,Sindre M Rain Jacket,,01jqv695v6gy07zgxzy2383sa4,ok
,GUPPY,Frances Sweat crew kids,,01h6zxbn4wnk0qnxmqf7bej96a,ok
,Yikun,Disc Golf Putter Hammer,,01hw2zmm7srwnz4a9f0pd6ejrq,ok
,Vossatassar,Ponk Caps,,01k56ck58hthzh0fnrhtdsn1cp,ok
,GUPPY,Fraly Sweat pant kids,,01h6zxbn4wnk0qnxmqf7bej96f,ok
,Hummel,hmlMotion Shorts,,01h6zxbn4jc2rd9tbn903r9f14,ok
,Staal,Ekeberg Oppladbar pumpe,,01jczs8c3f4x2f9jv3dcqjkm47,ok
,Endurance,Gilbent M Multi Pants,,01h6zxbm11pn7zy48yjjyt3kd1,ok
,Vikafjell,Bondhus Turbukse Dame,,01j2x9ecg5jkatpk69hhaw7ke3,ok
,Alien,Gygrestolen,,01hthv601spghzjxye90x77y1h,ok
,Heldre,Canada tec Fleece Jacket jr,,01h6zxbhsrvqz3fhe92fpvt7v0,ok
,Ox,Powerband Extra Light,,01jq6hmhqtn5r801t662rqs8pp,ok
,DO2,Roubaix Sadelveske,,01kazzww02xqxvv4gdnsdtbht9,ok
,Vikafjell,Kjeåsen kjølebag,,01hdzw8vn3284acb3dvma1r5rp,ok
,Vertical,Arlina W AWG Pants W-PRO 15000,,01k30qkvgqhmapr7cf2fht3q4y,ok
,Vikafjell,Bjørgvin PU regnjakke,,01jyrp50a7gqcqz2da50570wr4,ok
,Kinetic,Mosquito Hat,,01h6zxbjvscsc3bggybq8mqwzf,ok
,Endurance,Ankeron M Pants,,01h6zxbm0zjgzz61rdnpht7s2r,ok
,Kinetic,Barrel Swivel w/Scandic Snap #4-2-1 Brass,,01h6zxbk7aztvrcpq7xz28dnmr,ok
,Northug,Sprinter 10,,01jdq13mgkc99wws832bfx0daq,ok
,Hike Sport,Rauland turbukse - Dame,,01h6zxbddme14smdfpfn7rj9e1,ok
,Mitchi,Oxford joggebukse - Junior,,01h6zxbm0703cbqjyjtxyn04j7,ok
,Outdoor Research,Seattle Rain Cap GTX®,,01h6zxbmt59hqdcymbkxewynxq,ok
,Endurance,Timmiama W 1/2 zip Sweat,,01jrat9x5bb5p5hvzzshg539v7,ok
,Endurance,Gerettono U Shoe 36-46,,01hng0edy4884j1y80ewz4hqn5,ok
,Vikafjell,Femunden Sovepose Jr,,01jfhtsxezs46wzwp45825ys1n,ok
,Primus,Lightweight Trailcutlery,,01j1etkxed0ppcygp4pqntp8dy,ok
,Kinetic,"4-Braid 300M 0,14MM 14,8KG",,01j6y265rcrgqn995spfbqjj2p,ok
,Kinetic,"Super Mono 330M 0,40MM 10,2KG",,01j6y37j5z0kkt4cg5rztwqpdc,ok
,Lars Monsen,Lierne 3L skallbukse - Herre,,01k3qr04fysnxgmawpqdsnjgpe,ok
,Lars Monsen,Monsen Favoritter Spinner 4-6g 5pcs,,01k771v8y1fndwyx8k539qfxaw,ok
,Arena,Arena 365 Goggles,,01k7f7d98za7txzhysyp3w80pm,ok
,Kinetic,"Lille Viking Go Fishing Combo 4`6""",,01j7bgxpjytxfpk7a5jdw611nw,ok
,Endurance,Benien Waist Bag,,01h6zxbm0zjgzz61rdnpht7s2h,ok
,Endurance,Chayana W Training Pants,,01htpq2qrted8hxexn6g1xvpwa,ok
,Ox,Resistance tube Medium,,01jq6cegtnj7hb6bv2w338298j,ok
,Endurance,Kinkonu M L/S Tee,,01h6zxbmtaxe1g08qzsvd1ngzf,ok
,Vikafjell,Finse merinoullsett - Dame,,01h6zxbdp0sa9ejmbqge8p93wa,ok
,Vikafjell,Odda 2.0 Multi vanntett turbukse - Barn,,01k315s7znmh8s5vs66px1zm8q,ok
,Vikafjell,Haugsvarden Pannebånd,,01h7z4txhcxfek4mbc3w0bp3mt,ok
,Sway,Rapid 41-46,,01h6zxbk7ghm04day7t3h5ybmx,ok
,Vikafjell,Fitjar bukse,,01h6zxbk7j7e0krtpy1y2148yc,ok
,Heldre,Stavanger skallbukse - Herre,,01h6zxbkmhnxx060h76dwgk1qa,ok
,Ox,Foam hand grip,,01h6zxbecnm4zdepe3b6vvxbsn,ok
,Arena,Arena BOYS BEACH BOXER SOLID R,,01jh01cxs4n9wecvyb881tcbdf,ok
,Arena,Arena 365 Goggles Jr,,01k7f7kmwsxvdgtrh17f4wjhha,ok
,Mitchi,Stanford hettegenser -  Dame,,01hqx7m751cks3fh11brd2ph9y,ok
,Umbro,Formation Recreational Trainer Football,,01hwwpxcqkjddceq7nftw6ttwg,ok
,Sway,Marsala hoftesekk,,01h6zxbkm9dnbw2v4x974j55gw,ok
,Vikafjell,Ulven 1/2-Zip - Dame,,01h6zxbddkehqfnk1d55chtrrk,ok
,Northug,Sunflare Speed,,01jp7y8ty27522a6y9jgd2bqzg,ok
,Maren,GakkGakk,,01kcrdyw9eaztmmsf6cyg172bz,ok
,Mitchi,Stanford hettegenser - Herre,,01hqx6vq5xfy00jmsk4s4mz3a5,ok
,North Pro,Dawson chino shorts,,01j66w04yryp685q260wp1jzz0,ok
,Vertical,Delta M AWG Jacket W-PRO 15000,,01h6zxbjfgnj1nh41redeyktrh,ok
,Lars Monsen,Hallingen 41-46,,01h7ytrwp0qzdh13amzmdf7exr,ok
,Tiny Trolls of Norway,Trollfloke fleecejakke multi,,01j6cb77k8e992m1xgkeqzme86,ok
,CMP,Mataar Mid WP - Dame,,01h6zxbjwmraqyhspajg9ar0y3,ok
,Vikafjell,Bjørgvin PU regnjakke Jr,,01jyrnxshfvnmp6jty0yts17rg,ok
,Ox,Resistance tube Hard,,01jq6cjjs4btzrj8h29p8vdnpz,ok
,Disney,Disney Tritan Premium Drikkeflaske,,01h6zxbm1dzbafmfn48d5kcj0x,ok
,Vikafjell,Myra 28-35,,01k2y3thvsmwaabmc94db3chq1,ok
,Bula,Chuck Shorts Jr,,01k4ysgm7z0xp2k67q8xmph76m,ok
,Kinetic,Kinetic Crystal Box M,,01h6zxbk7crnkkfh1c0kgr8xm1,ok
,Tiny Trolls of Norway,Trollungen Heldress - Barn,,01hr70bvqz9vk5mbqgzh0tpdx5,ok
,Hummel,hmlLogo Shorts,,01jq3tdk1szf02y52pdmad8vaa,ok
,Vossatassar,Stripete T-Shirt,,01k56c6vssqqqsnbd9gp21d0z9,ok
,Lars Monsen,Snøhetta R8 Liggunderlag,,01k5rq7nejzw3903jc4ts9gksw,ok
,Ergobio,Rubicon WP 41-46,,01j6hamy15rbzdj350d58bbey8,ok
,North Pro,Basic Heavy Cotton Tee,,01jshd85p49rkqmt0dhebgyfav,ok
,Kinetic,Minken Otervinner m snøre 8 fluer,,01j7bcmf3pmkbx3kph416htrca,ok
,Umbro,Furio Bag 30L,,01h6zxbe25cgb5baqjkjk9ac44,ok
,Vossatassar,Ponk 2.0 Baselayer Set,,01k56d362z4vf2fxtzet9yrzje,ok
,Vossatassar,Uffe Pants,,01k56bnfz1y0c70sx8gf5d4d8h,ok
,Vikafjell,Muren skalljakke - Herre,,01h6zxbkm8dnekyn60zg2qspnc,ok
,Graffiti,Riana Kids Shoe W/lights Size 24-32,,01h934jghv3zraesa5swgvynyy,ok
,Daniel Franck,Echo Belte,,01h6zxbhdt4q8hzhpmgww04wcp,ok
,Hummel,hmlMotion Training Pants Jr,,01jax8d5yew0rnq96hch2mdeqq,ok
,Vikafjell,Hoddevik Campingstol m/armlene,,01je61djfdxmaph27e9bt2qvxy,ok
,Yikun,Disc Golf Putter XING,,01hw2zekb0qds1tes889bgb0ew,ok
,Vikafjell,Myra 22-27,,01k2y49epyedvejj74dh63670r,ok
,Vikafjell,Milty WP 41-46,,01j7zw4a3zhp054rvn93m1aw5t,ok
,Kari Traa,Thale Beanie,,01h6zxbmsf9831bvw7fv53m52c,ok
,Bula,Lost lue,,01hrpx3w7pgxbs5c9q1a6egjwx,ok
,CMP,Mataar Mid WP -  Junior,,01h6zxbjwmraqyhspajg9ar0y2,ok
,Pawfect,Pawfect Tennisball med pip 3pk,,01kd5tyamr3e6wbp988txsd4th,ok
,CMP,Mataar Low WP - Dame,,01h6zxbjwmraqyhspajg9ar0y5,ok
,Sway,Flo badeshorts - Barn,,01h6zxbmsmsznsg5qmvdv7k0cb,ok
,Kinetic,Little Viking Kids Knife,,01h6zxbmdq3atrmjehxdpve40w,ok
,Tiny Trolls of Norway,Tottelott sokker 3pk barn,,01hph7t7xmqgd081reandkyvst,ok
,mamba,Mamba Citruline Malat 200gr,,01hpkz4z0bssem3rzw6x5qvg0y,ok
,Vikafjell,Bjørgvin PU sydvest,,01jyrpwwesh7cbs188hhafz3qb,ok
,North Pro,California swim shorts Jr,,01j6794n1r8bdfxwa56f71ajvf,ok
,Endurance,Abdon M Melange S/S Tee,,01jer5jyb1319bh0y2vngg035q,ok
,Northug,Canmore running jacket - Man,,01k7p54qh1acmktyxn006r2js4,ok
,Staal,Aurlandsdalen Igniter,,01k7h7bze0fb3hr2c13rvrvcg4,ok
,Adidas,Hairbands 3pk,,01jp2q3hx0hby5prs00ge5gks3,ok
,Kinetic,Hummer- og Krabbeteine STD,,01j7bbj8hc2af3w9h727883cdj,ok
,Maren,Danio dinosaur,,01kcr9rm98sk4x95abrzna2xf9,ok
,Ox,Push-Up bars,,01jq6fdt6jx6ekgjc7zng4k0ey,ok
,LMNTS,"Hyper-dry towel 63,5x150",,01h6zxbdcs2erapwmhsmqpa0pw,ok
,Lars Monsen,Tysfjord turbukse - Dame,,01k4sg40qtgpxdzz365jev8q91,ok
,Northug,Sunflare,,01jp7y0a5q8dmm5yag9q5g2q0c,ok
,Cruz,Wernerson M Beach Boardshorts,,01h6zxbn4rvdrm8hmhyg69ess0,ok
,Endurance,Tenahe W Training Pants,,01jfa3g74qthbtz5frqj1whc3m,ok
,Heldre,"Prestholt termoflaske 0,75L",,01h6zxbhc9wdah6f64zewsg238,ok
,Tiny Trolls of Norway,Vanntroll PU regnsett m/fleece,,01j2bhf7v3s9kxs3j5jbzkcc97,ok
,Kinetic,Neoprene fishing glove,,01j7bfndyhpqfqasf2y7v38t17,ok
,Kari Traa,Thale Jacket,,01k4z1g66nwdwbcqykf2b7yeeg,ok
,Lars Monsen,Monsens kylling 2kg,,01kec530dzn7gmx8r2mne1bemh,ok
,Åsnes,Åsnes Shorts,,01j8sb8gmfd55hfx1x5s0230cb,ok
,Endurance,Moovy W Tights,,01jmevrxxbt4qgp6hbkvksnf68,ok
,Kari Traa,Thale Headband,,01h6zxbmsf9831bvw7fv53m52d,ok
,Kinetic,Torungen T Curve,,01j7bhg5q7qgt9vm3w4njqdc57,ok
,Heldre,Århus ull t-skjorte Dame,,01h7yqw64yq8p8excmbm26se76,ok
,Vikafjell,Fjellet R5 Liggeunderlag,,01jfhmjdpq9xg7bh1nezp7fssa,ok
,Heldre,Arendal Cardigan - Dame,,01k4sf03x9kpftj0mwqvndsszt,ok
,Lars Monsen,Monsen Fiskeveske med 2 bokser,,01k7es0fqyj7drfanzdx22y0sw,ok
,Sway,Rapid 36-41,,01h6zxbk7ghm04day7t3h5ybmt,ok
,Graffiti,Dallasay Outdoor Jacket W-PRO 15000,,01h6zxbm0xs5ayanp2ysgr7yqm,ok
,Aerym,Addison Mid GTX,,01jgp6tkdb1ayyavpv3p21qvvf,ok
,LMNTS,Eggholder,,01hd18htb9b9w01bef346gf7vn,ok
,Maren,Topp! Slowfeeder heksagon,,01kd2pwx679j8nxyzg8eb79hmk,ok
,Endurance,Carrollin W S/S Tee,,01hsej70hgp0a2dzx3yz8m5ja6,ok
,Vikafjell,Campingkrakk,,01h6zxbk8184c7snyghx0vpr7h,ok
,Kinetic,"Super Mono 500M 0,20MM 3KG",,01j6y30yy4c4f6359b4wcb5fk4,ok
,DO2,Roubaix Drikkeflaske 610ml,,01katy1negfmm4x50v177t8a6r,ok
,Vikafjell,Nes Pile Fleecevest jr,,01j327vjba1ggf0pqf4wwpym1v,ok
,Cruz,Austo W Leather Cork MOC 36-42,,01jz7ewvxg7jn58a333eced7p8,ok
,Kinetic,Hekler torsk & makrell 4 pcs,,01j7behasatmhq3737dr9y9efy,ok
,Lars Monsen,Molladalen 75L ryggsekk,,01k56k1h17j41hgdx229zwv26w,ok
,Ox,Led mobilarmbånd,,01jq6c2yb31xzt4esg3wwtv8cw,ok
,Disney,Disney Premium Multi Matboks,,01h6zxbm1dzbafmfn48d5kcj0y,ok
,LMNTS,Lysglimt 160 hodelykt,,01h6zxbdptrs4af6w4da86v587,ok
,Kinetic,Vibra Spin 7' (12-40 gram),,01j7dsgakxbtvsv4xn9xm6ggy7,ok
,Åsnes,Myrkdalen Cord Skirt Wmn,,01k4yns822ayfgvc1e8633yc42,ok
,DO2,Luz Ardiden Windbreaker Vest,,01k7rhayqq7eqjf1zpqj43t3hy,ok
,Endurance,Nani W S/S Tee,,01hsk6pgthzb8fcy03q94whpen,ok
,Snjór,Lifjell Pilefleece dame,,01jktjgbresanpxkaqff4mswt4,ok
,Endurance,Jaron M Seamless Midlayer,,01h6zxbms92e3rkp8y7g6pft6m,ok
,Vossatassar,Stripete Headband,,01k56cwdf6rx4yq9y5pmpgz66f,ok
,Bula,Original Pants,,01k4ykm9jbe19v1feemtnct7a9,ok
,DO2,Luz Ardiden Windbreaker Jacket,,01k7rgk7rgfe57mbq38yartfwk,ok
,Vikafjell,Vandring lakenpose (rektangulær),,01h6zxbfqmte58mxz71mc7csd2,ok
,Cruz,Lewisis M S/S Polo,,01jbv78xkd6frbze9abt1mp2zb,ok
,Tiny Trolls of Norway,Blopp T-skjorte,,01h6zxbk83dvfac3nj6zazd78n,ok
,ASG,Disc Golf Starter Bag Pro,,01hw4zrf02ky4ap4r593px0pv0,ok
,Kinetic,"Fisketang 8,5""",,01j7ba71rg4zevmsmc0e9r4bj8,ok
,Endurance,Lowen M Sweat Shorts,,01h6zxbm11pn7zy48yjjyt3kd5,ok
,Diadora,Snipe 4  JR,,01k4ycn28t3996c1bas0p0j8ck,ok
,Alien,Laushornet,,01hthxfvxv2yra0hz9gf06d813,ok
,Lars Monsen,Trollheimen Kjelesett,,01k776cepytecnr25cj346kna7,ok
,Heldre,Aunefjellet Pile fleece jakke - Herre,,01k318atq0c89t54zty343svdx,ok
,Cruz,Forrin M Leather Cork 40-46,,01jz5rjqks8k87qdch54ff7bw2,ok
,Ezinne,Yola seamless tights W,,01jt02fn0nghzrd1ddektm4r7a,ok
,Endurance,Franza W Tights,,01h6zxbe1m2a1hw4b59b3n2e67,ok
,Vikafjell,Hoddevik Campingstol,,01je5z2ms1g260er93hytb94dw,ok
,Kinetic,Harpe Søkke 300g,,01j7bcgfse51atj9e67nx27cyh,ok
,Graffiti,Logana Pre Walker Shoe Size 20-25,,01jjca12nyjr131cjgm5g2tkr2,ok
,Tiny Trolls of Norway,Blopp Shorts,,01h6zxbk83dvfac3nj6zazd78p,ok
,Ergobio,Dalix 41-46,,01k38dg12ssa1dk2338fwcwh86,ok
,Vikafjell,Marken Multi skalljakke - Dame,,01h6zxbhsq49yzav9bh5dr7qck,ok
,Kinetic,Vibra Salt Spin 9' (30-80 gram),,01j7dt9nrzyr975y6hgjb4stwk,ok
,Hummel,hmlMotion sweat crew,,01h6zxbn4jc2rd9tbn903r9f15,ok
,Vertical,Came W AWG Jacket W-PRO15000,,01h6zxbjfgnj1nh41redeyktrg,ok
,Tiny Trolls of Norway,Rainyday 20-27,,01j6vyjr083eqd34dqef7jxzfj,ok
,Sway,Apex løpesekk 10L,,01hg8kbz67ecjtfnhf4kg1q0x0,ok
,Tiny Trolls of Norway,Alvesus Dunjakke - Barn,,01k5rk27xfe713k0k41czt3tee,ok
,DO2,Roubaix Baklykt,,01katr5e7bjzcphexvpks3frhx,ok
,Scandinavian Nutrition,Ashwagandha,,01hfxtc2k92yy8f80x9gfxpecj,ok
,Graffiti,Sebastiana Kids Slipper W/Lights,,01h6zxbn4ty3ry048qdy13c7yw,ok
,Vertical,Siri Jr Rain jacket,,01jqv2665tr7n0rtwn98q9x0dc,ok
,Rezo,Hydrocolloid Blister Plaster 6pcs. Mix,,01jmhwrd7m0sdjw492xg63e5bt,ok
,Endurance,You Cap,,01h6zxbm11pn7zy48yjjyt3kcv,ok
,Kinetic,Jebo Herring 42g,,01h6zxbgc4780sgze8dsbr315w,ok
,Maren,Topp! Sylinder M,,01kdz8vym5kw479xqtsd9c5zy9,ok
,Endurance,Iskana V2 Running Bag With Bottles,,01jfcaxwznev4wqnwhedme36fh,ok
,Endurance,Enten V2.0 W Melange Midlayer,,01jrab42d8vghw2wqkfaymf8mp,ok
,Ox,Hex rubber dumbbell 12.5kg,,01h6zxbecp8g705fjswzr1gx59,ok
,Vikafjell,Jondal turbukse,,01h6zxbk7j7e0krtpy1y2148y9,ok
,Disney,Disney Lunchbox,,01h6zxbkkkn0rt0q6mm3tz59yt,ok
,Umbro,Formation IV SC TF Jr,,01ka8dk8rzdse2va9k0g9tjqsf,ok
,Kinetic,Vibra Salt Spin 10' (80-170 gram),,01j7dtcr3v24kzrktapwt2g63p,ok
,Kinetic,"Multiklipper 2,5""",,01j7bah1qxgbzgh6x48xf7cee3,ok
,Endurance,Rianny W Top,,01jraqxj71e78t3trt4abqncw0,ok
,Sway,London superundertøysett - Dame,,01h6zxbdnzs1tgpfb8qefr2tcf,ok
,Heldre,Fram Regular 41-46,,01jjp7224cnaw9b0f7fgavwj4h,ok
,Cruz,Joee M Shorts,,01h6zxbm0xs5ayanp2ysgr7yqg,ok
,Lars Monsen,Monsen Favoritter Sluk 5-7g 5pcs,,01k771e48211hdcwrjgrht4knd,ok
,Maren,Topp! Gummiball med pip S,,01kdzdntebstg9dyhz7wspe66q,ok
,Kinetic,Sniksnøre 6 kroker 100m,,01j7bcczex93shmfexd8r7c5ac,ok
,Alien,Beito,,01hthwesv9ft6e5h6hhdpmkw0z,ok
,Mitchi,Stanford shorts junior,,01j7gfjgtby2tb9n0rsr9yx819,ok
,North Pro,Orlando cargo shorts Jr,,01j676c6zezasekfy7btktcekb,ok
,Vikafjell,Odda 2.0 Vanntett turbukse Junior,,01jyka9zeacfsevxwppenw0j08,ok
,Endurance,Varhildas Uni Sneaker,,01h6zxbn4qznvaeke5f6b1rqht,ok
,Endurance,Endurance Arch Support Low,,01h6zxbhdrbk0d8da6962tndgh,ok
,Endurance,Lanakilano 20L Sports Bag,,01jer1pv27mpxx8payk06ff6zy,ok
,Ox,Speed jump rope,,01h6zxbkmrhmye8e3t153ptf8r,ok
,Åsnes,Myrkdalen Cord Shorts,,01k4yn9597asszwd1n7z46s4bd,ok
,Graffiti,Wonon Kids Shoe WP,,01h6zxbn4ty3ry048qdy13c7ys,ok
,Endurance,George West Women bra,,01h6zxbc4d9ewgb2nkv5fprjyc,ok
,Endurance,Kudlen Outdoor Boot WP,,01h6zxbmd7d74f33bc94894k62,ok
,Kinetic,Silden 200g,,01j73pzzdrman2ah7y2pry37ep,ok
,Mitchi,Stanford joggebukse - Dame,,01hr47jc0zdx65tbwa6a4ystsv,ok
,Umbro,Formation IV SC TF VE Jr,,01ka8e4esa7cdcpfbtwmtvzr1b,ok
,Heldre,Fram støvel 41-46,,01h6zxbmtfa5qc0ss52p5n805y,ok
,Graffiti,Cagliar Kids Shoe Size 24-30,,01jjcc6mp78hxt6yceng01shhz,ok
,Sway,Swim Badehette silikon,,01h6zxbkk1qb9f5s6par784919,ok
,Northug,Northug Drikkebelg 2L,,01jdptqhn4py4m0nkmat1pt7ja,ok
,Cruz,Wendeeni W Swimsuit,,01h6zxbn4rvdrm8hmhyg69ess1,ok
,Vikafjell,Femunden 45L,,01k6a5y2rr1nch9767dse26fsh,ok
,Endurance,Livio 3-pack Silicone Sneaker Sock,,01h6zxbj4g16era4ryc0v99zdg,ok
,Ezinne,UP 30 (36-41),,01jgkpa54q3pyg3mnn0s0ejcwy,ok
,Endurance,Plath Jr. Seamless Shorts,,01h6zxbn4ty3ry048qdy13c7yp,ok
,Kinetic,Hekler torsk 4pcs,,01j7bec743xdraksm5z3c41en1,ok
,MOLS,Mirentus M Leather Boot WP,,01h6zxbmd8cann191edtah8nrh,ok
,Ezinne,Yola Compression jacket W,,01k0c68f4dvp777drk52f1sdpn,ok
,Lotto,Stadio 705 Jr. AGMR,,01h6zxbmsvqr2m8hzq6cdtskm1,ok
,Vertical,Deltonga W Checked Shirt,,01k9cmekjagzqpbw1nj0fn0pbh,ok
,Kari Traa,Livia shortsleeve,,01h8xz7afjq1fky20f1enm8pe8,ok
,Maren,Krinkle tassen mini,,01kcrc5p86jsajq7fdr6dhy817,ok
,Endurance,Alanie W Sports Bra,,01jer6nm1ey6s1vk9rvhdb83gw,ok
,North Pro,Ava sweat shorts Jr,,01h6zxbn4xtawwne6j6wjpxmym,ok
,Ox,Resistance tube Light,,01jq6cafjazqf1sb3pf63z1rxn,ok
,Pawfect,Rullebånd med hundeposeholder 5m M,,01kcrtv682n8pqqhj6t423wmtq,ok
,Tiny Trolls of Norway,Trolleløv ullsokk (3 par),,01hfrmh619vv9vjb51xrxh1dtx,ok
,Snjór,Skarvet Fleece Half-zip,,01jkteb3rq33k9xj2fzwyfff5e,ok
,Endurance,Mallorca 3-Pack Sock Low Cut,,01h6zxbc45ja7pzf123sqw0t9d,ok
,Kinetic,JH Flash 34g,,01h6zxbh0erawxffzaz8xrrt1t,ok
,Cirrus,Meleager M Stretch Chino Shorts,,01k8b363mq5yjzv1z9a4a63efn,ok
,Endurance,Abdon Jr. Melange S/S Tee,,01jer721vsbfcd8hypb1tjvfv4,ok
,Lars Monsen,Bushwacker strap (44 cm),,01hhkywtv2s6hrcmfd8ee48vgy,ok
,Vikafjell,Ulvik ullue,,01hnmf80shy37pv6jq9jj63kwm,ok
,Northug,Nidelva Drikkebelg 2L isolert,,01k7gzzp7xw4swgw8f7yn8qb5h,ok
,Ox,Justerbar Benk Light,,01jdw28txde3030ez5jdp6nn63,ok
,Sway,Sola våtdrakt - Herre,,01h6zxbdparweacyh7sgnzygng,ok
,Vertical,Gelna W Rubber Boot,,01jz7smfyqapvprtd1r95jgbz8,ok
,Heldre,"Prestholt termoflaske 0,35L",,01h6zxbhc8d44bagn2y1ksqk8b,ok
,Vikafjell,Vinje Superundertøysett dame,,01jh2z83fs0d01z1wbxx84jrp3,ok
,Nike,Headbands Print 6 pk,,01h6zxbmt0032bdxmahxz1dxmn,ok
,Alien,Hornelen stor,,01hthw47wevxpw8919n4wvtfnf,ok
,Heldre,Glomnes turbukse - dame,,01jkthewemhgs2jky23w9t6dqn,ok
,Endurance,Keley W Jacket,,01htpyv464azdz6vfdez9csm1h,ok
,Ox,Gym Chalk Block,,01jd9x51372e86ps901hy5rs75,ok
,Sway,Sola våtdrakt - Dame,,01h6zxbdparweacyh7sgnzygnh,ok
,Kinetic,Vibra Spin 7' (5-24 gram),,01j7dnxc03fpz2rdm4rcstgdt8,ok
,Vikafjell,Nosi 40-46,,01jk60ka894grqr324pk2t0gz0,ok
,Kinetic,JH Flash 24g,,01h6zxbh0erawxffzaz8xrrt1s,ok
,Northug,Trail Pace 36-40,,01k38gw9bd3djntkxbj8t844xy,ok
,Vikafjell,Plito WP 36-41,,01j7zx5m9e1zdxj76bxnaays38,ok
,Rezo,PVC Football,,01hkw1bkph748s0y84s7vypkdp,ok
,Endurance,Herlenton Jr. 2-in-1 Shorts,,01h6zxbn4ty3ry048qdy13c7yj,ok
,Kinetic,Våtfluesett Dobbeltkrok 5 pcs,,01j7b9kp25t750p7wdavxr5bd0,ok
,Bula,Chill T-Shirt Jr,,01j8pjpbxf2j29r6bx4vhg9a17,ok
,Sway,Regntrekk til sekk m/refleks 36L,,01h6zxbjgxhc82nk8q5qwmwjhj,ok
,Endurance,Hanieber M L/S Tee,,01jfa1nnqv3hmvkdzx770n13jc,ok
,Pokemon,Pokemon Blink 24-35,,01k229rtdjwvw6ydnfzy2c2ert,ok
,Heldre,Grimstad kåpe - Dame,,01k4sgv4vaq34fzjv55mtc5jq7,ok
,Lars Monsen,Røvoltjønna Turbukse,,01h6zxbm19kgr205w2x5pqreq9,ok
,Maren,"Flott! Stålskål dobbelvegg 0,3l",,01kd2qjytmyzr57r7cybb7dnp7,ok
,Sway,London superundertøysett - Herre,,01h6zxbdnzs1tgpfb8qefr2tch,ok
,Sway,Swim svømmebrille,,01h6zxbkk1qb9f5s6par78491b,ok
,Northug,Vancouver running tee - Man,,01k47e8wnr9fyw780c2sb8t7t8,ok
,Aerym,Brooklyn 1V GTX,,01kc8ryp0y4bexk3svj23af4cz,ok
,Daniel Franck,Djerv Fleece HZ W,,01k2kwc4t2z1p4xfyzgvny7e5g,ok
,Daniel Franck,Alpha 2.0 LS Bukse,,01j2tstk8mdy1pj76rzhqbrjcp,ok
,Heldre,Stavanger skalljakke - Herre,,01h6zxbk7ybjkx0sm3qb1w9qgn,ok
,Endurance,Flame W Seamless Tights,,01h6zxbmd5wn1zw39sxb9f1wfw,ok
,Staal,Hurricane Pro gassbrenner,,01h6zxbkk09g4v9n6996vag1zq,ok
,Hummel,hmlMotion Hoodie,,01h6zxbn4ksh3a2v7c5fg4x84z,ok
,Vikafjell,Bjørgvin PU regnjakke - Dame,,01jyrq8aevvdp5athxx9kv65pq,ok
,Lars Monsen,Driva åre til Packraft,,01h6zxbmc20j0z8nc32nf7asyn,ok
,Maren,Topp! Kongle med tau S,,01ke6tvmkxt85cjq05fmrzetvh,ok
,Endurance,Endurance Memory Support Insole,,01jy6m8xengqymp5yrj0kpeacn,ok
,Cruz,Tobyson M Mid Thigh Boardshorts,,01h6zxbn4rvdrm8hmhyg69esrz,ok
,Heldre,Steinstø jakke,,01h6zxbkm8dnekyn60zg2qspns,ok
,Endurance,Nador Jr. Gym Pants,,01je6d1g9cwxt03w5bpdjejaa8,ok
,Snjór,Lifjell vattert vest - Herre,,01k4sd5y9qf07xsska5gc40g8w,ok
,Vikafjell,Bergo allroundhanske - Dame,,01h6zxbhdpjj9a59crg20h1d30,ok
,Bula,Lost shorts,,01hrpwmynn1pzs1abjk7kemrqh,ok
,Maren,Tøffegjengen villsvin,,01kebpnjj0hx5yvswrj5t9eksc,ok
,Storm,FAST DRY FOOTWEAR PROOFER,,01k3tnf8xpy6qs49s88wamvvhg,ok
,Vossatassar,Stripete Beanie,,01k56cqz3w6j0gcxfn9vdbvfjf,ok
,Endurance,Aleaey W Melange S-S Tee,,01jfa14yr80bd697h0q98fsq38,ok
,Umbro,Furio Tech Tee,,01h6zxbe2hwc0vkprbe14mhw9j,ok
,Kinetic,Fantastica CC 7 MH 12-40g 2sec,,01h6zxbjvfsjrxsnnjma0hdhph,ok
,Pawfect,Pawfect rev,,01kebqftvcra45gdk9d8pznfe1,ok
,Åsnes,Åsnes Knitted Crew Wmn,,01k4ymvwwsp326wf9p9dpndpvm,ok
,Kinetic,"4-Braid 300M 0,20MM 18KG",,01j6y2adgxw0mvf0a4v8v8jrd3,ok
,Kinetic,Viper Spin 4000 FD 4+1BB,,01j6xyv3yh6p3ndag81ynybpda,ok
,Scandinavian Nutrition,Purple Burn PWO Pulver,,01h6zxbmcp59r1xymn45mjnde9,ok
,GUPPY,Felinus Sweat crew kids,,01h6zxbn4wnk0qnxmqf7bej96e,ok
,Ox,Justerbar manual 24 kg PRO,,01j4v0gyeqk2v3kadywcv6f3r8,ok
,Champion,Champion Crewneck T-Shirt W,,01h6zxbn4g0b7fv2ftr8ntcetq,ok
,Lars Monsen,Monsens renskåret kylling 400g,,01kmg50esv8n32q3fgt28py4he,ok
,Northug,Sunflare Frame,,01jp7xphv9spj59gyyxvyxywk5,ok
,Heldre,Aunefjellet Pile print Fleece Vest - Herre,,01k317se5w28s1r01m74wgs8pt,ok
,Maren,Kaare koala,,01kcrf4h9m2fh9z7m7ygm8n2vp,ok
,Ox,Ankle wrist weight 1kg,,01h6zxbkmm0fvkysvtmw0530td,ok
,Heldre,Mello Low Jr 32-39,,01j6vrjdt5y4j3s3mx4746p70d,ok
,Pawfect,"Pawfect stålskål 2,5l",,01kevapkzw5bmcatgwq3yqmrmz,ok
,Endurance,Kysone M Jacket,,01htpybegsj3yfx77mjjk99rnw,ok
,STAUT,Wrist Wraps 60 cm,,01jq6fqj0q4j62qt6meqccy05s,ok
,Vikafjell,Valstjerne fleecejakke - Junior,,01k47669zgg16zxmckg98cqgwc,ok
,DO2,Ardennes Fotpumpe,,01kav09edp07kx89e796z7jvt5,ok
,Endurance,Soft massage ball 2 pcs,,01k0brzj77k2dsbpfne5vypfd5,ok
,Maren,Jippi! Berit Blomst,,01kd5w4m0t5xc79p8qay93wwmx,ok
,Vertical,Kanajsa W Half Zip Midlayer,,01j358x05cbdzsve0my1y4h0r5,ok
,Hummel,hmlMotion Sweat pant,,01h6zxbn4ksh3a2v7c5fg4x850,ok
,Vikafjell,Svale Jr 16L,,01jdvj9wt9s6fvx2y1j98ez0gf,ok
,Graffiti,Dallason Coverall W-PRO 15000,,01h6zxbm0ys2xs1zbjc8t0t9ra,ok
,Vikafjell,Bergo allroundhanske - Herre,,01h6zxbhdpjj9a59crg20h1d2t,ok
,Graffiti,Dallasay AWG Pants W-PRO 15000,,01h6zxbm0xs5ayanp2ysgr7yqn,ok
,Tiny Trolls of Norway,Trollmagi PU dress,,01jyrnn5v1pxchq4p2eqmxpvfs,ok
,ASG,Disc Golf Basket,,01hw4zwqdg6vp6bnj5jm0fn06m,ok
,Ox,Neoprene kettlebell 6 kg,,01h6zxbkm542d85r894chf9b4r,ok
,Endurance,Clennen (40-47),,01h6zxbm14kjg4mrp81fasbdhg,ok
,Hike Sport,Rauland turbukse - Herre,,01h6zxbddme14smdfpfn7rj9dz,ok
,Lars Monsen,Monsens kylling små raser 2kg,,01kebznn2g3cab9cew8n2spefg,ok
,Lars Monsen,Rago undertrøye,,01h6zxbm1817ax1ea4q9ktcb1j,ok
,Vikafjell,Svale Jr 10L,,01jdve75j75jd9agca0e3nectr,ok
,Ox,Powerband Light,,01jq6hqtpynyp3pmnm1sk0gcnz,ok
,Endurance,Raleighana W Tights,,01je90z9zb1w0gaymaqffe8npn,ok
,Kinetic,Knivsett Filet 3 pcs,,01j7bb9zf3p468x3yb7nx0q687,ok
,Endurance,Endurance Flat Lace Shoe,,01jy6k2m17cd5kzx657peg9my7,ok
,Endurance,Mersam Headband 4-pack,,01jfcas04jjbhdh85ymcybhhez,ok
,Åsnes,Myrkdalen Cord Shorts Wmn,,01k4ynfacddah9t4cmfr4w9xac,ok
,Staal,Staal Multiverktøy,,01h6zxbgp49ftb8v69babragnk,ok
,Heldre,Snøhetta ullboxer - Herre,,01h6zxbkmdf3mm1f6vd11xvgjw,ok
,Ergobio,Rubicon WP 36-41,,01j6haewtjz8adc9pb4wjbnpzr,ok
,Outdoor Research,Swift Lite Tech Cap,,01j2k01v1r0jdv2x4d0zt9pd5m,ok
,Endurance,Hugoen M Jacket W/Hood,,01h6zxbm11pn7zy48yjjyt3kcx,ok
,Vikafjell,Trolltunga Bukse Dame,,01h6zxbmskensyqt1d7a51a1zf,ok
,Bloom,Bloom Creatine,,01kt99ma7mjqcpyyy0gsjjeex5,ok
,Kinetic,"Super Mono 225M 0,50MM 17,3KG",,01j6y3aczwyj1jz7gv6mgqrd51,ok
,Endurance,Donovanob Uni Indoor Shoe size 36-46,,01hnfy2spxkbkvas5c3hgz79fv,ok
,Northug,Toblach long sleeve - Man,,01k47d92w5bgyqvq49bhkc8q0d,ok
,Heldre,Rain 41-46,,01jngg14eshjx7fb6gaqh5g5nb,ok
,Vikafjell,Montana Fleecejakke Dame,,01h6zxbhspqx89ehrxyzjg0263,ok
,Maren,Topp! Kongle med tau M,,01ke6v9jkxr0mz9035vqnwpasj,ok
,DO2,Luz Ardiden Sleeves Thermo,,01k7rj74jvrkzmymehfmp7gfpt,ok
,Endurance,Donjan W S/S Tee,,01jrag74hcfe8nja4vwr5qm2e5,ok
,Ox,Neoprene kettlebell 10 kg,,01h6zxbkm6r6ndcc5hxzsjb7pv,ok
,Vikafjell,Sitteunderlag ALU,,01h6zxbmtma3wsj6djqm6pcaf6,ok
,Arena,Arena M SWIM SHORT GRAPHIC,,01jgzyvv21t9wynqg0saw38r8e,ok
,Graffiti,Webstern SS Printed T-Shirt,,01h6zxbmsbnrw8eyja9q9f0xjd,ok
,Vertical,Davinana W Outdoor Pant,,01h6zxbm0ys2xs1zbjc8t0t9rf,ok
,Lars Monsen,Elgpiggen termo drikkeflaske,,01h6zxbm0gz76na53kc1w8m1a4,ok
,Outdoor Research,Helium II Jacket - Dame,,01h6zxbdd46t95hqe8fzhkptfn,ok
,Lars Monsen,Hallingen 36-41,,01h7yse21ch97gx32kj74ye81d,ok
,Umbro,Furio Half Zip Jr,,01hrvqcybkh2qjggy4p1qfdgv0,ok
,Vikafjell,Bjørgvin PU regnbukse - Barn,,01k337nhhbha9bw99pavbwwn24,ok
,ASG,Wooden Croquet,,01kr0qvt6phk9tk8d33ahmjk8a,ok
,Lars Monsen,Nordland Turbukse,,01jkg28sg3p3hwefrwqdywg5rx,ok
,Vikafjell,Bladet teleskopstav,,01jt0erv8gfhhbzdgnxfts1vhs,ok
,Vikafjell,Os fleecejakke - Herre,,01h6zxbc57t0d5pk1k76wr6m9s,ok
,Kinetic,"Super Mono 150M 0,60MM 22,4KG",,01j6y3d3ycxt4akt1sxzbkwfsx,ok
,Ezinne,Akure sleeveless top W,,01k47cmd0vc0xs45bfc8g0yznt,ok
,Northug,UP 30 Elite (41-46),,01jgkjsahevn31eq69a19kbbzd,ok
,Heldre,Bergen Støvel 30-35,,01jj7hqqghnb141bxdeacwzq3e,ok
,Vikafjell,Haugsvarden Lue,,01h7z3g6absa6vz64dbmxttkjb,ok
,Endurance,Gilbent Jr. Multi Pants,,01h6zxbm102b9r0khfyre8vgjp,ok
,Vikafjell,Naglabete håndvarmer 1 par,,01jvpsj947n2x7jjcjqvdxf4b1,ok
,Heldre,Stella pannebånd,,01h6zxbkmdf3mm1f6vd11xvgk8,ok
,Rezo,Konana Skateboard CH-M,,01hkvzg6x4vfb85bcttfa3f12h,ok
,Lars Monsen,Lierne 3L skalljakke - Herre,,01k3qqr6795es9h5ge6ve8z4c4,ok
,Vertical,Arloner M AWG Pants W-PRO 15000,,01k2y9n1av8rpjfjrg86bn9en1,ok
,Kari Traa,Louise Sock 2pk,,01h9fgx66qz3cv89trxwqxcv2y,ok
,DO2,Ardennes Kodelås,,01kav04dbmb824wx347yh5tw4n,ok
,Kinetic,Mini Silden 18g,,01h6zxbgc5p726fhajkwdgz2zg,ok
,Staal,Handy multiverktøy,,01hhy4stmvyak8cspxewmnjq32,ok
,Lars Monsen,Saltfjellet stativ til gassbeholder,,01k7p4j59th1e6zx3vd26da5r0,ok
,Endurance,Eriniana Jr. Seamless Tights,,01h6zxbm102b9r0khfyre8vgje,ok
,Tiny Trolls of Norway,Leik 8,,01jdpw30ma0b6tm60dsqbxd7fq,ok
,Vikafjell,Rolvskvil jakke dame,,01h6zxbk7zg6whs8cz5gnes1es,ok
,Champion,Champion Crewneck T-Shirt JR,,01h6zxbn4hw2zjwbpheqvbwyt9,ok
,Northug,Taichi Lingfei 31-38,,01k2ync66gqmkxhynvz6p5g4h5,ok
,Heldre,Fleta 36-42,,01j9605926k7kb6t0zm8164nke,ok
,Rezo,Daewonu Kids Protectors,,01hkw1trw8ef71qc2aghzw5dh5,ok
,Graffiti,Lodusana kids shoe size 28-39,,01hnhwf5jxfpdyaf5mwjes31t6,ok
,Åsnes,Åsnes Caps,,01j8sdsah6mw7274en2hd7wqgb,ok
,Kinetic,Kinetic Trout 12g,,01h6zxbgc5p726fhajkwdgz2z6,ok
,Vikafjell,Os fleecejakke - Dame,,01h6zxbc57t0d5pk1k76wr6ma1,ok
,Vikafjell,Bjørgvin sydvest - Barn,,01jyrr9y2nr5tz87rv61vvbg4t,ok
,Cruz,Pozza Bikini Top,,01h6zxbn4rvdrm8hmhyg69esrx,ok
,Kinetic,Våtfluesett 5 pcs,,01j7b9g36a5amxwy51c7rskbdj,ok
,Outdoor Research,Helium Rain Jacket - Herre,,01h6zxbmcw35hh8pnc7wtpjaex,ok
,Northug,Strider 35,,01jdvngxzg5zd5x78tmgqr3h00,ok
,Saucony,Ride 18,,01jpptyj7y2ghqq91fqdcf5gww,ok
,Daniel Franck,Djerv Caps,,01j2tnbk7nntvbnnh0psbs4b5s,ok
,Alien,Badgestein,,01hthwxkjwvtfn8pyhh65w0rrm,ok
,Vertical,Petrea W Rain jacket,,01h6zxbmd7d74f33bc94894k5p,ok
,Ox,Powerband Hard,,01jq6hydpfdzkxkap1gj0tpy0b,ok
,North Pro,Jacob jogger pants Jr,,01j678t7bmkwsazvyvvdp3e9an,ok
,Rezo,Galito Skateboard,,01hkvzp9tac2hfgqvn9b7vce8x,ok
,Sway,Madrid reisesekk,,01h6zxbmspe9cmv00apvnap60v,ok
,Staal,Polarlys 500,,01j0jmfa2dxs5j81gmn6z6mtwc,ok
,Diadora,Passo 6,,01k4yef0y678vhxft0kmafbwz6,ok
,Maren,Topp! gummiball med pip L,,01kdzd87qbcft2ddc658ge8vre,ok
,Maren,Topp! Snack ball M,,01kdzc8k5hmcfcg2pxckzbe88d,ok
,CrazySafety,Protection Gear Pack,,01kbmcf8yt5k4sf29ea6spcwd5,ok
,CrazySafety,Dragon Bicycle Helmet,,01kbm845z5zst6qx033tkrw11a,ok
,Kinetic,Long Shank Single Hook #7/0-5/0-3/0 24pcs,,01h6zxbk7aztvrcpq7xz28dnmt,ok
,Diadora,Cellula W,,01hj0rf3v1ktcb2egcb41q9ae3,ok
,Vertical,Rod W Light Puffer Jacket,,01jbvn3kaddva0ak24pbv5hj06,ok
,Lotto,Stadio 705 AGMR,,01h6zxbmsvqr2m8hzq6cdtskm2,ok
,Endurance,Tallent M Functional Jacket,,01h6zxbmd5wn1zw39sxb9f1wfr,ok
,North Pro,Orlando hood sweat JR,,01k30jb30b7djj6f0mxbzxt1r5,ok
,Staur,Gummiknott til vandrestav 2pk,,01je60t34y1fxdee8ppc8kz6t0,ok
,Vikafjell,Finse Jr 30L,,01jdvqar40ph2t37f7p6yvhta1,ok
,Vikafjell,Gullbrå lett dunjakke,,01j90txdr8vc1rcz8793bxb6dj,ok
,Vikafjell,Ulven 2.0 Fleecebukse - Dame,,01jkteh8qgsn1xhdyetrsq580q,ok
,Vikafjell,Voss anti-skli ullsokk (2 par),,01h6zxbjfv2zmf8r1dtx9rvs62,ok
,Kinetic,Kinetic Trout 9g,,01h6zxbh0erawxffzaz8xrrt1x,ok
,Endurance,Boron Low Cut Sock 3-pack,,01h6zxbc47ax3nx4wt0b4nq5pa,ok
,Alien,Taurus skihjelm,,01h6zxbm0703cbqjyjtxyn04jb,ok
,Endurance,Tulun Thermo Bottle,,01h6zxbhcsc96nx3aa5mnmq5ws,ok
,Champion,Rib Cuff Pants,,01jjbps3d5jenadsqzqv38a1xx,ok
,Sway,Energi drikkeflaske,,01h6zxbdq73htemhq0m50fmgzn,ok
,Kinetic,Little Viking Fun Fishing Combo,,01h6zxbmsbnrw8eyja9q9f0xjj,ok
,Endurance,Clennyea (36-42),,01h6zxbm14kjg4mrp81fasbdhf,ok
,mamba,Mamba Beta-Alanin 200 gr,,01hpkze9egbsk8146wgsf2q4qy,ok
,Tiny Trolls of Norway,Rumpetroll regnvott,,01h6zxbj3yna7ez42x9zt0jndz,ok
,Maren,Krinkle tassen,,01kcrdg5sc8055jqrah4q4m6qs,ok
,Vikafjell,Muren skalljakke - Dame,,01h6zxbkm8dnekyn60zg2qspnd,ok
,Diadora,Cellula,,01hj0sgzmav3kf9xqykqkv9r0m,ok
,Ezinne,Yola yogamat,,01jxhke2qvszsztx47fte8a762,ok
,Vertical,Rod M Light Puffer Jacket,,01jbvpn0c76k07294hw48xhhxg,ok
,Maren,Jippi! Snusematte,,01kd5vezfw8qkp1837m7syvdfv,ok
,Maren,Splæsj flyteleke flettet,,01kebr11m7d75t9cbt7bybnccq,ok
,Vertical,Yasir W Teddy Vest,,01jbvqntp5b6j18bpq2pvanzpe,ok
,Åsnes,Myrkdalen Cord Fleece Jacket,,01jjkv75cafdbvahc8sh746t8d,ok
,Noodles,Roadie 36-41,,01j6heytbhqstqaepdsk7q8vm8,ok
,Vossatassar,Ponk baselayersett,,01h6zxbj4y4by6j786r4nfr513,ok
,Endurance,Hard massage ball 2 pcs,,01k0p4k09kasrpeqwvkkbm2cx4,ok
,Daniel Franck,Alpha 2.0 2L Jakke H,,01h6zxbmttmc1d8d1753awq66c,ok
,Åsnes,Myrkdalen Lounge Sweater Wmn,,01k4yspg9nh58vxz7939q8bxz0,ok
,North Pro,Maja jogger pants Jr,,01j679d8gj2mdg9vahmpkaygda,ok
,Alien,Hornelen,,01hthvttf72waq6dnj08rbgt0q,ok
,Heldre,Steinstø jakke dame,,01h6zxbkm8dnekyn60zg2qspnt,ok
,Kinetic,Kinetic Trout 5g,,01h6zxbh0erawxffzaz8xrrt1w,ok
,Lars Monsen,Molladalen 55L ryggsekk,,01k56jwd7ccng16gj79szf3e5w,ok
,Alien,Klippen,,01hthvkhnx33w7rs9nmmzsvw4c,ok
,Heldre,Steinstø jakke junior,,01h6zxbmcp59r1xymn45mjndea,ok
,Vikafjell,Vinje Superundertøysett Barn,,01jh2xfe9gj7y5wmsxxmnamzad,ok
,Endurance,Endurance Heel Cup Support,,01h6zxbms92e3rkp8y7g6pft6g,ok
,CMP,Mens Stretch Bermuda Shorts - Functional,,01h6zxbjwpztdw6vkpbt43a2mn,ok
,Endurance,Alcudia 2-pack Run Sock Low Cut,,01h6zxbj4arycwy17ybd2bmjhw,ok
,Åsnes,Myrkdalen Lounge Pants Wmn,,01k4yta8asb20mb5fgjhhs5sx6,ok
,Ox,Neoprene kettlebell 8 kg,,01h6zxbkm542d85r894chf9b4s,ok
,Cirrus,Gallegos M Striped Tee,,01k8b3jexbnfetqarn6mtb9xhk,ok
,Northug,Brightbeam,,01jhmhyhra07qbgacjp5ftxezs,ok
,Endurance,Elisia W Shoe Size 36-42,,01jbyaxrctbk44esg475hme9bz,ok
,Cruz,Aqumieeana W High Waisted Bikinibrief,,01h6zxbmsagwv3160c7gtgwcjy,ok
,Endurance,Adrin M Leather Sneakers size 41-46,,01jz5r8055psdzcr34a0rsyg0t,ok
,Lars Monsen,Bøverdalen 1 telt,,01k5rmyhv19kf1bpb23hystmcm,ok
,Kinetic,Fantastica CC 9' MN 5-40g 2sec,,01h6zxbk77731b23axs3mpsdwt,ok
,Mizuno,Mizuno Revolt 4 (W),,01jff6re9b8v565nza95eyq2q7,ok
,Vertical,Arloner Jr. Pants W-PRO 15000,,01k9cs6a0tjczgyxferhhm19gh,ok
,Outdoor Research,Helium Rain Pants - Dame,,01h6zxbmcw35hh8pnc7wtpjaez,ok
,Move Mountains,Bitex 36-42,,01h6zxbmthn77bfxeepe8zfjee,ok
,Move Mountains,Bitex 40-47,,01h6zxbmthn77bfxeepe8zfjeb,ok
,Sway,Koko 30-35,,01j70fpa0w0dp93kzzynhfd3c2,ok
,Diadora,Løpesko Blushield 10 Vortice hip,,01j8fgmkfrx1tkwzk8waxbakmm,ok
,Champion,SS Tee,,01k3r8semqgvp2bjf3jmstqmm4,ok
,Hike Sport,Gautefall turbukse - Herre,,01h6zxbj560sd3h5a7wbdp7e81,ok
,Ox,Powerband Medium,,01jq6hv1v7kms64he41vrtckmx,ok
,GUPPY,Dani softshell jacket kids,,01j53az68dfx54srpq74pj59ht,ok
,Endurance,Barijat M Midlayer,,01jragp4tx7c69vq6tscfa7667,ok
,Ezinne,Yoga massasjesett,,01jxhmgg0p8x618efmw8e2vvmp,ok
,Heldre,Alta bag 60L,,01h6zxbk8gm5c8p0mbk5za7rh6,ok
,Ox,PVC yoga ball 65cm,,01jq6gmg8hwm3nem2rbdhwxzt2,ok
,Endurance,Halen Jr. Seamless Midlayer,,01h6zxbms8hehd75s9j0tbzbd8,ok
,Vikafjell,Drange Hanske,,01hpgqwcavwj7rm4xk9dfhzcna,ok
,Saucony,Ride 18 W,,01jppwb24enrqsh289km37qv7d,ok
,Endurance,Terminus W S/S Tee,,01jfa0r3n3k6phtz9as8rv7x1h,ok
,Cirrus,Meleager M Stretch Chino Pants,,01k8b2r2he2nwefk8fs369dej0,ok
,Cruz,Eyemouthe Jr Basic Shorts,,01h6zxbm0ebcp57ksppbsc7tfd,ok
,Northug,Sapporo Short Sleeve,,01jp4z6t0xhaptbd52y0r1f6pf,ok
,Champion,SS tee JR,,01j5xhf9j0gpsq0qywdjhpkccw,ok
,Graffiti,Dawlisha swimsuit,,01h6zxbm0xs5ayanp2ysgr7yqj,ok
,Tiny Trolls of Norway,Oopsi silikonstropper 2stk,,01jp4v8k8t6j3h2gv0paebx565,ok
,Cruz,Nicoly W Swimsuit,,01h6zxbjwkpnb2aftc6y6f4fww,ok
,Ticket to The Moon,TTTM Opphengstau 5mm,,01h6zxbgq44sy462f8njbe02cy,ok
,Kinetic,Nymfersett 5 pcs,,01j7b9ayczxtjyg6bck1pacdm5,ok
,Umbro,Furio Half Zip,,01hrvq5ma1d9wkazy8ca5p3sz6,ok
,Vertical,Gabrielle W AWG Bucket Hat W-PRO 15000,,01jmw0zy47k0fp458mp1xvqvem,ok
,Vertical,Gratine W Sherpa Half Zip,,01k9esyx7jjn2qrt3zxfkgy9b7,ok
,Kinetic,Vidda S Curve,,01j7bhd2hkbe5avrb769wcepbz,ok
,Lotto,BL FB 705,,01jj6p1pxxhdj03tjvecdx3t7b,ok
,Kinetic,Kastedupp 2pcs,,01j7bh6qcm1tfn2mqzhy3pj13p,ok
,North Pro,Haylie pant W,,01h6zxbn4ywjr8tqze204dyfgk,ok
,Vertical,Saltonon M Stretch Pants,,01jbvcdrpf8ycd9g8tza7xbn8h,ok
,Alien,Sportgastein,,01hthx47je40katdy1t77z2nb3,ok
,North Pro,Lonnie chino shorts,,01j66xhnmmj51wnm6a058jrged,ok
,Pawfect,Pawfect vaskebjørn,,01kebnqph5wbx0a1rev07p6c34,ok
,Graffiti,Minkayn SS Printed T-Shirt,,01h6zxbmsc8ztkaebgr1dkv436,ok
,Vikafjell,Panda hodelykt,,01jv2aypgc0y0ypcm9gyj49168,ok
,Cirrus,Armas W Shorts,,01k9c670nkks3e2y7rt87x2twd,ok
,Endurance,Muga Unisex Cap,,01h6zxbmd5wn1zw39sxb9f1wfx,ok
,Kinetic,Little Viking Bamboo Net,,01h6zxbmsbnrw8eyja9q9f0xjn,ok
,Graffiti,Weely Kids Boot WP Size 28-39,,01jz7hd860qyzdy34wfa3rqptx,ok
,North Pro,Danielle bikini top Jr,,01j679zsn58zhrsm3er3qv3e9y,ok
,Vertical,Deloitte M S-S Polo,,01jby3qgtepd28yfd0p7b67yss,ok
,Mitchi,Stanford joggebukse - Junior,,01hr496633t0wktesdfkkmxybs,ok
,Maren,Splæsj flyteleke sylinder,,01kebqn5b5tk84pmmv058frwr3,ok
,Vikafjell,Topo Lavvo 6,,01h6zxbe26739tb4kmty1atqnk,ok
,Lars Monsen,Blåhø 36-40 WP,,01k2y6ghq90dd46v9995jw38mt,ok
,Kinetic,Blaster Spin 9' (12-40 gram),,01j7dmt0q5g6yxjbt2ghpxj7xt,ok
,Ox,Neoprene kettlebell 12 kg,,01h6zxbkm6r6ndcc5hxzsjb7pw,ok
,Paw Patrol,Paw Patrol Blink 24-35 (Gutt),,01k22bw2maxhf3km2eh23fgxak,ok
,Maren,Tøffegjengen jerv,,01kebp1yjg71fcbr87b6brb8jk,ok
,CMP,Mens Stretch Pant - Functional,,01h6zxbjwn3k4psd0ec58m4b6p,ok
,Heldre,Stella hals,,01h6zxbkmdf3mm1f6vd11xvgk9,ok
,Endurance,Kinar W Jacket W/Hood,,01h6zxbmd4nx7z25ze2b8f705d,ok
,Ox,OX  Jump Rope,,01h6zxbmthn77bfxeepe8zfje2,ok
,Champion,Rib Cuff Pants Jr,,01hpkkmv87tt0jkc5zksvcyk7x,ok
,Vikafjell,Finse hanske ulliner,,01h6zxbkmceg2ssccm2avdmvzg,ok
,Daniel Franck,Alpha 2.0 LS Bukse D,,01j2tr4040yt5v9zyj1z72ckcp,ok
,Storm,ECO Proofer Spray On 225ml,,01h6zxbmcsm0jmc9ka2ky2n5eb,ok
,Endurance,Earlie Jr. Unisex Melange Midlayer,,01hsk67xt6cs6vhbb0qs7z2t22,ok
,Tørst Energidrikk,Tørst Energidrikk 500ml,,01jaqfm6ztxggmyb4x0qtmqr8f,ok
,Outdoor Research,Helium Rain Jacket - Dame,,01h6zxbmcw35hh8pnc7wtpjaey,ok
,CMP,Kamsel Low WP,,01k9pnw7x2p4eg4w4xawdx2hen,ok
,Ox,Neoprene kettlebell 2 kg,,01h6zxbkm4471vc4zq7rbmgqe0,ok
,Vikafjell,"Sulten mattermos 1,2L",,01h6zxbctf6rt4c5ybykvx1nkk,ok
,Bula,Lost cotton tee,,01hrpbsyvh6h1556pxqh0sm99m,ok
,DO2,Grimstad sykkellykt 2000,,01jv26dqyvxwzk035zdfjw24tr,ok
,Lars Monsen,Svalbard liggeunderlag,,01k5rm59ngye6srg4h5h57k7fy,ok
,Endurance,Soulik W Midlayer,,01jraj8821rhpzp672f1pmgzbf,ok
,SPORT OUTLET,Gold Orion Headlight,,01k58nbpn4g3xwwhyp28nyzmqz,ok
,Outdoor Research,"Ferrosi Shorts 10"" - Herre",,01h6zxbms6r6pzwp42krxaa8xn,ok
,Vikafjell,Finse Merinoull lue,,01h6zxbdp1sgqmq565w8y3ac33,ok
,Stump,Voak 25-30,,01j5tf37hy3pan44wxqtbkkzpy,ok
,Vikafjell,Nosi 36-40,,01jk80t3ahrf7gtqj8y7kp0c60,ok
,Endurance,Jeenen Jr. Pants,,01hsk5zxz7ktg224vtfx177j7c,ok
,Staal,Staal Kaffekjele,,01h6zxbgp3nb73zzw6hjdby4s0,ok
,Kinetic,Turstol 3 ben sammenleggbar,,01j7ba391cqy33ser7ar811kx7,ok
,Diadora,Passo 6 W,,01k4yet169sdgcm65tnddjhr81,ok
,Heldre,Hovden Fjellstrømpe 1pk,,01h6zxbm0manmxxkvkvyg5xx85,ok
,LMNTS,Myggnett for hode,,01h6zxbk89sg85mtda1j8w614g,ok
,Northug,Luminex 20,,01jdvm36qqj29ctwdzaas3pa8k,ok
,Kinetic,Silden 400g,,01h6zxbk79r6fhaxs15x2kbt99,ok
,Outdoor Research,Helium Rain Pants - Herre,,01h6zxbmcw35hh8pnc7wtpjaf4,ok
,Kinetic,Blaster Tele Spin 9' (12-40 gram),,01j7dncb6grx3wavk339b6tfn2,ok
,Aquafigure,Erling Haaland Aquafigure flaske m/tags,,01hf44cv4hq677a8n84781bpfv,ok
,Vikafjell,Utsikt 35L,,01jdvkk4rsqnzc8m6032pee6jx,ok
,Arena,Arena Classic Silicone,,01jh00hkzrth0bsd54d8vd556a,ok
,North Pro,Danielle bikini pant Jr,,01j67aa8dbk4gp5pybqx906esp,ok
,Move Mountains,Jerry 32-39,,01j7xgpfvagaavpj1pp41kxc82,ok
,CMP,Woman 4-Way Stretch Bermuda,,01h6zxbmctez9a2f08853x0evj,ok
,STAUT,Dynamic Knee sleeves 5 mm,,01jq6h9mvjxkn88ef2tyj8hgwj,ok
,CMP,Dhenieb Wmn Trekking Shoe WP,,01h6zxbjwmraqyhspajg9ar0y0,ok
,Vertical,Yasir M Teddy Vest,,01jbvr7n1zbwse285sr251tsev,ok
,Northug,Untouchable hoodie - Man,,01k4s9590mmw31j6133x1ek6jh,ok
,Ezinne,Taichi Lingfei 31-38,,01k2ykqdb56wsz5wrk3tka4xb8,ok
,Mitchi,Stanford genser - Junior,,01hqx632t60t2qttjnatfajmgg,ok
,Sway,Rossnos (36-41),,01h6zxbjgapkrx3atrpwq5s6tx,ok
,Lars Monsen,Monsen Fiskevest,,01k76yf56jb4n8wnxvxq9kecg3,ok
,Daniel Franck,Alpha 2.0 2L Bukse D,,01h6zxbmttmc1d8d1753awq66d,ok
,Hummel,hmlLOGO Jersey S/S Jr,,01hrxws1q82vkr36nysgqny2pk,ok
,Åsnes,Åsnes Pants Wmn,,01j8s6gb2ygavwx4xycpm1gbkk,ok
,Graffiti,Anniston Boardshorts V2,,01hwmzsm5519878d0ntyvetv06,ok
,Cruz,Dana W Bikini Pant,,01h6zxbe1gd84azjtn220nyaqc,ok
,Heldre,Arendal Cardigan - Herre,,01k4sengp9wk37c9yhc09m2vcj,ok
,Vertical,Saltonon M Stretch Jacket,,01h6zxbn4rvdrm8hmhyg69esrs,ok
,Endurance,Portlu Unisex Shoe size 36-46,,01h6zxbk6xjgcmatex0wqy84jz,ok
,Move Mountains,Jalt (WP) 22-27,,01h8dz8e8dghz2fhy6m9wrx655,ok
,Vikafjell,Rolvskvil jakke,,01h6zxbk7zg6whs8cz5gnes1er,ok
,Vikafjell,Femunden 70L,,01k6a5kskvn5rncdprdae686t1,ok
,Ox,Neoprene kettlebell 16 kg,,01h6zxbkm6r6ndcc5hxzsjb7px,ok
,Bula,Frame Logo Shorts Jr,,01j8pk2q0ep7nvjy7fa7z7phkr,ok
,Lars Monsen,Monsen Villfisk Tele 9' 7-24g,,01k7epfdmdz3ckspwmh3f597c5,ok
,Lars Monsen,"Rendalen Termos 0,5L",,01h6zxbkmrhmye8e3t153ptf8p,ok
,Ox,Neoprene kettlebell 4 kg,,01h6zxbkm542d85r894chf9b4q,ok
,Kinetic,Viper Spin 3000 FD 4+1BB,,01j6xynt6j4fey50j2shw3jmdm,ok
,CMP,Woman Stretch Pant - Functional (m/belte),,01h6zxbjwpztdw6vkpbt43a2mq,ok
,Sway,Sognsvann Hanske,,01h6zxbec45bpy1n49ssjxfg9d,ok
,Endurance,Spinseno M Lite Shoe size 40-46,,01h6zxbm14kjg4mrp81fasbdhd,ok
,Vertical,Vibrady W Parka W-PRO 10000,,01k9ccgjx13223yf9s50yna4d5,ok
,Kinetic,"Magni 11,5g",,01h6zxbgc5p726fhajkwdgz2z9,ok
,Treksta,Nevado Lace Mid GTX,,01h6zxbddfj7cq1c0npapzew1x,ok
,Vikafjell,Ulriken turbukse - Junior,,01h6zxbe277q8fkffwk47r1mfc,ok
,Vikafjell,Marken Multi skalljakke - Herre,,01h6zxbhsq49yzav9bh5dr7qcj,ok
,Vikafjell,Hovlandsnuten mattermos,,01h6zxbmcmk725are0cdx957d2,ok
,Endurance,Maloney W Seamless Tights,,01jdmtyj99hcvf16y0gyrbcg1n,ok
,Endurance,Boica W Short Tights,,01jdmv8ffhjcs9qvgmcea4fgac,ok
,Sway,Regntrekk til sekk m/refleks 55L,,01hzpc8ktnhzxygmvz7bbvp1ww,ok
,Ox,Powerband Extra Hard,,01jq6jhxr06e1gywhn46ys6r45,ok
,Lars Monsen,Monsens lam 10kg,,01kec60stfvb433endxhpevzh4,ok
,Vikafjell,Bris 35L,,01jdvpv7wse0pqnngq4sk1atq0,ok
,Vertical,Borisa Jr. Jacket W-PRO 15000,,01h6zxbkkywsp48cw2hx8fze8m,ok
,Staal,Lysglimt 175 hodelykt,,01jv29d0j0w7swpxd7b0qmv541,ok
,Endurance,Ving M Membrane Pants,,01h6zxbmd4nx7z25ze2b8f705t,ok
,Kinetic,"4-Braid 300M 0,40MM 33,6KG HI-VIZ",,01j6y2v4wvjjzhqzfy4gcnc0qv,ok
,Vikafjell,Fløien PU regnfrakk - Herre,,01jyrpejaz9m89302r2b4z949j,ok
,Heldre,Holmenkollen 2 bukse - Herre,,01hqwyhyebrnjd0ek99hjbd8tk,ok
,Endurance,Bregar M Midlayer,,01h6zxbm11pn7zy48yjjyt3kcy,ok
,Sway,Frome 28-35,,01h6zxbmsmsznsg5qmvdv7k0cj,ok
,Endurance,Jaden W Sweat,,01hsk2jezegvm1mj63exn74gjh,ok
,Daniel Franck,Alpha 2.0 LS Shorts,,01j2trq4nmpd6e5hn42cm1p12r,ok
,Bula,Fleece Jacket 2.0,,01jjxzqdpr05jbk4ex4zs9q12s,ok
,Vertical,Borisa Jr. Pant W-Pro 15000,,01h6zxbkkywsp48cw2hx8fze8n,ok
,Hummel,hmlMotion Co Pants Kids,,01jax7x2vxtkjenmjyhmn8r4t2,ok
,Kinetic,"4-Braid 300M 0,25MM 21KG",,01j6y2dwmnht87ta1qf85n0dc7,ok
,Heldre,Otra turshorts - Dame,,01h6zxbfqdfawvdgbnbfhcazjh,ok
,Maren,Topp! Sylinder L,,01kdz9d7st02675j4npnskza1g,ok
,Graffiti,Docheen Kids Outdoor Shoe WP Size 31-39,,01h6zxbm15fy1xtry26ssy9x5p,ok
,Daniel Franck,Djerv Fleece Hoodie D,,01h6zxbmttmc1d8d1753awq66h,ok
,Daniel Franck,Djerv 2L Trench D,,01jh2fr39fpp8779pjf5f7e69x,ok
,Heldre,Canada tec Fleece Jacket W,,01h6zxbhsq49yzav9bh5dr7qcx,ok
,Kinetic,Kinetic Mosquito Jacket,,01h6zxbk79r6fhaxs15x2kbt9g,ok
,Ezinne,UP 30 Elite (36-41),,01jgkn9y949qjm20x7evkcxkq6,ok
,Ezinne,Yola soft LS W,,01k5rcgmt1fwmkbmqzvv92yk8z,ok
,Vikafjell,Odda Bukse Jr,,01h6zxbd3y0cg4qn9d5fzfct47,ok
,Endurance,Treck Trail Uni WP (36-46),,01h6zxbhcv76gh0tntka6yawqt,ok
,Mizuno,Mizuno Revolt 4 (M),,01jff6eja2fhv85z21kyzc59wk,ok
,Champion,Hooded sweatshirt,,01jj9bs3fnc20cf6eb0n5d2epa,ok
,Mitchi,Tallin Windbraker Jacket Jr,,01h6zxbmsgrxsbgcez9k6ssh3j,ok
,Ox,Vektvest 5 kg,,01h6zxbkmnc36x8nprmespf8z9,ok
,Staal,"Nibben 0,7L",,01jcdhg3ynzdstgv3badhr8m90,ok
,Vikafjell,Bris 25L,,01jdvpd2d9aabssmma9sdrkny0,ok
,Åsnes,Åsnes Knitted Half Zip,,01k4ymdcdt1m9katjz0sxg3pd0,ok
,Endurance,Wislok Jr. Training pants,,01h6zxbec5z87dm57hde9nnsd7,ok
,Rawnice,Tørket Mango 160 g,,01khk5mf29wx21n99b0hdj3123,ok
,Graffiti,June kids Sandal (24-35),,01h6zxbgcpw8rt2yyp37tgay4r,ok
,Vikafjell,Vidda gamasje,,01h6zxbh19vemjvxg44ecrv01d,ok
,Vikafjell,Odda Multi vanntett turbukse - Barn,,01h6zxbebsk76hywrf83crmwt1,ok
,Kinetic,"Vibra Salt Boat 3'6""(80-300 gram)",,01j7dtnm23h7st40farqym7bct,ok
,Kinetic,JH Glitter 34g,,01h6zxbgc5p726fhajkwdgz2z2,ok
,GUPPY,Dylan Softshell jacket kids,,01j53ahtfs3rhmtm5534731w2w,ok
,North Pro,Lana skirt,,01j66y9mrav235pwphns125nvx,ok
,Ox,Ankelstøtte,,01jq6gep061dma4xncr80nhjjz,ok
,Snjór,ST.Anton roller neck - Dame,,01k3qvtd4p9hre0y1y9n1d02a2,ok
,Vertical,Delta M AWG Pants W-PRO 15000,,01h6zxbjfgnj1nh41redeyktrk,ok
,Tiny Trolls of Norway,Urdur shorts,,01h6zxbmskensyqt1d7a51a1zb,ok
,Snjór,Hodlekve superundertøy trøye dame,,01h6zxbhrbyjttbrmtzv7px9pq,ok
,Tørst Energidrikk,Tørst Sukkerfri 500 ml,,01hwa2qr4558yd1bvz0mh7340f,ok
,Hike Sport,Lunde turshorts W,,01h6zxbm0fsxmngqk640v36tk8,ok
,Lars Monsen,Tana tursokk med ull,,01jkx7w3e1jhcwtshpaqtbzexb,ok
,Ergobio,Vento 36-41,,01jq41ktd3rxbd18jcbrn7b0vz,ok
,Endurance,Thadea W Pocket Tights,,01h6zxbj4nfnz78cm365057a1y,ok
,Sway,Nemo badehette silikon,,01h6zxbkk1qb9f5s6par784918,ok
,Move Mountains,Tonso Sandal 20-26,,01h6zxbk74xxchak7x2sj00zp5,ok
,Heldre,Holmenkollen 2 bukse - Dame,,01hqwy9awfjv0wyj28tp813fz3,ok
,Vikafjell,Gullbrå lett dunvest,,01j90xk2t3je3ra3veehav13dx,ok
,Kinetic,Blaster Tele Spin 11' (15-45 gram),,01j7dngyve574d8kx5498vxtra,ok
,Ox,"Ankle wrist weight 0,5kg",,01h6zxbkmm0fvkysvtmw0530tc,ok
,Arena,Arena CRUISER EVO,,01jh0074g20ehr5t6vv563gaap,ok
,Endurance,Cennsena Pants W/Zipper,,01h6zxbn4s1e7g8x9xrygc2dcj,ok
,Dunlop,Fusion Sport Max fluor G1,,01jyr7h7kqkf9hb7fadz5tac5x,ok
,Maren,Jippi! Karen kanin,,01kebn3k458t1r20d9rtgba7km,ok
,Storm,Storm Tear Aid,,01h6zxbmsjbvkjbsw7m7z8qcc5,ok
,DO2,Luz Ardiden Legs Thermo,,01k7rjrzvctg4cfcsqxj8ppcpk,ok
,Northug,Davos hybrid jacket - Man,,01jqrrh6s61knfhjfrhh57qk0e,ok
,Ox,OX Yoga roller,,01h6zxbjfjahgzrra080dwrqxm,ok
,Saucony,Peregrine 15 W,,01jppy0861wnc8b6d2d6tmk96n,ok
,Endurance,Lowe M Full Zip,,01h6zxbmd4nx7z25ze2b8f705g,ok
,Heldre,Århus Ullsinglet,,01h7ypezaaj3rg3a34y1a5k9yr,ok
,Cruz,Pozzuolie W Printed Bikini Top,,01h6zxbjwj70te1kk9m7vdndgr,ok
,CMP,Man Bermuda,,01h6zxbmctez9a2f08853x0ev7,ok
,Hummel,hmlMotion Bee Straight Pants Woman,,01jq3vv1z6twzpq6h8zbyf0rsn,ok
,Heldre,Sollien fleecejakke,,01j2xpymvg7a57pak2ra4n5zn7,ok
,Bula,Lost pant,,01hrpwpnd5wy6et5274ccv0vjf,ok
,Tiny Trolls of Norway,Blopp Genser,,01h6zxbhsdz3c3kg7xvnwjdbbr,ok
,Vertical,Macquer M Casual Outdoor Shorts,,01k9ct4ar4d7q1whr26wsjbtdj,ok
,Northug,Cotton sportsock stripes,,01jhqbd9p59tmbm2yrj09cd7gf,ok
,Heldre,Fagerli 30L,,01h6zxbm0s0ps6t9qdjzb9q6nd,ok
,Kinetic,Vibra Salt Boat 6' (200-600 gram),,01j7dtgspzskck8qpss3665a48,ok
,Heldre,Femmila pannebånd,,01hxvn0308jpxga1q9351rzdpt,ok
,Kinetic,JH Flash 18g,,01h6zxbh0erawxffzaz8xrrt1r,ok
,Endurance,Terminus W Top,,01jf9xy7g26dvtv6v1crw9mf1d,ok
,Vikafjell,Stalheim 41-46,,01k2y0ma2ybnyzx33js6c8gptb,ok
,Vikafjell,Sandviken Form Jacket M,,01h6zxbebrbfg1scmbczzg8hkn,ok
,Daniel Franck,Alpha 2.0 2L Jakke D,,01h6zxbmttmc1d8d1753awq66b,ok
,Vikafjell,Dyrheim fleecejakke -  Barn,,01k474kv7syc96aj7mhjxe4enm,ok
,Sway,Alfie 40-46,,01j966xx53cn3h3hne84cf5x07,ok
,Storm,Leather Cream 100ml,,01h6zxbmsjbvkjbsw7m7z8qcc6,ok
,Lars Monsen,Tafjord Dun Sovepose,,01jfhphbz974zjpyshtyrnf9y8,ok
,Lars Monsen,Folgefonna gasskoker 1 L,,01k7h72am1wn8dpnw78y7qdwn9,ok
,Mizuno,Enerzy Runnerz,,01h6zxbn4erqrq1zjb9g0aw97a,ok
,Vertical,Milli W Hiking Tights,,01h6zxbjwmraqyhspajg9ar0xz,ok
,Lars Monsen,Drevja 260 Packraft,,01jczv26m0hkfctygg9xjfynqv,ok
,Endurance,Adalaya W Sneakers size 36-41,,01hnhvsnwgeq4mye0nk27ve9n6,ok
,Vikafjell,Elcon 36-41,,01jk875hsrw16qgcbs90kb2ggz,ok
,Vikafjell,Montana Fleece Jacket jr,,01h6zxbhspqx89ehrxyzjg0264,ok
,Endurance,Franca W Shorts,,01htpqfyhc8vgfzn6z87r6rd20,ok
,Move Mountains,Osko (WP) 28-35,,01h8ep60hg4t8wzb6p6g1ftc0h,ok
,Kinetic,Hekler tyttebær 4 pcs,,01j7bemsgpgpzhs5kesq204d3j,ok
,Ox,Hex rubber dumbbell 15 kg,,01h6zxbecp8g705fjswzr1gx5a,ok
,Endurance,Vizuv V2 W SS Performance Tee,,01htpzkpapfs7agbsrkxj6c6pb,ok
,Bula,Classic Fleece Tube,,01k4yk9gxw6sxbayv8xng64j1r,ok
,Ox,Yogamatte med bærebag,,01h6zxbecqapwbkncp0ah0z4ka,ok
,Endurance,Grint W Shoe WP Size 37-42,,01jjpyrdy1shha29x308dd5ezy,ok
,Kinetic,"4-Braid 300M 0,30MM 26,5KG HI-VIZ",,01j6y2j3wczvahmjz7fxqpmsys,ok
,Daniel Franck,Alpha 2.0 2L Bukse,,01h6zxbmttmc1d8d1753awq66e,ok
,Outdoor Research,Ferrosi Pants - Herre,,01h6zxbms6r6pzwp42krxaa8xk,ok
,Maren,Topp! Gummileke med plysj,,01kdzfz6aydthkgxmw7hzj5dhz,ok
,Lars Monsen,Alta Light Down Vest,,01h6zxbm1adn1fyh23ehve3jxx,ok
,Graffiti,Sebastiano Kids Slipper W/Lights,,01h6zxbn4ty3ry048qdy13c7yv,ok
,Ox,Dumbbell-koffert 6kg,,01h6zxbecqapwbkncp0ah0z4kd,ok
,Åsnes,Myrkdalen Catalina Jacket,,01k4ym49pbqy7rs945m7w8x151,ok
,Lars Monsen,Hallingen Fjellue,,01h6zxbm19kgr205w2x5pqreq3,ok
,CrazySafety,Shark Bicycle Helmet,,01kbm8yterzxf6a3fv27qy0vjv,ok
,Vikafjell,Finse merinoullsett - Junior,,01h6zxbdp0sa9ejmbqge8p93wd,ok
,Bula,Frame Half Zip,,01jjy8q25q63rtmchpsrrc1b2x,ok
,Daniel Franck,Alpha Caps,,01j2tnkx4jepc79sf0eww9htr9,ok
,Tiny Trolls of Norway,Ramp 3-lags poncho - Barn,,01k33wf0g423734qz6b7mdfmkf,ok
,Snjór,Lifjell vattert vest - Dame,,01k4sckd9k5cx2gv7waxx5bsve,ok
,Vikafjell,Jacko 36-41,,01j7zyrrecxy12tp1ytybxbd5c,ok
,Endurance,Dorhia W Tights,,01h6zxbkzp70t7tr06xgkd18bb,ok
,Vertical,Bright PU Tote Bag,,01k9cryz0g867sc2vnyaj5epbe,ok
,Stump,Cato 41-46,,01j6f6q77ghfzg189d8vmy59f3,ok
,Scandinavian Nutrition,Turkesteron,,01k8nbvcxy7n4hnjbnsbg6rfn3,ok
,Graffiti,Elia Kids Shoe size 24-35,,01hnhwjc6qsg238xvr4czrmb13,ok
,Hummel,hmlMotion Sweat Crew Jr,,01jax7byg1eym7wc9a9mwwycfv,ok
,Kinetic,"Blaster Boat 6'6"" (200-600 gram)",,01j7dnn03kgc7cgs35rr4fg0sn,ok
,Graffiti,Carlyana Bikini,,01h6zxbn4s1e7g8x9xrygc2dc7,ok
,Peak,Casual Sneaker 41-45,,01jkwt517c4m21eghn7eszhnme,ok
,Vikafjell,Odda 2lags skallparkdress - Barn,,01k316xqcsvgcm4vgamt5v009e,ok
,Staal,Trolltinden kaffekjele,,01k7h05jhrj93gj7kt8sqtn8hm,ok
,Heldre,Classic caps,,01h6zxbk7rx36jvr9p14sdnr8a,ok
,Maren,Topp! Kjegle M,,01kd5wek3jcwkfrj2sf4gb7qk6,ok
,Kinetic,Blaster Tele Spin 6' (3-15 gram),,01j7dn7sqdfhkr6dgnsb8aszpb,ok
,Vikafjell,Bretti sitteunderlag,,01h6zxbh0z2y9mrfa9t9ewj0hf,ok
,GUPPY,Zaida Swim suit,,01j4rgftgaatqxyjw42xqavjxs,ok
,Sway,Alfie 36-42,,01j9661547qe633zs1vjykb1kq,ok
,Heldre,Fagaberg Mid 36-40,,01h6zxbmtjstne2mw895tdr92a,ok
,Lars Monsen,Monsens kylling 10kg,,01kec5kaf83p9phzjaf5ywxaf9,ok
,Champion,Hooded Sweatshirt W,,01jjbrd38sxp8pkbvt4nynks96,ok
,Heldre,Stavanger skalljakke - Dame,,01h6zxbk7ybjkx0sm3qb1w9qgp,ok
,Staal,"Tuva Termos 0,5L",,01h6zxbg102nsjhvbg7gns1ts9,ok
,Vikafjell,Sandviken Form pant M,,01h6zxbebrbfg1scmbczzg8hkp,ok
,Endurance,Portofino M S/S Performance Tee,,01h6zxbec5z87dm57hde9nnsd3,ok
,Endurance,Galey Bag,,01jrapfe709wt05qa7a343wegs,ok
,Bloom,Bloom Clear Protein Collagen,,01kt9ah17ywxpwa0t6xrbgw9aq,ok
,Umbro,Formation Backpack,,01j5t0grw6m50b05kvhynkhsf6,ok
,CMP,Dhenieb Trekking Shoe WP,,01h6zxbjwmraqyhspajg9ar0y1,ok
,Mizuno,WAVE IBUKI 5 GTX(M),,01j05p8twer2cs4d7e786yvjvw,ok
,North Pro,California Sweat short jr,,01h6zxbn4xtawwne6j6wjpxmyr,ok
,Champion,Sweatshorts JR,,01j5xh9cfwfdxc772xhx42hbg7,ok
,Peak,Taichi Running Shoes 41-45,,01jkwwdtwz7n4fx94ms84kcabz,ok
,Nike,Nike Lean Arm Band Plus,,01k452gx24makhw8fvx0n3tg76,ok
,Vossatassar,Vossatassar 2pk Wool Socks,,01h6zxbj4y4by6j786r4nfr516,ok
,Graffiti,Laoang Boys Sweatshorts,,01h6zxbe1r5yg22n05mh9ac0vr,ok
,Kote,Knaus Mid (36-41),,01h6zxbh125x49d1fy2cbprfjf,ok
,Champion,Champion 3 pk crew sock,,01k8nj8f9bfdr0xvd2448nw35j,ok
,Endurance,Vidiana W Shoe Size 36-42,,01h6zxbn4qznvaeke5f6b1rqhy,ok
,Lars Monsen,Røvoltjønna Turbukse Dame,,01h6zxbm19kgr205w2x5pqreqa,ok
,Svindland,Festpølse med Akevitt,,01hg7zjtnebgf4qxsdpcmvpwtr,ok
,Lars Monsen,Monsens kylling valp 2kg,,01kebztp2grp4gbnpbv9faxk6f,ok
,Vikafjell,Skåla Turkopp,,01h6zxbjvxd75pfw609ft2k58k,ok
,Daniel Franck,Echo Pannebånd,,01h6zxbhdt4q8hzhpmgww04wcn,ok
,Daniel Franck,Djerv 2L Trench H,,01jh2g39fxcnjzraqeykev5fkb,ok
,Ticket to The Moon,TTTM Convertible BugNet 360 Myggnet,,01h6zxbgq44sy462f8njbe02d1,ok
,Lars Monsen,Monsen Villfisk Tele 7' 3-15g,,01k76y5thhsxpzn2scfxvcpmpg,ok
,Heldre,Sollien fleecejakke dame,,01j7k1tf162rqhrca40xn0xrhx,ok
,Vikafjell,Odda Bukse Barn,,01h6zxbd3y0cg4qn9d5fzfct4b,ok
,Maren,Splæsj flytende blekksprut,,01kcreq850pw5xe9d4g5ntbe5e,ok
,CMP,Mens Stretch Bermuda Shorts - Functional,,01h6zxbjwn3k4psd0ec58m4b6r,ok
,SPORT OUTLET,Handlenett 71 L,,01kebw89rh9zv3891x8hkve2mw,ok
,CMP,Woman Stretch Pant - Functional,,01h6zxbjwn3k4psd0ec58m4b6n,ok
,Kinetic,Tiger Silden 18g,,01h6zxbh0erawxffzaz8xrrt1p,ok
,Maren,Topp! Snack ball L,,01kdzbh2v3k0pkc6mvsv3nh5va,ok
,Maren,Ellie elefant,,01kcrfdf25f7c11210t86zxeh7,ok
,Champion,Champion Crewneck T-Shirt,,01h6zxbn4f24hpbp8j67batfay,ok
,Champion,SS Tee Jr,,01jjbv7s4xsr3qzjrwbzd3d9ms,ok
,Umbro,Formation Glove,,01hwwq7djtf03h0vytj9f6dg0j,ok
,Disney,Multi Matboks XL,,01jxhqdqtny44b623rzahcz22d,ok
,Kinetic,Kinetic Minken,,01h6zxbk7aztvrcpq7xz28dnmn,ok
,STAUT,Knee sleeves 7 mm,,01jq6h5d1x7cendarey3zfw12m,ok
,Trnd,William 41-46,,01j6en736zrtth5nby5fhsx7fm,ok
,Disney,Sportsflaske Skolestart,,01h6zxbecxghk01cck0ntec37t,ok
,Lars Monsen,Lierne 3L skalljakke - Dame,,01k3g1hpf0br4qq6gpr6f4afcj,ok
,Tiny Trolls of Norway,Trolleløv ullgenser,,01hqqsqnw7sr6paw3zk697t495,ok
,Daniel Franck,Echo Caps,,01h6zxbhdt4q8hzhpmgww04wcm,ok
,Kinetic,"Fiskeharpe Tyttebærkrok 100m 0,80mm 250g",,01j7bc9s6rsmtq0tzm58nqtk3c,ok
,Stump,Siff 36-41,,01j5tj7djnsk779ngsbf4nn8q1,ok
,Alien,Folldal,,01hthwat7f52hka2gnn0vg4dhe,ok
,Lilo&Stitch,Lilo&Stitch Blink 24-33,,01k22axh6g49z1jc6shm4cp61p,ok
,CrazySafety,Tiger Bicycle Helmet,,01kbm7xffshqj09e3tvm9sbxm6,ok
,Snjór,Hodlekve superundertøy trøye,,01h6zxbhrbyjttbrmtzv7px9pp,ok
,Snjór,ST.Anton HZ genser,,01k3qwrnsr3h7rnkdxp8kzneax,ok
,Vikafjell,Varm ullgenser - Herre,,01h6zxbdnzs1tgpfb8qefr2tcq,ok
,Vikafjell,Sandviken Form pant W,,01h6zxbebrbfg1scmbczzg8hkm,ok
,CrazySafety,Leopard Bicycle Helmet,,01kbm8hhpmtwwp8h654xmbt9w3,ok
,Kinetic,Teinetau 70m,,01j7bg56ym8kht068609z2wd87,ok
,Kinetic,Barrel Swivel w/Scandic Snap #6-8-10 Brass,,01h6zxbk7aztvrcpq7xz28dnmq,ok
,Kinetic,Silden 300g,,01j73q62702q65t65gw8dcpzdp,ok
,Endurance,Camint M Waterproof Jacket,,01h6zxbmd5wn1zw39sxb9f1wfv,ok
,Vikafjell,Bergo allroundhanske - Junior,,01h6zxbhdpjj9a59crg20h1d2s,ok
,Vertical,Macquer M Casual Outdoor Pants,,01k9csv7cr4e7066hfjh2v3mts,ok
,Kote,Knaus Mid (42-48),,01h6zxbh125x49d1fy2cbprfjg,ok
,Vikafjell,Vatts jakke - Barn,,01h6zxbcsxma4r9j0wdtc8qk6w,ok
,Lars Monsen,Monsen Stolsekk Moleskin,,01k7esk1v0a9ypwzcw6sxr2bhm,ok
,Heldre,Stella ullsett - Dame,,01h6zxbhcjkb0ab071q0g2f825,ok
,Ox,Stoltzen Mini Stepper,,01jyka31j5d7j5bwmvery1v83r,ok
,Ergobio,Vento 41-46,,01jq6d1d8ndfb23kw6yf950v36,ok
,Kinetic,"Kinetic Frille 6,5g",,01h6zxbh0erawxffzaz8xrrt1y,ok
,Endurance,Lestia W Lite Shoe,,01h6zxbmss9y3fcz00ypqrejax,ok
,Champion,Crewneck Sweatshirt,,01k3r7nmhcbva8hsh877gjh9ks,ok
,Vikafjell,Valill 41-46,,01j7zz98mqa9v107xvsf0n3q1q,ok
,Heldre,Timre 36-40,,01h6zxbmtjstne2mw895tdr928,ok
,Nike,NIKE ELASTIC HAIRBANDS 3PK,,01h6zxbhc3pc2xjbfg6a1kmqte,ok
,Vikafjell,Hjerkinn Sovepose,,01jfhv7zsgdp8k0fedhrmh95vj,ok
,Kinetic,JH Glitter 24g,,01h6zxbgc5p726fhajkwdgz2z1,ok
,North Pro,Dawson,,01h6zxbmsgrxsbgcez9k6ssh3g,ok
,Heldre,Flora 36-41,,01jk5bmr45nk7887v4ed2t085t,ok
,Kinetic,Norske Silden 40g,,01h6zxbgc6h4y93refbebc5d3h,ok
,GUPPY,Dagni sweat short kids,,01h6zxbmsf9831bvw7fv53m52g,ok
,Vertical,Katunga M pants,,01jbxyft1eygr667vq15h2xnd0,ok
,Endurance,Mallorca 3-Pack Sock Quarter,,01h6zxbc4a0edxax0ghpvy2c4c,ok
,Maren,Topp! Kongle med tau L,,01ke6vyrpz4g97a7zzah228f2b,ok
,Maren,Splæsj flytende sjøstjerne,,01kcred6qmcd90dkk3yxw2jn9m,ok
,Endurance,Canna V2 W Melange Performance Midlayer,,01h6zxbj4rg2qh0exjb0r4kxj7,ok
,Endurance,Janne W Membrane Pants,,01h6zxbmd4nx7z25ze2b8f705q,ok
,DO2,Dolomiti Sykkelsekk,,01kb00pcsjqpnyd0bt3a2dpwb8,ok
,Statewear,New York flat visor cap,,01k1wftspd0p1ms6zmw9a4m2v6,ok
,Kinetic,"Kinetic Frille 8,5g",,01h6zxbh0erawxffzaz8xrrt1z,ok
,Endurance,Sumina Uni Shoe size 36-47,,01jz7fjn3h5tcrznfb30fc2nq7,ok
,Trnd,Ida 36-41,,01j6ekta63d26gdxe3cwr1abqv,ok
,Heldre,Bykle dunjakke - Dame,,01h6zxbdq6smnrmv78w3h768pc,ok
,Cruz,Festus Jr. Beach Boardshorts,,01jbm25rzrb6c20abd06ghq11b,ok
,Kari Traa,Livia Longsleeve,,01jkga39g7thgr81setczzvqpz,ok
,Heldre,Femmila lue,,01hxvmvv5qe7v2xmys7e4m29mb,ok
,Endurance,Junee Crew Neck,,01jdmw7pq60pyqpzc8b8smxpbh,ok
,SWP Sports,Gamma zero PWO 300 gr,,01h6zxbms1qwqw1e821varx4dh,ok
,Ox,Neoprene kettlebell 20 kg,,01h6zxbkm6r6ndcc5hxzsjb7py,ok
,Cruz,Gilchresta M Shorts,,01h6zxbm0w2cwc46x1r1bj34hs,ok
,Cruz,Lars M Mid Thigh Boardshorts,,01jbm0sh4mr5rr3t5ged440g3h,ok
,Ezinne,Akure windbreaker jacket - Women,,01k47bwhaw3ytcbca8qv9p80hq,ok
,Heldre,Hausdalshorgi ullsett - Herre,,01h6zxbkmksr7bg33g0ksf8xps,ok
,Endurance,Cammy W Waterproof Jacket W/Hood,,01h6zxbmd5wn1zw39sxb9f1wfj,ok
,Lars Monsen,Monsen Ødemark 9' 7-28g,,01k76erbyfr22k5b46c0388s2c,ok
,Endurance,Gerettona W Shoe 36-42,,01hnfzge22dphpt2npbbs4a0hm,ok
,Cruz,Warnermo M Polo,,01h6zxbm0w2cwc46x1r1bj34hx,ok
,Tiny Trolls of Norway,Trolleløv ullbody,,01hqqsfensae7gn5g8f1ah6xhv,ok
,ASG,Hestesko sett,,01jzmx3zs98sf5h5a53afx0n86,ok
,North Pro,Daniella bikini top,,01j66z77maqxqpr8y89s1afrad,ok
,Vertical,Roninon M Shoe size 41-46,,01hnfhwvmvrb538e7v0z58ehvh,ok
,Vertical,Anisse W Hiking Pants,,01h6zxbjwmraqyhspajg9ar0xx,ok
,Paw Patrol,Paw Patrol Blink 24-33 (Jente),,01k22ck0dw62bhe7c2xyr11k72,ok
,CMP,Woman Bermuda,,01h6zxbms8hehd75s9j0tbzbcy,ok
,Ox,OX 5kg Bumper plate,,01h6zxbkmfgr42y8z13hf9kgg3,ok
,LMNTS,Tana tørrbag 15L,,01h6zxbk8pp9374qx1msvx1tjk,ok
,Heldre,Bergen Støvel 36-41,,01jj7j60293z0bd8kgz9n08ca8,ok
,Champion,Rib Cuff Pants W,,01jjbrr5jcne6k8fkf3f16jarf,ok
,Kinetic,"Kinetic Multi Clipper 2,5",,01h6zxbk7b2y1n9vt5z2bjqm06,ok
,Vertical,Tyma W PU Long Jacket,,01jqv2m7e5atf5qp744cq1zppe,ok
,Lars Monsen,Lierne 3L skallbukse - Dame,,01k3g1va294vhb5htb56agd5nc,ok
,Vikafjell,Hoddevik feltseng,,01kck434wr47tvzxfagdn8g2en,ok
,Cruz,Aprilie W Printed Bikini Pants,,01h6zxbjwkpnb2aftc6y6f4fwx,ok
,Kinetic,Fiskeharpe Sort Krok 100m,,01j7bgqkh2pt483xwv5yqp4953,ok
,Pawfect,Rullebånd med hundeposeholder 5m L,,01kcrvaxnv4csbyhywncvy2d8h,ok
,Endurance,Cardiffon W Shoe WP,,01h981a9ksjydkd79rehwyy0rp,ok
,Vikafjell,Ulven fleecesett - Junior,,01h6zxbebsk76hywrf83crmwsx,ok
,Champion,Crewneck Sweatshirt JR,,01k3rbf417qa66gzjnsj55175t,ok
,Kinetic,Supreme 10cm 11g,,01h6zxbh0erawxffzaz8xrrt1v,ok
,LMNTS,Ragnild Powerbank 8000mAh,,01h6zxbkmfgr42y8z13hf9kgge,ok
,Vertical,Undine M Power Stretch Hybrid,,01jby3dft26j9nrcm4h309c0ge,ok
,Hummel,hmlMotion Co Hoodie Woman,,01jax6008fv5f6spcvf6bsnm16,ok
,Lars Monsen,Monsens laks 10kg,,01kec6ckkdst6zeafz28gzp0m2,ok
,Vikafjell,Kvitekoll Sitteunderlag - Ull,,01h6zxbkzqb2fweaf938aa3sjh,ok
,Heldre,Alta bag 30L,,01h6zxbk8gm5c8p0mbk5za7rh5,ok
,Hummel,hmlMotion Tee jr,,01h6zxbn4m2nhhjjej4pp5cye7,ok
,Vikafjell,Kleiven jakke,,01h6zxbk8jc16dywry21v92hdq,ok
,Scandinavian Nutrition,Challenger PWO 220 gr,,01h6zxbms1qwqw1e821varx4dj,ok
,Tiny Trolls of Norway,Blopp Bukse,,01h6zxbhsdz3c3kg7xvnwjdbbs,ok
,Tiny Trolls of Norway,Trolleløv ull-longs,,01hqqtcccab9ej30fkb53nbbex,ok
,Saucony,Peregrine 15,,01jppxgrcbpzqy3fcy94e2dwrx,ok
,CrazySafety,Dino Bicycle Helmet,,01kbm8cfys3fmjdnam9r9xp4rq,ok
,Vikafjell,Oslo singel pk 35-42,,01h6zxbmcj7eh6dqyc1zjkfsgv,ok
,Lars Monsen,Finnskogen Kvistbrenner,,01k775pb5ca8ykqqc9q1d77mtm,ok
,Tiny Trolls of Norway,Rainyday 28-30,,01j6w1vv8qva9bfb0e42kt5vqe,ok
,Cruz,Lemoine M Knee Boardshorts,,01jbm1yygjwe0x0bt61dq7hz2n,ok
,Kinetic,Hekler sort krok 4 pcs,,01j7bex43s20xwvsma9zfwrcme,ok
,Lars Monsen,Rendalen Termos 1L,,01h6zxbkmrhmye8e3t153ptf8q,ok
,pyttpytt,Lom støvel (30-35),,01h6zxbe1ayp8jjfvrmpnvcz87,ok
,Hummel,hmlMotion Bee Short Tee S/S Woman,,01jq3trzrnajpmc76qtk0rgsh1,ok
,CMP,Mens Striped Swim Shorts,,01h6zxbjwpztdw6vkpbt43a2mk,ok
,Heldre,Eggen lue,,01h6zxbdqjx8hepbc41g14171p,ok
,Adidas,Yoga Mat - 10mm,,01jp2q8ffj3ybtwnakzbexwxzd,ok
,Ox,Lifting grips,,01jsemh0f11g8hth20pc9k719c,ok
,Vertical,Brittanaya W Jacket W-PRO 15000,,01h6zxbn4rvdrm8hmhyg69esrv,ok
,Ox,TPE Yoga balance mat,,01h6zxbkmnc36x8nprmespf8zj,ok
,Tiny Trolls of Norway,Gym 19-24,,01hv6edr3a1s3dpp127wk4g24m,ok
,Sway,Dural II 28-35,,01jk82pskgy53h9bx3q8qvx4pd,ok
,Bula,Contrast Pant,,01j44byg31vq2btwr2khmyjqdg,ok
,Heldre,Vidde Ultralett 3,,01h6zxbdde7w52dcycqjhycrtp,ok
,Northug,Strider 25,,01jdvnzcmjxjskb96qp5m2p3rx,ok
,Vikafjell,Solheia Shorts W,,01h6zxbk7ybjkx0sm3qb1w9qgt,ok
,DO2,Luz Ardiden BIB Thermo Pants,,01k7rexkdm983kj5br4qf4b4rp,ok
,Scandinavian Nutrition,Lions Mane,,01k8nbcj1xvjfhqqk2w9xxavqq,ok
,Graffiti,Carla Swimsuit,,01h6zxbmsagwv3160c7gtgwcjz,ok
,Cruz,Ahao M Mid-length Boardshorts,,01jbv80dgtzetmq33asschpgg5,ok
,Kinetic,Viper Spin 2000 FD 4+1BB,,01j6xyjf2ch7gcrv6mp5d5x0ac,ok
,Champion,SS Tee Jr,,01jjbwmcwr7m8zfaw2903jr6qv,ok
,Snjór,Lifjell Halfzip - Herre,,01jkd3t1v8dfktc2awexwe1xyp,ok
,Kinetic,Tournament CL Tele 9' MH 12-40g,,01h6zxbk78fze63keyca7e47a4,ok
,Sway,Ocean flytevest,,01h6zxbmd1n9zbttsd7z2pez6e,ok
,Vikafjell,Elcon 41-46,,01jk819bfwp9k51a55dz2rxqx8,ok
,Vikafjell,Godøysund t-skjorte - Junior,,01h6zxbm0j6xh4vxxwhsqqddca,ok
,Daniel Franck,Alpha LS Shorts,,01h6zxbecsfqcjv35r0g69983r,ok
,Primus,Trailspork Tritan,,01j1etqtpxavg003xwfy9rbg84,ok
,Endurance,Lionk M Hoody,,01h6zxbjwd817yvj6xvgbm7rvq,ok
,pyttpytt,Sky regnkåpe jr,,01h6zxbddgd79zh2btws1mmntw,ok
,DO2,Ardennes Nøkkellås,,01katyz0mwwnf570jg8qn25afs,ok
,Diadora,Snipe 2 JR,,01hj0zjwt0xfq9jmkk2b6dxydy,ok
,Kari Traa,Hæl sokk 3pk,,01h6zxbmdv37tz2h9dhec89vja,ok
,Adidas,Fitness Mat - 7mm,,01jp2qwss46kj1h8tgfb8aa3bz,ok
,Nike,Nike Lean Arm Band,,01k452sbfqcy2ksaps38y3sxdv,ok
,Staal,Staal Kjelesett,,01h6zxbkk09g4v9n6996vag1zr,ok
,Stump,Sikka 25-30,,01j5tgfy4wtfffz5kkx73jr6xa,ok
,Noodles,Bayside 41-46,,01j2kh1vvjzss54hz7m5bw1cj0,ok
,Vertical,Venchy M Teddy Jacket,,01jmvr5kz3nyqkyk7we1bwgr3h,ok
,Heldre,Snøhetta ullboxer - Dame,,01h6zxbkmdf3mm1f6vd11xvgjv,ok
,Kinetic,JH Glitter 42g,,01h6zxbgc5p726fhajkwdgz2z3,ok
,Alien,Grimstad,,01hthx0xmdq9yzcm7qt5m9c7wt,ok
,Tiny Trolls of Norway,Trolleløv ullbukse,,01hqqv2fsemt4x4vwmbxw9sfhd,ok
,Move Mountains,Jalen mid 22-27,,01h6zxbj5gwhsr8rm9yce7e2x1,ok
,Vertical,Russela W Outdoor Track Pants,,01h6zxbmtba1k6vym0qhbfw9xb,ok
,Endurance,Siva W S-S Tee,,01h6zxbjwenkns07526vgx64sd,ok
,Staal,Aurora hodelykt v2 2000 lumen,,01jv294z6b2sx10g56csbp3kfw,ok
,Vikafjell,Stalheim 36-40,,01k2y0c3t8byn6xeg7gn2fg9pn,ok
,Northug,Thermalflow,,01k6a9vn3j64en8ymscpadae87,ok
,Northug,Viscose/bamboo socks 3pk,,01jhqavz1v7f8trpqc6pt8h2f3,ok
,Champion,SS Tee W,,01jjbr4tr3dqtnz55k8p3dhs5f,ok
,Graffiti,Sharkun Boardshorts,,01h6zxbm0xs5ayanp2ysgr7yqr,ok
,Treksta,Stuasete jacket (W),,01h6zxbk8dnvxpwkd80kgc0fgt,ok
,Vertical,Western W Parka W-PRO 10000,,01jbxzjg0bzkzc64r5r917wnng,ok
,Hummel,hmlMotion Co Hoodie jr,,01jax73xvz9aqr0q91stw09zan,ok
,Endurance,Endurance Knot Lace Shoe,,01jy6jymqzjra47n784gdmrwqc,ok
,Vertical,Bresen M Shoe Size 41-46,,01jjccq35h8drv8vse9tsbp4tr,ok
,Treksta,Mercury Two GTX low velcro (22-32),,01h6zxbk7dpr1bdv28hrqdetbb,ok
,Endurance,Daiphiana W Oversize Crew Neck,,01h6zxbkzn6a3jd78pj4hqxah0,ok
,Daniel Franck,Alpha 2.0 LS Shorts D,,01j2tqmqanx6qmtcd272qcw6vs,ok
,Endurance,Spark M Stretch Pants,,01h6zxbmd4nx7z25ze2b8f705n,ok
,Endurance,Nani W Running Top,,01htprcqnvs3gmckgz06b1qajw,ok
,Cruz,Lars Jr. Mid Thigh Boardshorts,,01jbm174p2k6ns54d0t0f69t9g,ok
,DO2,Luz Ardiden BIB Pants 3/4,,01k7rea3k8f9p9mh2e3mc981xe,ok
,Vikafjell,Sandviken Form Jacket W,,01h6zxbebrbfg1scmbczzg8hkk,ok
,Arena,Arena CRUISER EVO JUNIOR,,01jh00cahzkv6w0pe9xkspbvdk,ok
,Kinetic,Blaster Spin 7' (4-21 gram),,01j7dm3t69ph0zwg7t0k5q93zw,ok
,Leki,Leki Storm Magnetic Pro,,01kh8fd6zeze6j32et7w52hzkv,ok
,LMNTS,Bocce ball set,,01h6zxbdct7cqnjrj8fw43veev,ok
,Daniel Franck,Alpha LS Bukse,,01h6zxbhdt4q8hzhpmgww04wcf,ok
,ASG,Beach Paddle Set,,01jrsfa4dfgj9ke4pg29bjce5e,ok
,Northug,Ultrahydro,,01k6aa0pewqcynxc67fphkhsha,ok
,Vikafjell,Odda 2.0 Vanntett turbukse - Barn,,01k315exrsf0zj39wzhey8q94q,ok
,Bula,Sofa Pyjama Pants,,01jjy8awjyh87msyc1492nmzdt,ok
,CMP,Woman Stretch Bermuda - Functional,,01h6zxbjwpztdw6vkpbt43a2mp,ok
,pyttpytt,Dam Regnbukse junior,,01h6zxbddgd79zh2btws1mmnv2,ok
,Endurance,Christiniana Classic Sneakers size 36-41,,01hnfwykv4jm63fpgwsfe3kmrr,ok
,Kinetic,Bodø Pilk 200g,,01j73qqpg384xkv090wfvxe3rh,ok
,Bula,Sofa Crew,,01jjy7z0chyt8kg6mttta6jbpc,ok
,Peak,Casual Sneaker 36-40,,01jkwv9jnjjp6r9xyxj7c0wyge,ok
,Bula,Logo Headband,,01j8mgwj89vz9xjwtn027rf8vr,ok
,Northug,Dry 1 everyday sock,,01jhqaj8dk38954jn3bkmxg93f,ok
,Northug,Reit im Winkl Compression Sock,,01jhsxwzx855s6te5ag65bnjjq,ok
,Heldre,Stella lue,,01h6zxbkmdf3mm1f6vd11xvgk7,ok
,Lars Monsen,Reinheim Dun Sovepose,,01jfhzkrp3aw9beej1hh10t71w,ok
,Hummel,hmlMotion Bee Co Tee S/S Jr,,01jq3qw0xefsbbhg0ntye9q410,ok
,Endurance,Cardiffon Uni Shoe WP,,01h980sx6h4w6dqzk019rzwy17,ok
,Graffiti,Lariaya Pre Walker PU Footie,,01hnhwa966gy9h69qhxzt5da8m,ok
,Cruz,Stephania Bikini Top,,01h6zxbm0w2cwc46x1r1bj34hy,ok
,Sway,Reflective animal/hanger/tassel,,01h6zxbkm8dnekyn60zg2qspnk,ok
,pyttpytt,Lyngpollen støvel 28-35,,01h6zxbe19yjmz7bbb2aj9cv36,ok
,Kinetic,Anglers Scale 22kg,,01h6zxbk7b2y1n9vt5z2bjqm07,ok
,ASG,ASG Padelballer 3pk,,01jyr830pkxbt3g2m0qx3rs6p7,ok
,Mitchi,Tallin Windbraker Jacket,,01h6zxbmsgrxsbgcez9k6ssh3k,ok
,Sway,Roda sandal (30-35),,01hbd7j2kxszmzp5wd1xz3jxft,ok
,Endurance,Karang Jr (24-35),,01h6zxbk6xjgcmatex0wqy84jx,ok
,Kinetic,Tournament CL Tele 6 XL 3-15g,,01h6zxbk77731b23axs3mpsdwx,ok
,Heldre,Bjørkåsen sommerull T-Skjorte,,01h6zxbk7zg6whs8cz5gnes1et,ok
,Outdoor Research,Helium II Jacket - Herre,,01h6zxbdd3vnjkvejgp89c71tm,ok
,Heldre,Rainsome 41-46,,01j6efk64t7f5314c3gw45cpdm,ok
,Vertical,Kodiakon Jr Outdoor Pant,,01jbxxw08re6c1m60k9jad16ss,ok
,Peak,Taichi Sneaker 41-45,,01jkx0ecjpgzny5hvf5yzb1qer,ok
,Heldre,Spent 36-39,,01jj924hwx3as2emsb3ykz0z6h,ok
,Åsnes,Myrkdalen Knickers Sock,,01jjrf738nzxewybgxd8yyf84k,ok
,Bloom,Bloom PWO,,01kt99wn88bhahkdys3jk6pbpx,ok
,Mitchi,Stanford hettegenser - Junior,,01hr4705n94bv7w4yf9vvs4wcm,ok
,Endurance,Mirra Urban Cycling Helmet,,01h6zxbmtgffzxjrccv6x0gxxm,ok
,Kinetic,"Magni 8,5g",,01h6zxbgc5p726fhajkwdgz2z8,ok
,Heldre,Bjørkåsen sommerull T-Skjorte dame,,01h6zxbk7zg6whs8cz5gnes1ev,ok
,GUPPY,Moppy Headband kids,,01h6zxbn4wnk0qnxmqf7bej96q,ok
,Vikafjell,Gullbrå dunjakke Jr,,01k5rfzbya98jpt92f8f2xwm37,ok
,Åsnes,Åsnes Insulated Vest,,01jjkvzsjvb7kzcjh6zcgx9akh,ok
,Heldre,Loen skalljakke - Herre,,01h6zxbk8jc16dywry21v92hdw,ok
,Kinetic,Sweety 9g,,01h6zxbk79r6fhaxs15x2kbt9a,ok
,Graffiti,Dinoe Boardshorts,,01h6zxbjwkpnb2aftc6y6f4fx3,ok
,Endurance,Mathieun Full Frame Sports Glass,,01h6zxbms92e3rkp8y7g6pft6h,ok
,Vikafjell,Utsikt 25L,,01jdvk1q9g91pn7sc7mzmj0ydp,ok
,Stump,Callo 41-45,,01j6f5n0xv0g39jart3477mp2k,ok
,Arena,Arena Classic Silicone JR,,01jh00mky1ctefp7h773vgk3dm,ok
,Kinetic,"Magni 6,5g",,01h6zxbgc5p726fhajkwdgz2z7,ok
,Vikafjell,Halhjem fleecejakke Dame,,01h6zxbk8hs5b5936m0bv355z7,ok
,CMP,Man Bermuda,,01h6zxbms8hehd75s9j0tbzbcz,ok
,Alien,Storsteinsfjell,,01hthvgpwv7c1k6pyth96xj0fr,ok
,Endurance,Esteller Yoga Mat,,01hv1vhj99rsq5h3xnbtjjvh2d,ok
,Sway,Sway Hugo Sandal 38-46,,01h6zxbhshbagpt4qef4b55wtz,ok
,pyttpytt,Lom Støvel (36-39),,01h6zxbk71mngwg5wyzw3bge60,ok
,Move Mountains,Jerken WP 40-46,,01hppabf7ytn44bqqjsw0b7jwq,ok
,Vikafjell,Vikafjell pumpepose,,01jfhn9j7nq39zdap4r4782t47,ok
,Kinetic,Casting Plug 6 pack,,01h6zxbk7aztvrcpq7xz28dnmv,ok
,Vikafjell,Rolvskvil Bukse,,01h6zxbmsmsznsg5qmvdv7k0cf,ok
,Endurance,Jamyro M 2-in-1 Shorts,,01h6zxbmtaxe1g08qzsvd1ngzd,ok
,Lars Monsen,Beitostølen Thinsulate-jakke - Herre,,01h6zxbm1817ax1ea4q9ktcb1s,ok
,Ox,Justerbar Benk Pro,,01jdw3bww0cv92zd9mqjm692te,ok
,Hummel,hmlMotion Shorts Jr,,01jax7p9ja46ccpq3hzqjgr7zx,ok
,North Pro,Basic polo s/s,,01j671taqv6f21zjfc58gv7sx7,ok
,Outdoor Research,Ferrosi Transit Pants - Dame,,01h6zxbms6r6pzwp42krxaa8xt,ok
,Endurance,Ermen Yoga matt 6 MM,,01jz03pss04td9n8r97vj5vsft,ok
,Rezo,Mouam Indoor Shoe size 36-46,,01h6zxbkzry80d40w7fapm0f8k,ok
,Heldre,Ustaeggen fleecejakke - Herre,,01h6zxbkmdf3mm1f6vd11xvgjx,ok
,Graffiti,Featherston Sweatshorts,,01h6zxbe1q3vj8zan12e60sp7k,ok
,Diadora,Løpesko Blushield 10 Vortice Hip W,,01j8fgch187c3ec7dez9ps3a4q,ok
,Mizuno,Wave Stream 2 W,,01h6zxbmdydqd2re8z3d59m4a3,ok
,Tiny Trolls of Norway,Trolleløv ulldress,,01hqqs3bxhvm7533pdz1jvtp7f,ok
,Kinetic,"Havsnøre 150m 1,20mm 400g",,01j7bc6dxmw79w8ebd0rq9ysj8,ok
,Åsnes,Åsnes 3/4 Pants Wmn,,01j8s7fhg6cxdhmj6xbpg9kvzm,ok
,Lars Monsen,Rago underbukse,,01h6zxbm1817ax1ea4q9ktcb1n,ok
,Kinetic,Swing King 13g,,01h6zxbgc5p726fhajkwdgz2za,ok
,Cruz,Nower Unisex sandal,,01h6zxbjwpztdw6vkpbt43a2ms,ok
,Ox,Roman Chair,,01jdpdk3gkhw61r2wm6jmmz444,ok
,Cruz,Rosalie Jr. Bikini Pants,,01jbm2hwss7r684x1qptk2xzan,ok
,Kinetic,Tournament-Q CL 8' M 8-30g 2sec,,01h6zxbk77731b23axs3mpsdwn,ok
,Ox,OX Massasjepistol,,01h6zxbmdb4syg2b6dc66j7e7f,ok
,Graffiti,Paradisana Swimsuit,,01h6zxbm0xs5ayanp2ysgr7yqq,ok
,Cruz,Lewisis M S/S Melange Polo,,01jbv7sxw1yfxxxxyqcbbedmxw,ok
,Kinetic,Hekler tyttebær sort 4pcs,,01j7bernjcxr2dnzh958e8gp0w,ok
,Ox,Bar pad,,01h6zxbkmm0fvkysvtmw0530tf,ok
,Endurance,Blich Jr. Hyper Stretch Training Pants,,01h6zxbjwf4899v3qt86mx032f,ok
,Endurance,Ledgen M Waffle Melange Midlayer,,01h6zxbm102b9r0khfyre8vgj8,ok
,Vikafjell,Kleiven bukse,,01h6zxbk8jc16dywry21v92hdn,ok
,North Pro,Daniella bikini pant,,01j67109n5s4ksqx3qc1ectzd1,ok
,Alien,Kattanakken,,01hthx9ejeb0cjsspbkqccm8cc,ok
,Kinetic,RamaSjang CC 5`6``ML 5-24g,,01h6zxbjfx0c4v87x9s753j7en,ok
,Champion,Crewneck Sweatshirt,,01jj9cwx4nyz3eax6n30v8v4a0,ok
,Kari Traa,KT Tåfis Sock,,01h6zxbkkbsj3c6854r9ny6gp1,ok
,Move Mountains,Blumi 27-33,,01h8ghk7xgz23gx2qzd3gv011j,ok
,Kinetic,"Havsnøre 150m 1,20mm 400g",,01h6zxbk7aztvrcpq7xz28dnmk,ok
,CrazySafety,Dragon Children Backpack,,01kbmc2a41dgkwdrqwy6859k4v,ok
,Snjór,Hodlekve superundertøy bukse dame,,01h6zxbhrbyjttbrmtzv7px9ps,ok
,Lars Monsen,Vaggatem Dunjakke,,01jkdjnx5z0nesf3eg86qh8qa4,ok
,Snjór,Jostedal høyhalset ullgenser - Dame,,01h6zxbjft8vspfxm61b9rnqr8,ok
,Eagle,Stekepanne non-stick alu HOT PAN,,01kjpnn4ht368bc0vv1tn8qy6v,ok
,Diadora,Hallsko Speed Fly Jr,,01h6zxbkkfpc3t8mwsey4a5d41,ok
,Daniel Franck,Alpha 2L Skallbukse Dame,,01h6zxbecsfqcjv35r0g69983j,ok
,CMP,Juukat Mid Wmn Hiking Shoes WP,,01jxcfrcxfaqxab0ma7b71c0mb,ok
,Alien,Sierra Skibrille,,01h6zxbdqpen7bv5p5decgt0h3,ok
,Disney,Zipper Drikkeflaske,,01jxhrbn988wncnh7ztgy40ngw,ok
,Vikafjell,Rolvskvil Bukse Dame,,01h6zxbmsmsznsg5qmvdv7k0ce,ok
,Tiny Trolls of Norway,Sunday 28-30,,01j6vxdymvx72e32xqd15yhab7,ok
,Åsnes,Åsnes 3/4 Pants,,01j8sb0d7e004x08exydbxf2yj,ok
,North Pro,Sunset tee,,01j671f6hgvk49n9q7077m102g,ok
,Kinetic,Mini Silden 25g,,01h6zxbgc5p726fhajkwdgz2zh,ok
,Champion,SS Tee JR Girl,,01j5xj4gzk25k0cxvxgy40mx7a,ok
,Lotto,Stadio 300 II TF,,01k9evh5b1n8xc6bfgw2yqcgcb,ok
,Vertical,Jambam W Flannel Shirt,,01h6zxbm0zjgzz61rdnpht7s29,ok
,Vertical,Katunga W pants,,01jbxy76txjgr5bqc8p2qfg9zf,ok
,Graffiti,Yusukon Kids Closed Sandal W/lights,,01h982hdpeva1ng8x3g4spp4gv,ok
,Cruz,Aqumieeana W Bikini High Leg Bottom,,01h6zxbmsagwv3160c7gtgwcjs,ok
,CrazySafety,Horse Bicycle Helmet,,01kbm93mgtb1h04attqe3pgvtg,ok
,Ox,Hex rubber dumbbell 20kg,,01h6zxbecqapwbkncp0ah0z4jz,ok
,Treksta,Tind Mid GTX,,01hdgpjyp7yh90fzre7psa389v,ok
,Cruz,Tobyson Jr. Mid Thigh Boardshorts,,01jbm2brcy4457b4sm0pjjn54b,ok
,Vikafjell,Seim vattert jakke -  Junior,,01k3r1f0mdjy8sv6257zeak1ga,ok
,Vertical,Globea W Outdoor Stretch Shorts,,01h6zxbm0ys2xs1zbjc8t0t9rg,ok
,Move Mountains,Jerken WP 36-41,,01hppapt7bsvcdn0k8vn3apmmb,ok
,Heldre,Otra Vinterbukse Dame,,01h6zxbh1axmsq2mdgpwrq6942,ok
,Lars Monsen,Femundsmarka kjedesag,,01k7h2jctfca9d6vjdfs13gh9w,ok
,Graffiti,Lambedo Kids Slipper,,01h987ax1053kfzxp6c3gd9ggw,ok
,North Pro,Daniella swimsuit,,01j66zq447rzjbh67z0qwxj2qj,ok
,North Pro,Orlando h neck zip sweat Jr,,01j67b54fdzgvr2683gs93wavx,ok
,Vikafjell,Ulven 1/2-Zip - Junior,,01h6zxbddkehqfnk1d55chtrrm,ok
,Lars Monsen,Beitostølen Thinsulate-jakke - Dame,,01h6zxbm1817ax1ea4q9ktcb1t,ok
,Adidas,Essential Skipping Rope,,01jp2ppedznrze15gn6manfh17,ok
,pyttpytt,Byge 24-35,,01h6zxbm09bb7ncb8z02jf4ae9,ok
,Storm,Proofer Twin Wash 225ml,,01h6zxbmcsm0jmc9ka2ky2n5e8,ok
,Papa lou,Papa Lou joggebukse - Dame,,01h7fdbadmkw6peds49e92vnc8,ok
,Endurance,Erics M S/S Tee,,01jrakbc28vvbgjdb7pj6x0sq7,ok
,Daniel Franck,Alpha LS Shorts Dame,,01h6zxbecsfqcjv35r0g69983q,ok
,Rawnice,Tørket Fersken 160 g,,01khk5hhzzn906xvzhs5j0j4z1,ok
,Lars Monsen,Alta Light Down Jacket W,,01h6zxbm1adn1fyh23ehve3jxw,ok
,Vertical,Undine W Power Stretch Hybrid,,01jby340yatmqmb37at5g612jf,ok
,Kinetic,Norske Silden 25g,,01h6zxbgc6h4y93refbebc5d3g,ok
,Arena,Arena FUNDAMENTALS BOXER R,,01jh00v34g10cpa9krawvdfek4,ok
,Snjór,Cervinia cord nikkers - Dame,,01k4sdn1bp9ybtbfamgtt9002y,ok
,Kinetic,Kinetic Herring 300g 3pcs Mixed,,01h6zxbmsc8ztkaebgr1dkv42t,ok
,Vikafjell,Godøysund lue,,01h6zxbm0kcm62a6ntarq8stve,ok
,Vertical,Uerica M Fleece Jacket,,01jbvs367jata8bss9z7qmqnrk,ok
,Endurance,Toning Tube,,01jfcf87pcsyvdd5exaj70hkac,ok
,Vertical,Dot W Stretch Jacket,,01jbvd4tg4f65nafxcy5mercpg,ok
,Endurance,Ruess W Rib Pants,,01jrabpf5w6wyz59k60fkkdpyh,ok
,Heldre,Nordseter cord bukse - Herre,,01k4scankyrb9h2xr2f5f2kc9b,ok
,Cruz,Rhoda Jr. Bikini Top,,01jbm2qmv9djt858dmz32rxb1d,ok
,Kinetic,"Blaster Spin 6'6"" (0,7-7 gram)",,01j7dmywm7s8k8khykfy4s6cba,ok
,Endurance,Visuelt W SS Performance Tee,,01h6zxbkm06s1axfrvp24k4tbv,ok
,Move Mountains,Kalike 28-35,,01h8122bf53vkz65habmetax8c,ok
,Kinetic,Funky Fred 12g,,01h6zxbgc5p726fhajkwdgz2zc,ok
,Kinetic,"Kinetic Frille 11,5g",,01h6zxbh0erawxffzaz8xrrt20,ok
,Kinetic,Kinetic Digital Scale 50kg,,01h6zxbmsbnrw8eyja9q9f0xjq,ok
,Endurance,Tune M Melange Midlayer,,01h6zxbgcjgmwvhm9d8gg0jmqf,ok
,Daniel Franck,Djerv 2L Poncho,,01j2tz52ekjc2dj7n158esqj6q,ok
,Lars Monsen,Monsen Ødemark 7' 3-15g,,01k76ebtvw1y74r2sw9a3kb3mr,ok
,Heldre,Rosendal fleecejakke - Dame,,01h6zxbmsmsznsg5qmvdv7k0cd,ok
,Outdoor Research,Helium Pants - Dame,,01h6zxbdd46t95hqe8fzhkptfp,ok
,Graffiti,Roxannan Printed Bikini,,01h6zxbm0xs5ayanp2ysgr7yqt,ok
,CMP,Man Long Pant,,01h6zxbms8hehd75s9j0tbzbd1,ok
,Tiny Trolls of Norway,Trollfloke fleecejakke,,01j6cc60fa8xntkvfsbt7cscpf,ok
,Cruz,Lamison M Casual Shoe size 41-46,,01hnfhdy5at0yr97svaarf2s6t,ok
,Vertical,Saltona W Stretch Jacket,,01h6zxbn4rvdrm8hmhyg69esrt,ok
,Outdoor Research,Essential Pocket T-Shirt - Herre,,01h6zxbms6r6pzwp42krxaa8xj,ok
,Endurance,Sapphira W Shoe Size 36-42,,01jbybyh30q72jdmysdawb9e8q,ok
,Tiny Trolls of Norway,Tusse microfleece Set,,01jdkxhpkwcwbtsfgqfkgmcf7m,ok
,Lars Monsen,Vaggatem Dunjakke dame,,01jkdj4hy5v2m7hwthq8xdp2yp,ok
,Vikafjell,Kleiven bukse dame,,01h6zxbk8jc16dywry21v92hdp,ok
,Hummel,hmlMotion Shorts W,,01jax6v1385bgyqjfphb06mwxm,ok
,North Pro,Ava sweat pant Jr,,01h6zxbn4xtawwne6j6wjpxmyn,ok
,Endurance,Timmiama W Sweat Hoody,,01h6zxbm11pn7zy48yjjyt3kd4,ok
,Snjór,Hodlekve superundertøy bukse,,01h6zxbhrbyjttbrmtzv7px9pr,ok
,Vikafjell,Finse merinoull hals barn,,01h6zxbebz4zz2bc9k1vsswrdj,ok
,CMP,Man Jacket Fix Hood - Everyday,,01h6zxbmctez9a2f08853x0evf,ok
,Kari Traa,Louise fleece glove,,01hj600fw9j3sdc3dxr4gqc4dh,ok
,Lars Monsen,Røa Duffel 75L,,01k6aa6kx3w16qkmapnpqz7bqv,ok
,Kinetic,Worm Box For Belt Blue,,01h6zxbk7b2y1n9vt5z2bjqm03,ok
,Endurance,Dipatan Jr. Unisex S-S Tee,,01h6zxbkm06s1axfrvp24k4tbw,ok
,Heldre,Heldre Fjøra (40-46),,01h6zxbk7dpr1bdv28hrqdetbh,ok
,Treksta,Sync Running GTX W 36-41,,01h6zxbk7dpr1bdv28hrqdetbc,ok
,Kote,Hella 28-35,,01h6zxbmsmsznsg5qmvdv7k0ck,ok
,Vikafjell,Breidalen ullgenser - Dame,,01hr6zjf3gs735vyytv27ns5k2,ok
,Move Mountains,Blos 23-27,,01h8ggzyz010amvfmyf38x016b,ok
,Vikafjell,Halsing tynn microfiber og fleece,,01h6zxbkmceg2ssccm2avdmvzr,ok
,Mitchi,Stanford genser - Dame,,01hqx5par06rqj18kee098d8jt,ok
,Ox,OX Padelball 3 pk.,,01h6zxbmcxqz6g2gd1znr246cf,ok
,Sway,Mania 36-41,,01h6zxbmsjbvkjbsw7m7z8qcbt,ok
,Heldre,Kragerø strikket skjerf,,01k3gqv934pyfyzxczv6xw0c1w,ok
,Kote,Knaus Low W,,01h6zxbh125x49d1fy2cbprfjd,ok
,Heldre,Aunefjellet Pile print Fleece Vest  - Dame,,01k3183287fr4bxp00p9edzb2z,ok
,Endurance,Latia W Shoe Size 36-41,,01jfcc68pmwfdq79j5p4g71d8v,ok
,CMP,Man 4-Way Stretch Bermuda,,01h6zxbmctez9a2f08853x0evk,ok
,Heldre,Loen skalljakke - Dame,,01h6zxbk8jc16dywry21v92hdv,ok
,Heldre,Århus ull BH,,01hph5t845vmaxvn0tyfmkh14p,ok
,Endurance,Potenza W Shorts,,01h6zxbjwenkns07526vgx64s7,ok
,Kinetic,Norske Silden 60g,,01h6zxbgc6h4y93refbebc5d3j,ok
,Tiny Trolls of Norway,Trolleløv ullhals,,01hr4h0aydtmbddd9wggrmyx64,ok
,Vertical,Trackeron M Powerstretch Hood Fleece Jacket,,01h6zxbn4qznvaeke5f6b1rqj3,ok
,Ox,Vektvest 20 kg,,01jq6bzmzh1m3h1pqqghmht2be,ok
,Bula,Skagit Sock 2pk,,01h6zxbcsyn6n2w4rztsdqjhpd,ok
,Sway,Sway Breezy (30-35),,01h6zxbhsj71krmqzmv08zhd2c,ok
,Vossatassar,Monstercamo Merino Crew,,01h6zxbj4y4by6j786r4nfr511,ok
,Whistler,Monabero M Outdoor Boot WP 40-46,,01h6zxbjfeneamnrx1rh9t7b2m,ok
,Kinetic,Silden 300g,,01h6zxbk79r6fhaxs15x2kbt98,ok
,Norge Serien,Norge Headneck,,01jj6ymeckcv3tgschn1605z09,ok
,Endurance,Hugoee Jr. Jacket W/Hood,,01h6zxbms92e3rkp8y7g6pft6q,ok
,Champion,Hooded sweatshirt,,01jj9c3ze45hmqpztfr74ms6n2,ok
,Sway,Marsala Bag,,01h6zxbkm9dnbw2v4x974j55gv,ok
,Vikafjell,Fitjar bukse Dame,,01h6zxbk7j7e0krtpy1y2148yd,ok
,Daniel Franck,Alpha 2L Jakke,,01h6zxbecsfqcjv35r0g69983h,ok
,Cruz,Thelma W Swimsuit,,01jbv8dgbzce3sdn2qb87526e4,ok
,Heldre,Besseggen 60,,01h6zxbmsjbvkjbsw7m7z8qcc9,ok
,Endurance,Enst M Hybrid Jacket – Primaloft,,01h6zxbmd5wn1zw39sxb9f1wfs,ok
,Endurance,Tech-Run W Performance Long Tights,,01h6zxbjwf4899v3qt86mx032a,ok
,Champion,Sweatshorts W,,01j5xgqbm1gc4328122bj2naf4,ok
,Ox,Neoprene kettlebell 24 kg,,01h6zxbkm6r6ndcc5hxzsjb7pz,ok
,Kinetic,Tournament CL 7' L 4-21g 2sec,,01h6zxbk77731b23axs3mpsdwj,ok
,Graffiti,Anniston Board Shorts,,01h6zxbe1q3vj8zan12e60sp7c,ok
,Ortho Movement,Shoe Wipes 15stk,,01kk1rdq6zw1bf3mccs4kvw4fg,ok
,Cruz,Trudie W Swimsuit,,01jbv8k523aq0nkd4d7yvreaad,ok
,Outdoor Research,Aspire II GTX® Jacket - Dame,,01h6zxbmcvajye5qrthp4zrb1s,ok
,Endurance,Dylanto 2.0 Uni Lite Shoe Size 41-48,,01jfccey6tw0m2nwdc42c4s2wb,ok
,Endurance,Vironic W Waffle Melange Loose Fit Midlayer,,01h6zxbjwenkns07526vgx64sm,ok
,Kinetic,Mini Silden 40g,,01h6zxbgc6h4y93refbebc5d3e,ok
,GUPPY,Fabian sweat short kids,,01h6zxbmsf9831bvw7fv53m52q,ok
,Ezinne,Yola Yoga towel,,01jxhk0h4xx8ymdq8thpbfnjah,ok
,Primus,Ignition Steel S,,01j1etfc7w5kj4evmtf3d4vtzv,ok
,Endurance,Amadeus W Slipper Size 36-41,,01jbyac850zmj6r8cpa2grtvbb,ok
,mamba,Mamba Nutrition EAA 300 gr,,01h6zxbm13b5f9f9zqev5ekswk,ok
,Mitchi,Oxford hettejakke - Junior,,01h6zxbm0703cbqjyjtxyn04hy,ok
,Endurance,Poweno M Short Tights,,01h6zxbkm06s1axfrvp24k4tby,ok
,Vertical,Enzon M Fleece Shirt,,01h6zxbkkywsp48cw2hx8fze8b,ok
,Heldre,Thermostøvel Jr 30-35,,01h6zxbdp90266vwp45qy05cjx,ok
,Kinetic,Tournament CL 9' MH 12-40g 2sec,,01h6zxbk77731b23axs3mpsdwm,ok
,Vertical,Uerica W Fleece Jacket,,01jbvrr5bv2jw50hpdt3jzehxy,ok
,Endurance,PROTECH Knee Protection,,01h902b70gxsjr6avb9q7m30x1,ok
,Cruz,Aqumieeana W High Waisted Bikinibrief,,01hkce11gg5zye2nb8wt64m5p2,ok
,Kinetic,Pioneer Tele Spin 8' (4-24 gram),,01j7dkthf80rnet39yhsj1ejc4,ok
,Treksta,Star Lace 101 low GTX (36-41),,01h6zxbe2cj73mk5jm307rbb49,ok
,Vertical,Antoy sling bag,,01jk8m7n0vw69qzwq0ffx7cred,ok
,Vertical,Trackerua W Powerstretch Hood Fleece Jacket,,01h6zxbn4rvdrm8hmhyg69esrm,ok
,Move Mountains,Leif tøffel 41-46,,01h6zxbgq2krdekcp1mtt0q4bd,ok
,CMP,Woman Zip Off Pant,,01h6zxbmcsm0jmc9ka2ky2n5es,ok
,Sway,Wind Hallsko 41-46,,01jk8m8d1k8xsn53v623jvv6fm,ok
,Endurance,Lessendo M Jacket,,01h6zxbm0zjgzz61rdnpht7s2m,ok
,Bjørn Borg,T450 EMB M,,01ha79d065fcw0qnmzvkznjds7,ok
,Vikafjell,Vikafjell Mobilvarmer,,01h6zxbg1azp85h63sbjsr1t9t,ok
,Endurance,Elunaia W Primaloft WB Jacket,,01h6zxbmtaxe1g08qzsvd1ngzh,ok
,Endurance,Gelong W Shoe size 36-41,,01jz5r0ch7ebxakrcdhzb4pkw4,ok
,Daniel Franck,Alpha LS Bukse Dame,,01h6zxbecsfqcjv35r0g69983p,ok
,LMNTS,Tana tørrbag 30L,,01h6zxbk8pp9374qx1msvx1tjn,ok
,Vertical,Vengol M Jacket,,01h6zxbmsd43pcs7anzcechkek,ok
,Leki,Leki Storm Magnetic,,01kh8d1q6pg2whx54dha1h6gxm,ok
,Endurance,Archipe Logo Wristband (2pcs),,01h6zxbjgt469hbn4cn7bd47v5,ok
,CrazySafety,Giraffe Bicycle Helmet,,01kbm8q3ryngz111yc1yhsjzkf,ok
,Endurance,Seston Jr. Shorts,,01h6zxbm0zjgzz61rdnpht7s2p,ok
,Sway,Swizzle 28-35,,01h6zxbmsn6884hx7rwqjhxsam,ok
,Endurance,Vizuv W SS Performance Tee,,01h6zxbkm06s1axfrvp24k4tbt,ok
,Vertical,Aumaro W Pants,,01k9crk3den0qry6aygb7ggg0j,ok
,Endurance,Pendellon M Light The Night Jacket,,01h6zxbm102b9r0khfyre8vgjc,ok
,Sway,Starter 20L,,01jdpxt1myx99h024y9w6f30f8,ok
,Daniel Franck,Alpha 2.0 LS Jakke D,,01j2trfzvk36ym8hr6jfaf9k21,ok
,CMP,Woman Jacket Fix Hood - Superlight,,01h6zxbms8hehd75s9j0tbzbd3,ok
,Kinetic,"Blaster Spin 11'6"" (5-30 gram)",,01j7dn2py9pq4pnprtw83aqn0y,ok
,Diadora,Løpesko Nucleo 2,,01j8fg355f2dp3m4jhm0kwq2nv,ok
,Heldre,Vidde Ultralett 4,,01h6zxbdparweacyh7sgnzygnq,ok
,Peak,Taichi Sneaker 36-40,,01jkx0xsecc0zw0zmcxzrwjg76,ok
,Endurance,Johen M Midlayer,,01jramvhj1b3qjt0tfvgdhhkbf,ok
,Cruz,Swansona Jr. Shorts,,01h6zxbm0w2cwc46x1r1bj34j3,ok
,Lars Monsen,Hardangervidda stekepanne,,01k7h7p8q5edfptf5vm485mqgq,ok
,Kinetic,JH Glitter 18g,,01h6zxbgc4780sgze8dsbr315x,ok
,Kinetic,Little Viking Beach & Pier Combo,,01h6zxbmsbnrw8eyja9q9f0xjm,ok
,North Pro,Daniella swimsuit Jr,,01j679qk294ebcwy48pk592n4b,ok
,Northug,Davos hybrid pant - Man,,01jqrrv2jxsf2wg9vfd6ce0pan,ok
,Cruz,Senen M Mid Thigh Boardshorts,,01jbv87dc0q05bqdjxateb7zh4,ok
,CMP,Juukat Mid Hiking Shoes WP,,01jxcj3vwdp9w8fr97jsh2hfe1,ok
,Sway,Marsala 30L,,01h6zxbkm9dnbw2v4x974j55gs,ok
,Snjór,Jostedal høyhalset ullgenser - Herre,,01h6zxbjft8vspfxm61b9rnqr9,ok
,Vikafjell,Brekke PU regnbukse,,01ja4wk0ttetqgre8hqaj6hwaw,ok
,Vertical,Katena W CFT+ Jacket,,01h6zxbkkywsp48cw2hx8fze89,ok
,Endurance,Vernon V2 M Performance S/S Tee,,01hp6d7qb1sqawb6s74nv6r298,ok
,Trnd,Alfred 41-46,,01j6f1kfyknzdqenjdj7pvaff8,ok
,Sway,Dural II 32-39,,01jk81v74cyk49chp5z9917j5e,ok
,Åsnes,Åsnes Shorts Wmn,,01j8s7tv6g8jmq7cp0km0hfycq,ok
,Peak,Taichi Running Shoes 36-40,,01jkwww555fpth8b3s4jk6xh1a,ok
,Endurance,Poweno Jr. Unisex Short Tights,,01h6zxbkm06s1axfrvp24k4tbx,ok
,Heldre,Nordseter cord bukse - Dame,,01k4sfsq58136dpfw8cmq1xq7q,ok
,Vertical,Dougan M Half Zip Midlayer,,01jmvkwnxka0hxmks5g8eqwjdh,ok
,GUPPY,Zaida Bikini,,01j4rh360vrjq2w2dfpmecxd82,ok
,Heldre,Bykle dunjakke - Herre,,01h6zxbdq6smnrmv78w3h768pe,ok
,North Pro,California ss Tee JR,,01h6zxbmsgrxsbgcez9k6ssh3c,ok
,Noodles,Bayside 36-41,,01j2kgf3cyy6s59xp84p05tts6,ok
,Move Mountains,Koja WP 36-42,,01j7tny2a7x2xqwdfvj67g1k53,ok
,Hummel,hmlMotion Bee Short Co Crew Woman,,01jq3vg6v92cxzq3t695zcyyms,ok
,Vikafjell,Finse merinoullsett - Barn,,01h6zxbdp0sa9ejmbqge8p93we,ok
,CrazySafety,Dino Children Backpack,,01kbmc846caz9ak3ty04fggjp5,ok
,Sway,Lardos Sandal 41-46,,01h6zxbe1dw1789v7vc9ceemdh,ok
,Endurance,Coroglen W Sweat Hoody,,01h6zxbe1k84svqf0v4ejxp89s,ok
,Vertical,Romningon M Outdoor Pant,,01h6zxbm0ys2xs1zbjc8t0t9rb,ok
,Sway,Terier WP 36-41,,01h6zxbmskensyqt1d7a51a1zh,ok
,Disney,Matboks Skolestart,,01h6zxbecxghk01cck0ntec37s,ok
,Northug,Davos hybrid jacket - Woman,,01jqrq0zkqnzssqqcz7vcgrmyj,ok
,Vertical,Bergato W Rubber Boot Size 36-42,,01jjcd7yx2wbrn11f0h9g20p4z,ok
,Vertical,Kateny Jr. Jacket W-Pro 15000,,01jbvsxf37xs4tnn1da6ed8bq5,ok
,Ticket to The Moon,TTTM Lightest Pro Hammock,,01jat09mg702r7s8cp717137p6,ok
,Vikafjell,Vatts jakke - Junior,,01h6zxbcth8wrc4vwffjncgs0q,ok
,Lars Monsen,Levajok kobbel med strikk,,01kdyws6g16vtewmvy589drv3q,ok
,Umbro,Aurora X Fotball,,01h6zxbkm38fbwx2vhswe5h2ma,ok
,Champion,Crewneck T-Shirt JR,,01hpkpz00z7r1bfav9h74sbfd3,ok
,Graffiti,Contee Shorts,,01h6zxbe1q3vj8zan12e60sp7p,ok
,Trnd,Nora 36-41,,01j6ek0nx9897knaveee3nsdas,ok
,Lars Monsen,Lomsdalen 2 telt,,01k5rmsxk2kb2n2sq6vtvzr6jb,ok
,Vikafjell,Halhjem fleecejakke,,01h6zxbk8hs5b5936m0bv355z6,ok
,Lotto,Stadio 705 TF Jr.,,01h6zxbmsvqr2m8hzq6cdtskm0,ok
,Endurance,Tech-Run M Performance 3-4 Tights,,01h6zxbm11pn7zy48yjjyt3kdb,ok
,Snjór,Hovde Pilefleece HZ dame,,01jktk2sfsbhfz04etytvzj73v,ok
,Primus,Lite Plus Stove System,,01k973j3y9j2e0kh71f46q7gb8,ok
,Daniel Franck,Alpha 2L Jakke Dame,,01h6zxbecsfqcjv35r0g69983g,ok
,Champion,Crewneck Sweatshirt W,,01jjbqmmjx8n5ejyf13r0pg80a,ok
,Q,Lucy Long Tight,,01h6zxbgcnv0934xn4k79bv743,ok
,Heldre,Skarven jakke jnr,,01h6zxbe1wyfwjxh8qpen8txz9,ok
,Vikafjell,Ulven fleecebukse - Herre,,01h6zxbebrbfg1scmbczzg8hkz,ok
,Lars Monsen,Folldal strikkegenser - Herre,,01h6zxbm1817ax1ea4q9ktcb1f,ok
,CrazySafety,Shark Children Backpack,,01kbmaddm242cgdzh4d64pahwb,ok
,Vikafjell,Kleiven jakke dame,,01h6zxbk8jc16dywry21v92hdr,ok
,North Pro,Sunset stripe swim shorts,,01j66wfxma28ksx7kgvyvvnbap,ok
,Move Mountains,Gekko 31-39,,01h8bdbwkk9n2amt25axjm7w8b,ok
,Endurance,Tarom M Technical Hoody,,01h6zxbmtaxe1g08qzsvd1ngzs,ok
,Endurance,Talidos Treck Kids Shoe WP (28-39),,01h6zxbmss9y3fcz00ypqrejat,ok
,Vertical,Cheero Light W Long Puffer Vest,,01jbvsk19975xvwvtdhpstsvqy,ok
,Kinetic,Funky Fred 18g,,01h6zxbgc5p726fhajkwdgz2zd,ok
,Vertical,Poloten W Teddy Fleece Jacket,,01jjq1vfj4a5m68k4xq1bj0t1d,ok
,Endurance,Shela W Jacket,,01h6zxbm0zjgzz61rdnpht7s2k,ok
,Lars Monsen,Røvoltjønna Turbukse JR,,01h6zxbm1fyx32w21c79ch9h43,ok
,Vikafjell,Varm ullgenser - Dame,,01h6zxbdnzs1tgpfb8qefr2tcr,ok
,Move Mountains,ESKIMO 36-41,,01h6zxbgq2krdekcp1mtt0q4bj,ok
,Kinetic,Landing Net teleskopic/foldable,,01h6zxbc5e1df276ry19s8p2pa,ok
,Endurance,Lassieo Jr. Unisex Running Jacket W/Hood,,01h6zxbkkywsp48cw2hx8fze8s,ok
,Åsnes,Åsnes T-Shirt Wmn,,01j8s868f5t127pk0sns3s4sqn,ok
,Treksta,Trollsteinseggi pant (W),,01h6zxbk8dnvxpwkd80kgc0fgw,ok
,Endurance,Sindry Unisex Light The Night Vest,,01h6zxbmd3mqhp4a1c98ysd3xm,ok
,Statewear,Kids Trucker cap,,01j52z1t8xpx5b2smr4ewb5whk,ok
,Diadora,Løpesko Nucleo 2 W,,01j8fftty6yrn4xnkwsz5b9jaq,ok
,Endurance,Jocee W Midlayer,,01h6zxbjwf4899v3qt86mx0327,ok
,Endurance,Kudlen W Outdoor Boot WP,,01h6zxbmd8cann191edtah8nrb,ok
,Outdoor Research,Women's Ferrosi Capris,,01j2jwgt0y1kg1wy6vrmr1b6zw,ok
,Endurance,PROTECH Neoprene Knee Support,,01h6zxbmt9bwfk21vprrhhp39g,ok
,LMNTS,Mini lommelykt,,01h6zxbdpszgvkv9waxebnycz5,ok
,Lars Monsen,Nordland Turbukse dame,,01jkfybs2y9e53hax4deq11gtz,ok
,Heldre,Otra turshorts - Herre,,01h6zxbfqdfawvdgbnbfhcazjj,ok
,Bula,Contrast Hood,,01hsdwsq2nx5a8sw50xhzy2pzw,ok
,Daniel Franck,Djerv Pannebånd,,01h6zxbkkg504d943x8wvb0c7q,ok
,Endurance,Klongia W Shoe,,01h6zxbn4qznvaeke5f6b1rqhw,ok
,Move Mountains,ESKIMO 41-47,,01h6zxbe2bpqdsm7ywar9a25c6,ok
,Daniel Franck,Alpha 2.0 LS Jakke,,01j2ts5k9z6kvh8gw1h13e7ah4,ok
,Endurance,Floweena W Seamless Tights,,01h6zxbm12gx3j4fe77t6rhvfk,ok
,Kinetic,Fantastica CC 6' P8 20-30lbs / 100-400g 2sec,,01h6zxbk78fze63keyca7e47ac,ok
,Endurance,Taronu M Technical Sweat Pants,,01h6zxbmtaxe1g08qzsvd1ngzr,ok
,Heldre,Tønsberg pannebånd,,01k33v8v25yv1zp728d6kn5gqg,ok
,Endurance,Toopina Pool Sandal,,01h6zxbn4qznvaeke5f6b1rqhv,ok
,Snjór,Val Thorens Exclusive HZ,,01hqqed3n2me1ed4e0efj0t970,ok
,Bøyekøye,Lauvik hengekøye med telt,,01h6zxbg1m0yzatxdgfm7g75qe,ok
,Peak,Taichi King 41-46,,01h6zxbkm4471vc4zq7rbmgqds,ok
,Endurance,Narsusan W Sneaker,,01h6zxbmst348yvb1rtdgqeqn7,ok
,Storm,ECO Friendly Wash (Gear Wash in) 1L,,01hnf9wmmeg038azrf2nekkewn,ok
,ASG,Disc Golf Back Pack Pro,,01jq47c51vfcas86g6etkq896g,ok
,Endurance,Abby W Midlayer,,01h6zxbmd6m22ymewy1q8764by,ok
,CMP,Altak W Trail Shoes,,01h6zxbmsvqr2m8hzq6cdtskma,ok
,Endurance,Tabaco M XQL Pants,,01h6zxbec5z87dm57hde9nnsdf,ok
,Graffiti,Alexa Outdoor Zip-Off Pants,,01h6zxbm0xs5ayanp2ysgr7yqp,ok
,Ox,Regular bar collar,,01h6zxbkmm0fvkysvtmw0530tg,ok
,Snjór,Val Thorens Sweater W,,01h6zxbh212nhph44cgegsws5d,ok
,Daniel Franck,Echo 2-lags Jakke Herre,,01h6zxbe0nypeh7b59p4s7bdad,ok
,Diadora,Løpesko Sestriere XT-2,,01j8fgx1hppvz86s7sja3few1g,ok
,Heldre,Stavanger skallbukse - Junior,,01h6zxbkmksr7bg33g0ksf8xpj,ok
,Snjór,Lifjell Vattert  Jakke Dame,,01jkdm3k1f6xwdnpmvmnjzg4kp,ok
,Mitchi,Stanford shorts dame,,01j7gez0j1hn82zxejbfb14sp6,ok
,Lars Monsen,Maridalen 28-39,,01hq8aa6tte9kgf38kw4asy8qe,ok
,Champion,Hooded Sweatshirt W,,01j5xfvseg1nswff6wv54p260e,ok
,Ox,Hex rubber dumbbell 17.5kg,,01h6zxbh212nhph44cgegsws53,ok
,Trnd,Noah 41-46,,01j6emy6tez2tefp674tpe2k52,ok
,Daniel Franck,Alpha T-shirt Dame,,01h6zxbmttmc1d8d1753awq66j,ok
,SWP Sports,Gamma Rage 300g,,01hqnfvqg30wkvy73kamww5qty,ok
,Vertical,Kirove M 1/2 zip knit,,01jbvt9d18p2nqkk3hs38a93rz,ok
,Vossatassar,Monstercamo Merino Headband,,01j8hk9fy0atp6crw7fc0rc2db,ok
,PURENorway,Pure Norway Gympose,,01htphzhwxt3d12eb7ywy0ycsk,ok
,CMP,Kamsel Low Wmn WP,,01k9pndshvg7mw8ne8ex50mhpy,ok
,CMP,Man Zip Off Pant,,01h6zxbmctez9a2f08853x0ev6,ok
,Vikafjell,Hovland treningsbag,,01h6zxbkm8dnekyn60zg2qspnm,ok
,Mitchi,Lina langermet,,01h6zxbm0gz76na53kc1w8m1a7,ok
,Kinetic,Bodø Pilk 300g,,01j73qvv86dp4c0dcgytpq0zwn,ok
,Vertical,Bolzano M Shoe Size 41-46,,01jjcd0mh2wkcxm2x7fe723vkx,ok
,Sway,Adventure Junior,,01h6zxbdp90266vwp45qy05cjr,ok
,Vertical,Beiny M Hiking Pants,,01h6zxbjwmraqyhspajg9ar0xy,ok
,Hummel,hmlLogo Jersey S/S,,01jq3r6q7ankbmebmh6cs94t5a,ok
,Kinetic,Silden 400g,,01j73qbr6aywe5517p2q4s48vh,ok
,Vikafjell,Dyrheim fleece lue barn,,01jkx73apbsexma564xxhp6rss,ok
,Heldre,Canada tec Fleece Jacket M,,01h6zxbhsq49yzav9bh5dr7qcw,ok
,Lars Monsen,Røvoltjønna Shorts,,01h6zxbm19kgr205w2x5pqreqe,ok
,Ox,Barbell set 20kg,,01h6zxbjge7x6shgkyxf0ebpf9,ok
,LMNTS,Mira lyktesett,,01h6zxbmd1n9zbttsd7z2pez6b,ok
,Staal,"Skurdal flaske 0,5L",,01h6zxbgqc6x0mtn3qnhynq605,ok
,Mitchi,Tallin Windbraker Jacket W,,01h6zxbmsgrxsbgcez9k6ssh3m,ok
,Tiny Trolls of Norway,Trolleløv ull-balaklava,,01hr4gmhz7k83kkjdfdg55f2kv,ok
,Mitchi,Krakow T-skjorte Dame,,01h6zxbmdq3atrmjehxdpve40f,ok
,LMNTS,Rena vanntett tørrbag 1L,,01h6zxbcte4nwav53cvwwx9tnh,ok
,Johaug,Cozy Block Hood,,01j4vm0hc9ebb15ymejrsc3dwx,ok
,CMP,Phelyx WP Wmn Multisport Shoes,,01h6zxbmsvqr2m8hzq6cdtskm8,ok
,CMP,Woman Long Pant,,01hv3nphwy0mrtmbbxv7fe2pn4,ok
,Vikafjell,Vangen Pant (Jr),,01h6zxbjg0taavydrvz63etgm8,ok
,Endurance,Raynaya W XCS Jacket,,01h6zxbjgvjj2tf1f5x8r84zt5,ok
,Move Mountains,Koja WP 40-46,,01j7tpf57v4226p2qnn3njjwxy,ok
,Vertical,Kirove W 1/2 zip knit,,01jbvtm4wdkrbn15r0pxmz8x40,ok
,Endurance,Zlandon W Outdoor Shoe WP,,01h6zxbmd8cann191edtah8nra,ok
,Lars Monsen,Folldal Lue,,01jkqgh85wnbbxawn11nd5ya3g,ok
,Åsnes,Åsnes T-Shirt,,01j8scwcwcwwykf2kbgbd1jm5a,ok
,Kinetic,Swing King 18g,,01h6zxbgc5p726fhajkwdgz2zb,ok
,Outdoor Research,Helium Pants - Herre,,01h6zxbdd46t95hqe8fzhkptfg,ok
,Vikafjell,Vikafjell Røyro pant (W),,01h6zxbjfw95a5wqbe0k85jeek,ok
,Champion,Rib Cuff Pants W,,01jjbqwvmcg9c4dpzxeza3gc5h,ok
,Endurance,Vidianu uni shoe Size 41-46,,01h6zxbn4qznvaeke5f6b1rqhx,ok
,Endurance,Leepi W Midlayer,,01jrajkx3y27gz0tj81swn6tze,ok
,Mitchi,Oxford joggebukse - Dame,,01h6zxbm0703cbqjyjtxyn04j5,ok
,Champion,Full Zip Hoodie Sweatshirt W,,01j5xg22pfex0qe8e87dvztax0,ok
,Kinetic,Sweety 12g,,01h6zxbk79r6fhaxs15x2kbt9b,ok
,Kinetic,Bodø Pilk 500g,,01j73r3jevhsqh6bc21dfpyq11,ok
,Vikafjell,Løkka regnkåpe,,01hkyrnny9dpryyx93gdyarmcs,ok
,Endurance,Jackiey W Full Zip,,01je6bsak07qv4se9qt7rzwmn5,ok
,CMP,Woman Pant 4-way Stretch,,01h6zxbkzxhjtdqnad12mp16w2,ok
,Vikafjell,Marken Multi skalljakke - Junior,,01h6zxbhsq49yzav9bh5dr7qcm,ok
,Raidlight,Raidlight Ultra 2.0 ,,01h6zxbmtcd1ns617bxkqy2ad9,ok
,Mitchi,Oxford hettegenser - Junior,,01h6zxbm0manmxxkvkvyg5xx8d,ok
,Endurance,Faitheria W Shoe WP,,01h98128e4w3jqaafjj4mv4g43,ok
,Ox,Pilatesbrett Sammenleggbart,,01kfg833hj7y5jh4jw5bkt6af5,ok
,Vertical,Reidon U Michelin Boot WP Size 36-46,,01j2dtmm861hmghy98p47jp9wt,ok
,Mizuno,Wave Stream 2,,01h6zxbmdydqd2re8z3d59m4a2,ok
,Kinetic,Bonito Boat 30 2+1BB,,01j6xyymqrvbtjnfsp45ae54q3,ok
,Bula,Fleece Jacket,,01h6zxbkmhnxx060h76dwgk1q3,ok
,Sway,Starter 20L print,,01jdpyq9w3tna89dkq9xchk458,ok
,Maren,Tøffegjengen løve,,01kebnx1096vpj00mecb97c4n4,ok
,Kinetic,Pioneer Tele Spin 6' (3-15 gram),,01j7dkpg6kv878vajjbkn0jhfk,ok
,GUPPY,Moppy Hat kids,,01h6zxbn4wnk0qnxmqf7bej96p,ok
,Lars Monsen,Reinheim Dun Sovepose Dame,,01jfhzy2y8nh5f55mx89b6zjz1,ok
,Vikafjell,Solheia Bukse Jr,,01h6zxbk7ybjkx0sm3qb1w9qgr,ok
,Kinetic,Mini Silden 60g,,01h6zxbgc6h4y93refbebc5d3f,ok
,Ox,Hex rubber dumbbell 25kg,,01h6zxbecqapwbkncp0ah0z4k0,ok
,Vossatassar,Monstercamo Merino Pants,,01h6zxbj4y4by6j786r4nfr512,ok
,Vertical,Horise M Pro-lite Waistcoat,,01jbvat0nbj9j74hapttvhvheb,ok
,Vikafjell,Muen mikrofleece lue jr,,01jkx6k9s55yqat4trcc18bxja,ok
,Vertical,Came W AWG Pants W-PRO 15000,,01h6zxbjfgnj1nh41redeyktrj,ok
,Kinetic,Bodø Pilk 400g,,01j73qzv0xxsdqc1svx8sbawc1,ok
,Endurance,Sando M Primaloft WB Jacket,,01h6zxbmtaxe1g08qzsvd1ngzj,ok
,Storm,Odor Crunch 100ml,,01jaafwk11mwsfjqd1as1avphr,ok
,Vikafjell,Rialto Low 28-35,,01j7x79amb90em4vhq3yxgmbyc,ok
,Vertical,Levan W Light Puffer Jacket CFT,,01jbvmgcp33jktp11v0xg0fte7,ok
,Vikafjell,Montana Fleecejakke,,01h6zxbhspqx89ehrxyzjg0262,ok
,Endurance,Lylea Jr. Uni Melange Performance Midlayer,,01h6zxbhcsc96nx3aa5mnmq5wk,ok
,Vikafjell,Lysøen bukse Dame,,01h6zxbk7j7e0krtpy1y2148yh,ok
,Heldre,Hvaler Jolle Jacket (M),,01h6zxbhsnyr754msmemjwywqa,ok
,Endurance,Sadie W Jacket,,01je6c8hy6p4qjgsete1sndfp5,ok
,Silva,Trek 400RC,,01hsbgdwbtc921487c6dhfq81v,ok
,Endurance,Saller W Winter Tights,,01jradc2gk71h9fe7d61xz44m2,ok
,Diadora,Mythos Blushield 9 Vortice Hip - Herre,,01h6zxbn4n8k72mvb2m03jas4b,ok
,Vertical,Jambam M Flannel Shirt,,01h6zxbm0ys2xs1zbjc8t0t9rq,ok
,Heldre,Århus ulltrøye dame,,01j2xp7he67agf6vn66m36ge1f,ok
,Kinetic,Tournament CL 11'6 LM 5-30g 3sec,,01h6zxbk77731b23axs3mpsdwq,ok
,Outdoor Research,Women's Ferrosi Skort,,01j2jxtzhxmhavvdp59z0x4et7,ok
,Diadora,Mythos Blushield 9 Vortice Hip  - Dame,,01h6zxbn4n8k72mvb2m03jas4c,ok
,North Pro,Tessa SS Tee Jr,,01h6zxbmsgrxsbgcez9k6ssh3d,ok
,Umbro,Aurora Glove Jr,,01h6zxbkk38ejmp1fyfmzne6z2,ok
,Lotto,Stadio 300 III AGM,,01h6zxbmsvqr2m8hzq6cdtskm3,ok
,Vertical,Luison M CFT + Vest,,01h6zxbm0ys2xs1zbjc8t0t9rr,ok
,Champion,Elastic Cuff Pants Jr,,01jjbwc1mjpkw3z4nd3ajjkgj9,ok
,North Pro,Surf tee JR,,01h6zxbm0p1rksnyqp81kymgp8,ok
,Endurance,Energym Jr. Short Tights,,01h6zxbms92e3rkp8y7g6pft6p,ok
,Vikafjell,Ulven fleecebukse - Dame,,01h6zxbebrbfg1scmbczzg8hky,ok
,Maren,Dyktig! Godbitbag,,01kdz116w99qafj6qcvbqhhpxb,ok
,Endurance,Boona løpevest m/ flasker,,01h6zxbmd7d74f33bc94894k5t,ok
,Ox,Massage cushion w/hand pump,,01h6zxbkmm0fvkysvtmw0530tj,ok
,Champion,Crewneck Sweatshirt JR,,01jjbt14da428sy0sdjvhej2dr,ok
,Cruz,Eyemouth M Basic shorts,,01h6zxbe1fr793xrkr1gy6rarp,ok
,Kari Traa,Elli Shorts,,01h8xzkrt81xdfq2x8yvzs2wvv,ok
,Sway,Linken hoftebelte,,01h6zxbdpqc6vc5vgqsb43tj5k,ok
,Karrimor,Dorango AS 30+5,,01hf6q1yn2qekr2jy9f59pjxmx,ok
,Vikafjell,Varm ullgenser - Junior,,01h6zxbdnzs1tgpfb8qefr2tcs,ok
,Kinetic,Kinetic Airborn CT 9' #6-7 4sec,,01h6zxbk78fze63keyca7e47ae,ok
,Endurance,Isabelyna W Jacket,,01h6zxbm12gx3j4fe77t6rhvft,ok
,GUPPY,Flory SS Tee Kids,,01h6zxbn4v84gf5825yjsdefhw,ok
,Snowflake,Mrazik Akebrett,,01h6zxbm0ebcp57ksppbsc7tfb,ok
,Kinetic,Hummer- og Krabbeteine DL,,01j7bbpx98hjww87qc8dgf2f24,ok
,Ox,Aerobic Step Salsa,,01h6zxbkm6r6ndcc5hxzsjb7q0,ok
,Outdoor Research,Women's Essential T-Shirt,,01j2e8gnrbeyw63t24zszkpb29,ok
,Endurance,Tingsti W Outdoor Shoe WP,,01h6zxbkzsdghqjjsc05xm049p,ok
,Hummel,hmlMover Sweat crew jr,,01h6zxbn4ksh3a2v7c5fg4x852,ok
,Snjór,Lifjell Vattert  Jakke,,01jkdmsvh1qpgwvgzkjapd23ve,ok
,Kote,Haukeli 36-41,,01h6zxbmc61bkq21wy33fxnsx6,ok
,LMNTS,Tana tørrbag 20L,,01h6zxbk8pp9374qx1msvx1tjm,ok
,Northug,Sapporo Long Sleeve W,,01jp4zkw8akvjs5tnbqexrqj0h,ok
,Treksta,Sun Low/Clip Low Quicklace GTX,,01h6zxbk7dpr1bdv28hrqdetbg,ok
,Endurance,Millya W L-S Tee,,01h6zxbkzp70t7tr06xgkd18b6,ok
,Snjór,Cervinia cord nikkers - Herre,,01k4se76v9944xtbst4kf6vw40,ok
,Graffiti,Ducaryon Kids Lite Shoe,,01h6zxbmd9h4q09mjcm815hnwk,ok
,Mizuno,WAVE IBUKI 5 GTX(W),,01j05pkr8gtsqwxj43zxc0f64r,ok
,Maren,Topp! Kjegle L,,01kd5wryzqhme8dstq4rbqn6ep,ok
,Ox,Vektløfterbelte,,01jq6h02r7n6jjgvs52z3krsm5,ok
,Endurance,PROTECH Knee Protection Jr. (2pcs),,01hkvw3g53a6ezwp1xyy647zk8,ok
,Mitchi,Pamela BH,,01h6zxbhc5dhmsqmq8bg66qhd5,ok
,Vertical,Luison M CFT + Jacket,,01h6zxbkkywsp48cw2hx8fze88,ok
,Kinetic,Mosquito Cap,,01h6zxbjvscsc3bggybq8mqwzg,ok
,Champion,SS Tee,,01j5xfe9zrwbsp70swdwmd5jp0,ok
,Outdoor Research,Aspire GTX® Pants - Dame,,01h6zxbmcvajye5qrthp4zrb1q,ok
,Bula,Lost fleece sweater,,01hrpwh4h22ft64qfrgc5ycnwk,ok
,Kinetic,Fiskevest,,01j7bff2m11yj9c6xd00eea7zv,ok
,Snjór,Lifjell Halfzip - Dame,,01jkb4x7113dvzq04d11tswe3y,ok
,Bula,Contrast Crew,,01j44cxvmw31fpqt1ew0cmgek8,ok
,Heldre,Otra turbukse - Dame,,01h6zxbebrbfg1scmbczzg8hkh,ok
,Kinetic,Kinetic Chairpack Std.,,01h6zxbk7b2y1n9vt5z2bjqm01,ok
,Vikafjell,Finse Merinoull lue junior,,01h6zxbdp1sgqmq565w8y3ac35,ok
,Endurance,Kentene M Sweat Shorts,,01jfch3gwxfw5jj4mdq57p7jk2,ok
,Endurance,Zamil W Loose Fit Tee,,01h6zxbmd6m22ymewy1q8764ce,ok
,Daniel Franck,Echo 2-lags Jakke Dame,,01h6zxbhdt4q8hzhpmgww04wcd,ok
,Sway,Randa 24-32,,01h6zxbm0hesg8jx17g5n4a1pn,ok
,Kinetic,Markboks m/belteklips,,01k5tmvg3bqbke9q8yk56kzc6j,ok
,Mizuno,WAVE PRODIGY 6(M),,01j05nbgqhmrjtq1p66rg4dhzh,ok
,Kari Traa,Livia Pj Pant,,01jkgb2c7an1yxrzeh8yn3geeg,ok
,Graffiti,Luda Softshell Pants W-PRO 8000,,01h6zxbkkx8p11qng9721y2vd7,ok
,Karrimor,Superlight 30L,,01h6zxbfqc6qfg314hymxx8rhg,ok
,Vikafjell,Snorosa ullgenser,,01h6zxbdp3d2xax6wvb1kpttda,ok
,Graffiti,Baton Shorts,,01h6zxbe1q3vj8zan12e60sp7e,ok
,Heldre,Holmenkollen bukse - Junior,,01h6zxbh0vv15g2k633g3138jr,ok
,MOLS,Gabeefu Kids Boot WP,,01h6zxbkzry80d40w7fapm0f8j,ok
,Peak,Taichi King 36-41,,01h6zxbkm4471vc4zq7rbmgqdr,ok
,Mitchi,Stanford genser - Herre,,01hqx5c51gnxqjrbg74111mwzs,ok
,Endurance,Vencent V2 M SS Performance Tee,,01htq200mcpzrxzyqeq90n84zq,ok
,Kinetic,Kinetic Sølas 24g,,01h6zxbgc5p726fhajkwdgz2z4,ok
,Endurance,Moover W Tights,,01htptr5yev55x19126threpxr,ok
,Endurance,Tech-Run W Performance 3-4 Tights,,01h6zxbm11pn7zy48yjjyt3kda,ok
,Endurance,Majoron Uni Shoe size 36-46,,01hnfxsf5xre7mv6ez5nvdcqpm,ok
,Endurance,Timmiana Jr. Sweat Hoody,,01h6zxbn4ty3ry048qdy13c7yh,ok
,Diverse,Lue m/vanter,,01kfzx3gaybp5ccbfsf3w9s7r1,ok
,Tiny Trolls of Norway,Trolleløv ull-lue,,01hr4gw5y967jr089dfcg026hs,ok
,CMP,Woman Bermuda,,01hv3n4f45qe2k79fd5vm28ndh,ok
,Mizuno,Wave Ibuki 3 GTX W,,01h6zxbj5abfwskpn0ye88z8fm,ok
,Zamberlan,Slogen GTX®️ (37-41),,01h6zxbk7rx36jvr9p14sdnr84,ok
,Endurance,Xenor M Logo Hoodie,,01htpsbb6zc3gahx28sbtch809,ok
,CMP,Mintaka Wmn WP Shoe,,01h6zxbmsvqr2m8hzq6cdtskm6,ok
,Endurance,Tech-Run M Performance Short Tights,,01h6zxbjwd817yvj6xvgbm7rvx,ok
,pyttpytt,Storm Sydvest,,01h6zxbebyr33ka3ha3j9j02jy,ok
,Lars Monsen,Elgå Langline Antiskli 10m,,01kdyth29dxct0bh1rzyfp1yj7,ok
,Umbro,Furio Mid Tight,,01hrvqke6aaqv8jpah0pj2mg2r,ok
,Endurance,Silverton Run Mitten,,01h6zxbec45bpy1n49ssjxfg9t,ok
,Vertical,Globen M Outdoor Stretch Shorts,,01h6zxbm0ys2xs1zbjc8t0t9rh,ok
,North Pro,Josie ss lace tee,,01j6706bvp23hddtyk37h6x3wd,ok
,Snjór,Val Thorens Exclusive HZ Dame,,01hqqd07yagxq2ynjrp0y1wkmz,ok
,Vossatassar,Ponk softshell jacket,,01k56gg78z54x9p81t2npbq5q1,ok
,Outdoor Research,Men´s Grandridge 2L GTX Jacket,,01jmekz801atrg1y3ezzv704eb,ok
,Northug,Sapporo Long Sleeve,,01jp2v7aej10fprsenbmdzg5vt,ok
,Vikafjell,Morgedal Shorts - Herre,,01h6zxbfqdfawvdgbnbfhcazjm,ok
,Vertical,Victal M Parka W-PRO 10000,,01jbvg2qskxnkn0q6229apecwg,ok
,Vertical,Florey M AWG Parka W-PRO 10000,,01jbxytz4cg2bw5ryzheettney,ok
,Vertical,Noella W Polar Fleece Shirt,,01h6zxbkkywsp48cw2hx8fze8a,ok
,Vikafjell,Sørefjell Bukse - Herre,,01h6zxbecsfqcjv35r0g699839,ok
,Kinetic,Kinetic 4 Braid 300m,,01h6zxbjv9b6sqvthn14vt9gab,ok
,Champion,Hooded sweatshirt JR,,01j5xgxcw7fkkgqpzk6hnfdk3j,ok
,Ox,OX Resistance Band Set,,01h6zxbmcq7h5ar353s4yr7v58,ok
,Endurance,Isabelyna W Pants,,01h6zxbm12gx3j4fe77t6rhvfs,ok
,Kinetic,Tiger Silden 40g,,01h6zxbgc5p726fhajkwdgz2ze,ok
,Mitchi,Lisboa T-Skjorte,,01h7yw5bemmnwe74q2fzh5s81z,ok
,Endurance,Austberry Jr. Training Pants,,01h6zxbmtaxe1g08qzsvd1ngzg,ok
,LMNTS,LMNTS Bærplukker,,01hdr2bgw7bpm4b2xz27azyfhv,ok
,Endurance,Wislok M Training pants,,01h6zxbe1j66a09dwfnmsqadqn,ok
,Vikafjell,Voss ullstrømpe 2pk JR,,01h6zxbjfv2zmf8r1dtx9rvs67,ok
,Ox,"OX 1,25kg plate 50 mm",,01h6zxbkmetd6ve86bd587bdrd,ok
,Vikafjell,Vidda gamasje jr,,01h6zxbh1axmsq2mdgpwrq693k,ok
,Kote,Knabben WP,,01h6zxbkkncg3zxjdymrw08kw8,ok
,Vertical,Victal JR Parka W-PRO 10000,,01jbvq4rtvejhdkgnghq90gqdr,ok
,Maren,Sånnja! Halsbånd mønster,,01kdz7f6f9t9yz8zr0q3v2ax3v,ok
,Ergobio,Rubimax 36-41,,01j6h9g64zhsrah41z420611ha,ok
,Endurance,Franza Waist Shorts W,,01h6zxbe1n3n3a4xke7q4qeasb,ok
,CMP,Woman Functional Tee,,01h6zxbjwn3k4psd0ec58m4b6w,ok
,Lars Monsen,Alta Light Down Vest W,,01h6zxbm1adn1fyh23ehve3jxy,ok
,Endurance,Martrint Bottle,,01h6zxbm12gx3j4fe77t6rhvfw,ok
,Kinetic,Kinetic Sølas 38g,,01h6zxbgc5p726fhajkwdgz2z5,ok
,Bula,Breeze Fleece Gloves,,01h9fdxznwfrsds670tz5506v4,ok
,Champion,Rib cuff pant JR Girl,,01j5xhyjr39qwpc79am3q6rj6g,ok
,Ox,"OX 2,5kg plate 50 mm",,01h6zxbkmetd6ve86bd587bdre,ok
,Treksta,Star Lace 101 low GTX (42-47),,01h6zxbe1ywq1ded1723p48g9t,ok
,S.O.L.,Madeira,,01h6zxbk8kq4h7ykhv9w2141hw,ok
,Daniel Franck,Djerv Shape Shorts D,,01h6zxbmttmc1d8d1753awq66g,ok
,Northug,Davos hybrid pant - Woman,,01jqrqcdq8z2sshsg36b2aqv7b,ok
,Champion,Hooded sweatshirt,,01j5xee7cchm0gwvytdheh1dwg,ok
,MOLS,Versailles kids sleeping bag,,01h6zxbjfx0c4v87x9s753j7ec,ok
,CMP,Athunis Mid Trekking Boot WP,,01h6zxbmck2nbew2qfx8zv7xdf,ok
,Åsnes,Myrkdalen Hiking Pants,,01jjrgq5hjdtkvd737v6s7ds3j,ok
,Endurance,Windon M Light Weight Running Pants,,01h6zxbm102b9r0khfyre8vgjh,ok
,Outdoor Research,Foray II GTX® Jacket - Herre,,01h6zxbmcvajye5qrthp4zrb1r,ok
,Bula,Bula Solid Cap,,01h6zxbm0tc6mcpjb76bg5rs0j,ok
,Ox,OX Venus Padel Racket Carbon,,01h6zxbmcxqz6g2gd1znr246cd,ok
,Endurance,Gertrada W Bra,,01h6zxbn4s1e7g8x9xrygc2dcd,ok
,CMP,Man Jacket Fix Hood - Superlight,,01h6zxbms8hehd75s9j0tbzbd4,ok
,Endurance,Eddie Cycling Helmet,,01jrwckw2nkxrrx85gb7d1pe9t,ok
,Trnd,Alma 36-41,,01j6ejkpc9eqnedn942j1zqjvc,ok
,Bula,Bula 3pk Everyday Sock,,01h6zxbjw5knve12zdykzfqvv0,ok
,Alien,Urke,,01hthxdnzd5pmsnjxtynczf8wr,ok
,Cruz,Reaganon M Shorts,,01h6zxbmsagwv3160c7gtgwcjt,ok
,Vikafjell,Gullbrå dunvest - Junior,,01k5rjrrbn2maq00r106p3hwxs,ok
,Graffiti,Arvon Boardshorts,,01h6zxbn4s1e7g8x9xrygc2dc8,ok
,Lars Monsen,Røa Duffel 45L,,01k6aaayweavg0zhvepmhacnar,ok
,Northug,Viljeskalle extra fine merino,,01jhqrfhy1yqk5xyx9px0gfayx,ok
,Mitchi,Mitchi Rita Tee W,,01h6zxbh22k8qtn7dccse47zdy,ok
,Vikafjell,Glomma Turbukse - Dame,,01h6zxbhc5dhmsqmq8bg66qhd2,ok
,Outdoor Research,Ferrosi Pants - Dame,,01h6zxbmcw35hh8pnc7wtpjaf5,ok
,Endurance,Winda W Light Weight Running Pants,,01h6zxbm102b9r0khfyre8vgjj,ok
,Tiny Trolls of Norway,Sprett II 22-30,,01j7znnn8pqajhgq8wfe9jph44,ok
,Kinetic,Tiger Silden 25g,,01h6zxbh0erawxffzaz8xrrt1q,ok
,Graffiti,Pilolenso Kids Lite Shoe,,01h981w703yezw118a20xnwtbg,ok
,Snjór,Jostefonni jacquard genser - Dame,,01h6zxbhdrbk0d8da6962tndgq,ok
,Asics,MARATHON RACER SOCK,,01h6zxbdpvd33c6gqy9yee2s0y,ok
,Karrimor,Raid 5 hoftesekk,,01hf6nrrpm4bwy5096r518k00e,ok
,LMNTS,Drikkebelg 2L PRO,,01h6zxbk8gm5c8p0mbk5za7rh8,ok
,Vertical,Millani W Checked Fleece Shirt,,01h6zxbmdt51zvjhbecyyvyha7,ok
,CMP,Man Long Pant,,01h6zxbms7q01hx0x5bb4cmxja,ok
,Endurance,Degen M Casual Shoe,,01h6zxbn4qznvaeke5f6b1rqhz,ok
,CMP,Man Basic Beach Shorts,,01h6zxbms8hehd75s9j0tbzbd5,ok
,Vertical,Larana W Outdoor Shorts,,01h6zxbm0ys2xs1zbjc8t0t9rd,ok
,Endurance,Magnolia W Sports Bra,,01h6zxbe1n3n3a4xke7q4qeasa,ok
,Ox,OX 10kg plate 50 mm,,01h6zxbkmetd6ve86bd587bdrg,ok
,Treksta,Sync Running GTX M 41-47,,01h6zxbk7dpr1bdv28hrqdetbd,ok
,Sway,Wind Hallsko 36-40,,01jk8n3r7r9smbtq906zp2s903,ok
,Trnd,Ella 36-41,,01j6ej2n38nfb7sva6r556fzmn,ok
,Champion,Full Zip Sweatshirt W,,01hpkdz8243bnpn98mpfw8805c,ok
,Treksta,Sync W lll GTX,,01h6zxbe24eeh15rx7q4ffznny,ok
,Cap,Maracana football cool sock,,01h6zxbc44aa0c6fya37mw1wxg,ok
,Champion,Ribb cuff pant W,,01j5xgad1nzrha4vnda7pw8pm2,ok
,Kinetic,Pioneer Spin 9' (12-40 gram),,01j6vbg5m7v7qz5wywnp8czhjk,ok
,Cruz,Rawliny Jr. SS Tee,,01h6zxbm0w2cwc46x1r1bj34j4,ok
,Åsnes,Myrkdalen Anorak Wms,,01jjkxf4sjpvt4m72pfbj9nfpz,ok
,Champion,Hooded sweatshirt JR,,01jjbs48j8qm1q37z2exdm9613,ok
,Åsnes,Myrkdalen Half Zip Knit,,01jjkwdkheke7zr1q4ctbys3ce,ok
,Graffiti,Rasmas Boardshorts,,01h6zxbm0xs5ayanp2ysgr7yqs,ok
,Endurance,Marlino Headband,,01h6zxbj5phqr50jgdyqp9f3at,ok
,Hummel,hmlMOVER Cotton Cuff Pants Jr,,01h6zxbm0cz0gkt0pch5rhqrn0,ok
,Bula,Bula Jr 2pk wool sock,,01hr9w92t35rjgszxg2606hsbj,ok
,CMP,Woman Pant Long,,01h6zxbmcsm0jmc9ka2ky2n5er,ok
,Vertical,Tekapoana W Teddy Fleece Jacket,,01j28nva790x7tb0fx2aacf0ap,ok
,Vertical,Fox Windblock Headband,,01h6zxbkzzxh99pkree356yh13,ok
,CMP,Man Long Pant,,01h6zxbms8hehd75s9j0tbzbd2,ok
,Kinetic,Fiskehåv Lille Viking,,01h6zxbc5xv71atda2k0cqt24e,ok
,Endurance,Garciao W Tights,,01h6zxbmd5wn1zw39sxb9f1wfe,ok
,Ox,Jacquard Yoga band,,01h6zxbkmnc36x8nprmespf8zg,ok
,CMP,Dypsie Mid Lifestyle Shoes WP,,01jxcjk773ap2nbf3efaxrptyt,ok
,Champion,Hooded sweatshirt JR Girl,,01j5xhrjvmgbmpm0xec2ar36ze,ok
,Vertical,Erikon M Dull PU Jacket W-PRO 5000,,01h6zxbmd7d74f33bc94894k5q,ok
,pyttpytt,Lyngpollen støvel 36-41,,01h6zxbe19yjmz7bbb2aj9cv37,ok
,Heldre,Loen Skallbukse - Herre,,01h6zxbk8jc16dywry21v92hdx,ok
,Heldre,Loen Skallbukse - Dame,,01h6zxbk8jc16dywry21v92hdy,ok
,Åsnes,Myrkdalen Hiking Pants Wmn,,01jjrgefdd4yc6bv2hwrazs2bh,ok
,Bula,Essential Gloves,,01hs14cqa4a0p729735p4kwf24,ok
,Endurance,Goron Ultra Thin Waist Bag,,01h6zxbhrf5323j52twax2q8y1,ok
,Bøyekøye,Lauvik Hengekøye m/nett,,01h6zxbg1m0yzatxdgfm7g75qd,ok
,Bula,Breeze Fleece Glove Jr,,01hs15n1qbhw6tvd86k118hwsv,ok
,Vertical,Katena W CFT + Vest,,01h6zxbm0zjgzz61rdnpht7s28,ok
,Treksta,Alter Low Lace GTX,,01hca38mw7qzyj55h0v94y7n1v,ok
,Endurance,Lanbark Jr. Midlayer,,01h6zxbm102b9r0khfyre8vgj9,ok
,Daniel Franck,Djerv Thermo bukse H,,01hkq6b48jgye1c260w2z96f4j,ok
,Endurance,Ginara W Light The Night Vest,,01h6zxbm11pn7zy48yjjyt3kcw,ok
,Graffiti,Nampa Kids Melange Fleece,,01h6zxbc4rkcxcrmm7jpbdqzzp,ok
,Ox,Boxjump,,01jq6jrzvk7fjvwrp7fmsw0xyp,ok
,Vertical,Rasmon Q-lock Boot WP Size 36-46,,01jz7ydpgye3vvqhzrzpgswjp4,ok
,Sway,LED Refleksvest,,01h6zxbdq6smnrmv78w3h768ps,ok
,Endurance,Avery Quarter sock 3-pack,,01h6zxbc47ax3nx4wt0b4nq5p9,ok
,Kinetic,Pioneer Spin 7' (4-24 gram),,01j6vb9xeefn4969c6d5j36q6h,ok
,Heldre,Moa 41-46,,01hq0narewh97874ne87wx3whc,ok
,Tiny Trolls of Norway,Fant hipster 2pk,,01h6zxbmsf9831bvw7fv53m52h,ok
,Endurance,Vanclause M Melange 2 in 1 Shorts,,01h6zxbj4ty44kc4bgb08ke3ek,ok
,Champion,Elastic cuff pant JR,,01j5xh3sc5d2vv3fcyjsdjzc2j,ok
,Ox,Balance board,,01h6zxbecnm4zdepe3b6vvxbss,ok
,Ox,OX 10kg Bumper plate,,01h6zxbkmfgr42y8z13hf9kgg4,ok
,Endurance,Midanon M Hot Fused Hybrid Jacket,,01h6zxbkzn6a3jd78pj4hqxagt,ok
,Vikafjell,Breidalen ullgenser - Herre,,01hr6zv6awmn5keq19kzv4kn3g,ok
,Endurance,Cesenan Long Training Pant,,01h6zxbhcr51r9anc4d09xwt2n,ok
,Ox,OX 5kg plate 50 mm,,01h6zxbkmetd6ve86bd587bdrf,ok
,Champion,Sweatshorts JR Girl,,01j5xj9yynypwyd6dd45b5r4gk,ok
,Åsnes,Åsnes Woolmix T-Shirt,,01j8sdb2mxyafdtynsmjwj3eaa,ok
,Vossatassar,Monstercamo Merino Neck,,01j8hk3mp9k7998kafjjcesav8,ok
,Hummel,hmlMotion PL Half Zip,,01jax8mtzw1kvb0x6fpce9kbjs,ok
,Endurance,Enst M Hybrid Vest – Primaloft,,01h6zxbmd5wn1zw39sxb9f1wft,ok
,Kote,Kote Tufta Low Jr,,01h6zxbgpan2pxa9khypc1c7hs,ok
,Lotto,TACTO 700 ID,,01jyjx5xdmvg18nzw3fzbbe6qc,ok
,CMP,Man Pant,,01h6zxbkzxhjtdqnad12mp16w1,ok
,Vikafjell,Skagen Sommerull W,,01h6zxbddfj7cq1c0npapzew1g,ok
,Ox,Aerobic step,,01h6zxbecp8g705fjswzr1gx4w,ok
,Staal,"Tuva Termos 0,7L",,01h6zxbg102nsjhvbg7gns1tsa,ok
,Treksta,Trollsteinseggi pant (M),,01h6zxbk8dnvxpwkd80kgc0fgv,ok
,CMP,Woman Long Pant,,01h6zxbms8hehd75s9j0tbzbd0,ok
,CMP,Mintaka WP Shoe,,01h6zxbmsvqr2m8hzq6cdtskm7,ok
,CMP,Man Functional T-Shirt Stretch,,01h6zxbjwpztdw6vkpbt43a2mj,ok
,Bula,Bula Solid Cap,,01h6zxbmdydqd2re8z3d59m4ag,ok
,Outdoor Research,Ferrosi Joggers - Herre,,01h6zxbms6r6pzwp42krxaa8xm,ok
,Heldre,Heldre Sailor Boot 42-46,,01h6zxbj4ezym3ckz91v97ehgz,ok
,Primus,Ignition Steel L,,01j1et9f67jyyrkwssw2r9y9ff,ok
,Heldre,Hvaler Jolle Jacket (W),,01h6zxbhsnyr754msmemjwywqb,ok
,Endurance,Parisa W High-Neck,,01h6zxbmtaxe1g08qzsvd1ngzc,ok
,Endurance,Maj W S-S Tee,,01h6zxbjwenkns07526vgx64s9,ok
,Graffiti,Autounon Kids Shoe,,01h986dcbsqgrke9bgmym2sn37,ok
,Diadora,Strada - Dame,,01h6zxbn4pjw4b0490g5d8mj3s,ok
,Heldre,Heldre Maya Jacket (W),,01h6zxbhsnyr754msmemjwywq9,ok
,Kinetic,Pioneer Salmon 12' (12-50 gram),,01j6vdkta4mjf786k1ed2degyq,ok
,Heldre,Århus ulltrøye,,01j2xrr6vg8err2zemfxrde7c2,ok
,Endurance,Alcudia Run Sock Low cut,,01h6zxbc4a0edxax0ghpvy2c4q,ok
,Tiny Trolls of Norway,Toby 22-27,,01j7zzw6sygykv08k610vkjj81,ok
,Maren,Sånnja! Kobbel Mønster,,01kdz4852a115dkhywpmf4sf0v,ok
,Heldre,Bykle dunjakke - Junior,,01h6zxbdq6smnrmv78w3h768pf,ok
,Stump,Vasti 41-45,,01j5thbp2feg17apmde6567sx6,ok
,Vertical,Arlon M Primaloft Jacket,,01h6zxbmsd43pcs7anzcechkeh,ok
,Champion,Crewneck Sweatshirt JR,,01jjbvgyy0fvg3r2yg0559a5h3,ok
,Endurance,Rindal W S-S Tee,,01je6g4j8acnxkgbghkqf6fh3e,ok
,Hummel,hmlMotion Co Tee S/S Woman,,01jax585q8wnz2rnxq5t8qyf72,ok
,Kinetic,Little Viking Crab Combo,,01h6zxbmdq3atrmjehxdpve40s,ok
,Vertical,Tassa W Dull PU Jacket W-PRO 5000,,01h6zxbmd7d74f33bc94894k5r,ok
,Daniel Franck,Echo Dunjakke,,01h6zxbj560sd3h5a7wbdp7e8a,ok
,Heldre,Måbødalen vest med ull,,01h6zxbmc8e6vf58t0dg26amtj,ok
,North Pro,California Sweat crew jr,,01h6zxbn4xtawwne6j6wjpxmyp,ok
,Endurance,Whitecha W Trainning Shoe Size 36-41,,01h6zxbm14kjg4mrp81fasbdhe,ok
,Primus,"Trailbreak Vacuum Bottle 0,75L",,01jaq4vgsgtqhez36k27mwpz7g,ok
,Heldre,Heldre Raggsokken,,01h6zxbh0k7nk1hhqdpn5grzy5,ok
,Daniel Franck,Alpha 2L Skallbukse,,01h6zxbecsfqcjv35r0g69983k,ok
,Leki,Leki Sport Vision 2.0,,01jn0njfvx44p04f6b7fbne4ea,ok
,Snjór,Jostefonni jacquard genser - Herre,,01h6zxbhdrbk0d8da6962tndgp,ok
,Vikafjell,Manhattan vindjakke - Junior,,01h6zxbe1zgjfgkx58c1h71svq,ok
,Heldre,Kristiania kåpe,,01hrs8tdghmsdrfn323ay892ha,ok
,Primus,Lite XL Stove System,,01k8szh7k9w2e40c8h63r2ha5k,ok
,Outdoor Research,Women's Grandridge 2L GTX Jacket,,01jmemfnq652kk60p6tqzfxt9m,ok
,Mizuno,Wave Prodigy 3 W,,01h6zxbkk24791bysny1h6wqwh,ok
,Hummel,hmlMOVER Cotton T-Shirt S/S Kids,,01h6zxbmsqq3c1hewnymzf947n,ok
,Vossatassar,Ponk Headband,,01k56fxrr96z7d9segnrr3tswy,ok
,Endurance,Timmiana JR. Sweat Pants,,01h6zxbn4ty3ry048qdy13c7yg,ok
,Kinetic,Nympf Flies 1 5pcs,,01h6zxbk79r6fhaxs15x2kbt9c,ok
,Graffiti,Denise Kids gymsko,,01h6zxbjwpztdw6vkpbt43a2n0,ok
,Primus,CampFire Pint,,01jra42a95sxc49eybck7xdfvs,ok
,Johaug,Cozy Block Crew,,01j4vk579gvbrra7w6ca2xbaxf,ok
,Staal,"Tumbler 1,2L",,01jcdphzb4gbpfanxn437p8cyb,ok
,Vikafjell,Trolltunga Bukse,,01h6zxbmskensyqt1d7a51a1ze,ok
,Endurance,Potenza W 2 in 1 running shorts,,01h6zxbe1hpqnvy10gkvysb7eb,ok
,Tiny Trolls of Norway,Blopp Lue,,01h6zxbhsdz3c3kg7xvnwjdbbt,ok
,Vikafjell,Oslo 2pk,,01h6zxbdqbnd1pk0jx02re0zm9,ok
,Kinetic,Silden 200g,,01h6zxbk79r6fhaxs15x2kbt97,ok
,Diadora,Freccia 2 - Dame,,01h6zxbmcg0kqhegcmqnj4qc3d,ok
,Champion,SS Tee W,,01j5xgh0j8g6dktnsr50j329zb,ok
,LMNTS,Hipster Lady,,01h6zxbctg4xar1eba803rbc05,ok
,Endurance,Varbergo M Cycling/MTB AWG Jacket,,01h6zxbmd5wn1zw39sxb9f1wfn,ok
,Kinetic,Lille Viking Fiskehåv Krabbe- og bryggefiskestang,,01h6zxbc5e1df276ry19s8p2pj,ok
,Endurance,Tech-Run M Lightweight 2-in-1 Shorts 5,,01h6zxbmd3mqhp4a1c98ysd3xq,ok
,Ox,OX 15kg Bumper plate,,01h6zxbkmfgr42y8z13hf9kgg5,ok
,Sway,Happi sokker 3pk,,01h6zxbm0gz76na53kc1w8m1a3,ok
,Bula,Bula 3pk Jr. Everyday Sock,,01h6zxbjw5knve12zdykzfqvv1,ok
,Papa lou,Papa Lou Slim joggebukse - Dame,,01h6zxbm0fsxmngqk640v36tk7,ok
,Mizuno,Cyclone Speed 4,,01h6zxbmsw5ydt744pbtefbtar,ok
,Move Mountains,Rost WP 36-41,,01hprvpg8zxhezx8p36j9h2dp0,ok
,Tufte,Tufte Mens Active Tight Pants,,01h6zxbm0j6xh4vxxwhsqqddc1,ok
,Kote,Rulten mid 28-35,,01h6zxbmspe9cmv00apvnap610,ok
,Endurance,Millyan W S-S Tee,,01h6zxbkmwwmt2btxd12avthv5,ok
,Vikafjell,Løvstakken sokk m/ull 2pk,,01h6zxbmcj7eh6dqyc1zjkfsgs,ok
,Vikafjell,Vangen Pant W,,01h6zxbhc0e2cjjr8v7pf52h0h,ok
,Staal,Gassboksåpner,,01k7h7ggpxyr9evkdrcrk7gjv4,ok
,Mizuno,WAVE IBUKI 5(M),,01j05qcbdg4kknegzkpjxxs6k1,ok
,Heldre,Heldre Sailor Boot 36-41,,01h6zxbj4ezym3ckz91v97ehgx,ok
,Endurance,Garciao W Bra,,01h6zxbmd5wn1zw39sxb9f1wfd,ok
,Heldre,Bark ulltrøye Dame,,01h6zxbm0hesg8jx17g5n4a1pj,ok
,Heldre,Sniki 41-46,,01j800my0r7xfbbmp8dx6ygkyk,ok
,CrazySafety,Shark Bicycle Bell,,01kbmcrzztpsvpayrgd8y5317z,ok
,JetBoil,Jetboil CS Stash,,01hapc22dw9hp98s97ah7cfm6k,ok
,Endurance,Drill Jr. Unisex S/S Melange Tee,,01h6zxbhct0r7zm9rrbxtz6t6n,ok
,Vikafjell,Ulven 2.0 Fleecebukse - Herre,,01jktdbnjawhxksg3h5j0r6d0a,ok
,Champion,Full Zip Hoodie sweatshirt,,01j5xevgr7nkx5t4jq3pdy7g8c,ok
,Lars Monsen,Alta Light Down Jacket,,01h6zxbm1adn1fyh23ehve3jxv,ok
,Endurance,Wooery Elite W Singlet,,01h6zxbjwenkns07526vgx64sg,ok
,Vertical,Bundena Hat,,01h6zxbjfk7mvz2ah5gndp28w1,ok
,Heldre,Gullfjellet Shorts Dame,,01h6zxbmskensyqt1d7a51a1zd,ok
,Diadora,Mythos Blushield 7 Vortice - Dame,,01h6zxbm0d9w7dzsf70j2s3hjc,ok
,Åsnes,Myrkdalen Wool Long Sleeve Wmn,,01jjrfgdw35k79wwdphat0qm8f,ok
,Peak,Taichi Running 41-46,,01hcw94pwn9j7mb06wepenknm7,ok
,Champion,Crewneck Sweatshirt,,01j5xemf3989hgdn0g4qh520dc,ok
,Mizuno,WAVE IBUKI 5(W),,01j062avswvv5waxrdtpwdha24,ok
,Heldre,Timre 41-46,,01h6zxbmtjstne2mw895tdr929,ok
,Kinetic,"Tournament CL Ultra Light 6'6 XXUL 0,7-7g 3sec",,01h6zxbk77731b23axs3mpsdwr,ok
,Kote,Rulten low 28-35,,01h6zxbmsmsznsg5qmvdv7k0cm,ok
,Vertical,Ericon M Outdoor Shorts,,01h6zxbm0ys2xs1zbjc8t0t9rc,ok
,Ox,OX Active Ride,,01jds4xvj1w66j3jdkkphtv9cm,ok
,ASG,Mini Massasje Pistol,,01hfp0rkf3jg0wxyx19zpyhag5,ok
,Heldre,Gullfjellet Shorts,,01h6zxbmskensyqt1d7a51a1zc,ok
,Endurance,Lasso M L-S Tee,,01h6zxbkzp70t7tr06xgkd18b5,ok
,LMNTS,Søgne turbestikk,,01hhm6j8ctkr1kangmzwmxgeb7,ok
,Mitchi,Mitchi Linda T-shirt (W),,01h6zxbjft8vspfxm61b9rnqqz,ok
,Åsnes,Åsnes Insulated Jacket Wmn,,01j8s65y449hwqsh4a57x89q5r,ok
,Tiny Trolls of Norway,Rainyday varm 20-27,,01jk5knnp4py948stq657aa5zw,ok
,Heldre,Finse tursekk 60L,,01h6zxbk8gm5c8p0mbk5za7rhe,ok
,MOLS,Dogon Sleeping Bag,,01jxvzq2x7vn49z5zkn82c4jhp,ok
,Outdoor Research,Adrenaline Day Pack 30L,,01h6zxbmt59hqdcymbkxewynxj,ok
,Kinetic,Kinetic Harpe Sinker 300g,,01h6zxbjvtvrseryamfw9nmk3n,ok
,Vikafjell,Norefjell Pant M,,01h6zxbdqcnwpkgj8ph3f9bsa5,ok
,LMNTS,Grillpinne,,01h6zxbjvraza7h8qz83w9m88t,ok
,Zamberlan,Slogen GTX® (42-47),,01h6zxbk7rx36jvr9p14sdnr85,ok
,Mizuno,Wave Revolt 3 Unisex,,01h6zxbmdydqd2re8z3d59m4a6,ok
,Graffiti,Judanca Kids Lite Shoe WP,,01h6zxbkzry80d40w7fapm0f8c,ok
,Bula,Bula Stoked Beanie,,01h6zxbmtpjsfcb9fdd18vqsfr,ok
,Daniel Franck,Alpha Vattert Cape,,01jh09yawcb21xrtc2pwpwgy6h,ok
,Move Mountains,Tusvik Mid 40-46,,01h6zxbmt1vefcm78c10c2x32x,ok
,Champion,Crewneck sweatshirt JR,,01hpkpqb60fzvmkrgsee9tkn7a,ok
,Mizuno,CYCLONE SPEED 5(U),,01j05ke1c6076mkkss89fq52hy,ok
,Johaug,FIT Light 3/4 Comp Tights,,01h6zxbdd2xv7v46c5k6x9v1pf,ok
,Endurance,Tellyana W Jacket,,01h6zxbms92e3rkp8y7g6pft68,ok
,Endurance,Kinkonon M S/S Tee,,01h6zxbn4s1e7g8x9xrygc2dcf,ok
,Endurance,Grint U Shoe WP Size 37-46,,01jjpy9r3tybp0tfpf9sqaqjcb,ok
,LMNTS,Rena vanntett tørrbag 8L,,01h6zxbcte4nwav53cvwwx9tnp,ok
,Heldre,Sogn strømpe,,01h6zxbm0manmxxkvkvyg5xx8c,ok
,Heldre,Bjorli alpinsokk 39-46,,01hr6vktwaac4ydeq45c4m4t6n,ok
,STAUT,Styrkeløftbelte nordisk spenne,,01jqxeptzfzzmhe28cvydk6822,ok
,Northug,Sockbox Dry1 Everyday 3pk,,01jhqjksrhr8d9hs3sdc7zasac,ok
,Diadora,Mythos Blushield Volo 2 - Dame,,01h6zxbmcg0kqhegcmqnj4qc3b,ok
,Mitchi,Praha Longsleeve,,01h6zxbmsmsznsg5qmvdv7k0ch,ok
,Graffiti,Vinaiena Kids Lite Shoe WP Size 32-39,,01h6zxbmd9h4q09mjcm815hnwm,ok
,Endurance,Berlino Cosmetic Purse,,01h6zxbmtaxe1g08qzsvd1ngzp,ok
,Champion,Crewneck T-Shirt,,01hpkjwv7czykyyjtdxgncnndn,ok
,Åsnes,Åsnes Insulated Jacket,,01j8s8wa5qk0c3884z8xrjt2cc,ok
,Vikafjell,Fyn Sommerull T-skjorte,,01h6zxbdde7w52dcycqjhycrtr,ok
,Åsnes,Myrkdalen Cord Fleece Jacket Wmn,,01jjkvrztx0swkg7m430ns2hd8,ok
,Ox,EZ- Curl Stang,,01h6zxbmtma3wsj6djqm6pcaf5,ok
,Heldre,Måbødalen vest med ull dame,,01h6zxbmc8e6vf58t0dg26amtk,ok
,Treksta,Peace Low GTX,,01heaq1jme8yt7bexj582d3v49,ok
,Lars Monsen,Monsens  kylling valp 10kg,,01kec05g8xy0pa0jb76nhj88g5,ok
,Treksta,Stuasete jacket (M),,01h6zxbk8dnvxpwkd80kgc0fgs,ok
,Endurance,Timar W Crew Neck,,01h6zxbmd4nx7z25ze2b8f705e,ok
,CMP,Altak Jr. WP 2.0,,01h6zxbmsvqr2m8hzq6cdtskm4,ok
,Endurance,Albertono Half-Frame Sports Glass,,01hkvxefyw3cs1aqk0bzq1nhn7,ok
,S.O.L.,Yuma Purple,,01h6zxbk8kq4h7ykhv9w2141j2,ok
,Hummel,hmlMotion Hoodie jr,,01h6zxbn4ksh3a2v7c5fg4x851,ok
,Hummel,hmlMotion Sweatpant W,,01h6zxbn4n8k72mvb2m03jas4a,ok
,Heldre,Ustaeggen lue,,01h6zxbmt3ft44te434rp2b0wj,ok
,CMP,Phelyx WP Multisport Shoe,,01h6zxbmsvqr2m8hzq6cdtskm9,ok
,Cruz,Swansoni M Sweatshorts,,01h6zxbjwkpnb2aftc6y6f4fwt,ok
,Hummel,hmlMOVER Cotton Cuff Pants W,,01h6zxbm0cz0gkt0pch5rhqrmy,ok
,Kinetic,Pioneer Salmon 11' (12-45 gram),,01j6vc959bj238j5xq8c63jb8v,ok
,Vikafjell,Rialto Mid 28-35,,01j7x1b5sy48kc5f0yx5zq9cys,ok
,Endurance,Flame W Seamless Shorts,,01h6zxbn4s1e7g8x9xrygc2dck,ok
,CMP,Altak Trail Shoes,,01h6zxbmsvqr2m8hzq6cdtskmb,ok
,Kinetic,Tiger Silden 60g,,01h6zxbgc5p726fhajkwdgz2zf,ok
,Vertical,Elden M jacket,,01h6zxbmsc8ztkaebgr1dkv437,ok
,Graffiti,Fos Boys Boardshorts,,01h6zxbgcpw8rt2yyp37tgay4n,ok
,Move Mountains,Ane tøffel 36-41,,01h6zxbj5gwhsr8rm9yce7e2xf,ok
,Cruz,Callasia W Ribbed Bikini High Waisted Bikinibrief,,01h6zxbm0w2cwc46x1r1bj34hw,ok
,Umbro,Umbro Velocita VI 1.0 TF Jr,,01jnrd8gpq1875jt93qwxdqbax,ok
,LMNTS,Gaustatoppen Brodder PRO,,01h6zxbhch9vvmpk2d4m6ab4mk,ok
,Endurance,Corbi Primaloft mittens,,01h6zxbmd6m22ymewy1q8764c1,ok
,Move Mountains,Allki WP 36-42,,01j7wsn4wjjrzjabfc6cn0dvxz,ok
,Endurance,Tathar W Tights W/Pocket,,01h6zxbjwenkns07526vgx64sa,ok
,Peak,Taichi Running 37-42,,01hcw9d364ybvc6p36s5vj5dxt,ok
,Endurance,Konwichu Jr. Printed Midlayer,,01h6zxbkkzbecsaecyqf0k6y5c,ok
,STAUT,Styrkeløftbelte semsket,,01jqxk45paym87tvbv4y0bn2g1,ok
,Spirale,Stratos (37-41),,01h6zxbjgapkrx3atrpwq5s6tn,ok
,Vikafjell,Finse Balaklava,,01h6zxbh0f291ytnh0n2yg02cq,ok
,Endurance,Cellano W S/S Tee,,01h6zxbmd6m22ymewy1q8764cb,ok
,Mizuno,Wave Ibuki 3 W Trail,,01h6zxbjv7j0pb9y5tcje24v8x,ok
,Endurance,Seawea W Top,,01h6zxbmd4nx7z25ze2b8f705m,ok
,Ergobio,Rubimax 41-46,,01j6ha4qm2fjqsf1zbx92sradp,ok
,Snjór,Val Thorens 2-lags HZ W,,01h6zxbhc5dhmsqmq8bg66qhcy,ok
,Cruz,Farel M Mid Thigh Boardshorts,,01h6zxbjwkpnb2aftc6y6f4fwy,ok
,Graffiti,Fossinu Boardshorts w/ fake inner boxers,,01h6zxbj4rg2qh0exjb0r4kxhy,ok
,North Pro,Sport tee boy,,01h6zxbm0p1rksnyqp81kymgp7,ok
,Treksta,Chelsea Mid GTX,,01he0262qfqzyn5bek03xp4y2f,ok
,Endurance,Xeino M Sweatshirt,,01jmfa1wdastk5jbca5pceaetb,ok
,Champion,Sweatshorts,,01j5xf7tdqjejmrm2s23py14v4,ok
,Vertical,Acea W Stretch Anorak,,01h6zxbmsd43pcs7anzcechkef,ok
,Tiny Trolls of Norway,Sinnataggen Fleecejakke,,01h6zxbk83dvfac3nj6zazd78m,ok
,Daniel Franck,Echo LS Shorts,,01h6zxbmttmc1d8d1753awq66a,ok
,Primus,Primus Longspoon,,01jaq48dqh9rx1p2j19zy86xbn,ok
,Snjór,Karla thermo wool sweater (W),,01h6zxbjfsw785fng5qr5s61qb,ok
,GUPPY,Dani Fleece jacket,,01h6zxbn4wnk0qnxmqf7bej96g,ok
,Hummel,hmlMotion Hoodie W,,01h6zxbn4n8k72mvb2m03jas49,ok
,Treksta,Kobra Boa GTX 145 36-41,,01h6zxbmcj7eh6dqyc1zjkfsh6,ok
,Endurance,Varbergo M Cycling/MTB AWG Pants,,01h6zxbmd5wn1zw39sxb9f1wfp,ok
,Leki,Leki Feather,,01kh8ckcsfkh17w1vgzf9495cm,ok
,CMP,Woman Long Pant,,01h6zxbmctez9a2f08853x0evd,ok
,Sway,Terier WP 41-46,,01h6zxbmsmsznsg5qmvdv7k0ca,ok
,Åsnes,Myrkdalen Anorak,,01jjkx7dzcsjhqmj3k8rd68yj6,ok
,Endurance,Aurliaya W Midlayer,,01h6zxbn4s1e7g8x9xrygc2dcb,ok
,Sway,Roma Windbreaker (W),,01h6zxbhc8d44bagn2y1ksqk82,ok
,Daniel Franck,Djerv Jakke D,,01h6zxbm1fyx32w21c79ch9h4d,ok
,Endurance,Mathieus Frameless Sports Glass,,01hkvwkczj1z2cm68ggafbkh1q,ok
,Endurance,Nador W Gym Pants,,01jdmtj4k0995z7vf8ax96b7b1,ok
,Endurance,Deenadi W Seamless Tights,,01h6zxbmd6m22ymewy1q8764ca,ok
,Tiny Trolls of Norway,Mumle Tursko (29-35),,01h6zxbj42n30qxgb6mqs5rpmv,ok
,Vertical,Torstono M Rain Jacket,,01h6zxbmd7d74f33bc94894k5n,ok
,Cruz,Daisea W Ribbed Bikini Top,,01h6zxbm0w2cwc46x1r1bj34hq,ok
,Mizuno,WAVE PRODIGY 6(W),,01j05nqngg0nqzqb1x9ys76nkt,ok
,Snjór,Val Thorens Exclusive longs Dame,,01hqqdtkq93n8x1c2rcv513zx6,ok
,Kinetic,Little Viking Kids Knife,,01h6zxbmsbnrw8eyja9q9f0xjp,ok
,Ergobio,Ergobio Action Jr,,01h6zxbm0aw3vdnm0m3rvdr09s,ok
,Primus,Vacuum commuter 0.3L,,01jbeza5k0sp225aa5g2er8az6,ok
,Endurance,Alcudia Run Sock Quarter,,01h6zxbc4a0edxax0ghpvy2c4r,ok
,Hummel,hmlMotion Co Sweat Crew Woman,,01jax5ndw2mj5esyzv5hvwaedt,ok
,Nug,Varadero Korksandal,,01h6zxbj42n30qxgb6mqs5rpmj,ok
,pyttpytt,Slaps 22-28,,01h6zxbh1146rcqpqwhkzaxd0d,ok
,CMP,Woman Jacket Fix Hood - Everyday,,01h6zxbmctez9a2f08853x0eve,ok
,Ergobio,Teckliner low 36-41,,01h6zxbm0aw3vdnm0m3rvdr09v,ok
,LMNTS,LMNTS Bærrenser,,01hdr2ep3s03f5cvbdz737t48f,ok
,LMNTS,Rena vanntett tørrbag 3L,,01h6zxbcte4nwav53cvwwx9tnm,ok
,Vertical,Nevadosa W Full Zip Midlayer,,01h6zxbmtba1k6vym0qhbfw9xd,ok
,Endurance,Vandetta W Cycling/MTB AWG Pants,,01h6zxbmd5wn1zw39sxb9f1wfm,ok
,mamba,"Mamba Water Jug 2,2L",,01hh458fbb02an5ftbz3yavshh,ok
,Endurance,Vanclause M Shorts,,01h6zxbhcsc96nx3aa5mnmq5wm,ok
,Endurance,Lanbark M Midlayer,,01h6zxbjwd817yvj6xvgbm7rvr,ok
,Endurance,Tech-Run W Performance Winter Tights,,01h6zxbmd3mqhp4a1c98ysd3xe,ok
,Endurance,Cavea iPhone Plus Armband,,01h6zxbm0zjgzz61rdnpht7s2g,ok
,Endurance,Badin W Seamless Tights,,01je6fmf69r8dkpzy0900gymty,ok
,Hummel,hmlMOVER Bee Cotton Tee S/S Woman,,01h6zxbmspe9cmv00apvnap615,ok
,Endurance,Xenor M Sweat Pants,,01htpt1p5p3cje64bvaa5b1vgy,ok
,Outdoor Research,Foray GTX® Pants - Herre,,01h6zxbmcvajye5qrthp4zrb1p,ok
,Endurance,Tech-Run M Performance Long Tights,,01h6zxbjwd817yvj6xvgbm7rvw,ok
,Kote,Bringsli 36-42,,01h6zxbmsn6884hx7rwqjhxsak,ok
,Tiny Trolls of Norway,Sjusoveren jakke,,01h6zxbmsmsznsg5qmvdv7k0cn,ok
,Diadora,Mythos Blushield 8 Vortice - Dame,,01h6zxbms4tv90a65xa46mbzb1,ok
,Lars Monsen,Sørvassdalen 3 Telt,,01k5rmkpr89xg0mbhagdssrj70,ok
,Zamberlan,118 Ranger Plus GTX 43-48,,01h6zxbmc3cd5c9nacbqmpjnpm,ok
,Treksta,Jr Trial Mid GTX,,01h6zxbmt487r8gjbca0zvxg0v,ok
,CMP,Woman Jacket Fix Hood,,01h6zxbmctez9a2f08853x0eva,ok
,Move Mountains,Dalmo WP 28-35,,01jk7z58a76dgs0fvb5a1nx0qa,ok
,Heldre,Hausdalshorgi ullsett - Junior,,01h6zxbmcf71r5cnszm7b6pgca,ok
,Puma,Merchant Shorts W,,01h6zxbms34kd8k1eq7940qkf8,ok
,Endurance,Airyno M Light Weight Running Shorts,,01h6zxbm102b9r0khfyre8vgjf,ok
,Vikafjell,Haugsvarden Lue Barn,,01h7z8g8azby9k68e012h2aw6w,ok
,North Pro,Toni Jacket,,01h6zxbm0q2rg48g4rqderczrv,ok
,Mizuno,MAXIMIZER 24,,01h6zxbm09bb7ncb8z02jf4aem,ok
,Ergobio,Citas 41-46,,01j6hbazaerxe2vmwh6zdts89c,ok
,Champion,Rib Cuff Pants Jr,,01h6zxbn4hw2zjwbpheqvbwyta,ok
,Zamberlan,Viglio GTX (43-48),,01h6zxbk821q9mjqy32rx0q4z9,ok
,Storm,Merino&Wool Wash 225ml,,01h6zxbmsjbvkjbsw7m7z8qcc3,ok
,Johaug,Cozy Block Jog Pants,,01j4vkcf0av8ts3agnjq2k5paw,ok
,Sway,Ellensvatnet vinter 36-41,,01h6zxbh125x49d1fy2cbprfjc,ok
,CMP,Woman Long Pant,,01h6zxbms7q01hx0x5bb4cmxjb,ok
,ZigZag,Gilbo PU Set W-PRO 5000,,01h6zxbjwvv7z7740am31ekdgz,ok
,Vertical,Levan M Light Puffer Jacket CFT,,01jbvmsf4ncmqqttqwgdnsvkrg,ok
,Ergobio,Teckliner hi WP 37-41,,01h6zxbkkvqq2vxrqjpg6c7gx3,ok
,Mitchi,Budapest lue,,01h6zxbkmetd6ve86bd587bdr3,ok
,North Pro,Rosa Puff crew neck,,01h6zxbn4xtawwne6j6wjpxmyx,ok
,Lars Monsen,Folgefonna gasskoker,,01h6zxbmsqq3c1hewnymzf9482,ok
,Move Mountains,Eligo WP 22-27,,01jk7y0qv894x54vrvp83x3drt,ok
,Graffiti,Orientua Kids Lite Shoe 26-35,,01h6zxbmst348yvb1rtdgqeqn8,ok
,Sway,Dock WP,,01h6zxbk89sg85mtda1j8w6149,ok
,Ox,OX AB Mat,,01h6zxbmcq7h5ar353s4yr7v59,ok
,Ox,Cement Kettlebell 2kg,,01h6zxbecqapwbkncp0ah0z4ke,ok
,Ox,Resistancebands handles,,01jq6fx1vhdf8xm4nevcp52qsn,ok
,Ox,Medicine ball 3kg,,01h6zxbkmnc36x8nprmespf8zk,ok
,Vossatassar,VT SHORTS,,01h6zxbe1xkrkwbtv5f2d93sxq,ok
,Hummel,hmlMotion Co Pants Woman,,01jax6ahrnztxpmwrb5wasscn1,ok
,Cruz,Tom Jerry M Shorts,,01h6zxbj4jp9v4f6hpjnggrhsn,ok
,GUPPY,Dylan Fleece jacket kids,,01h6zxbn4wnk0qnxmqf7bej96j,ok
,CMP,Mens Stretch Pant - Functional (m/belte),,01h6zxbjwpztdw6vkpbt43a2mm,ok
,Tiny Trolls of Norway,Mumle Tursko (22-28),,01h6zxbj42n30qxgb6mqs5rpmt,ok
,Vikafjell,Solheia Pant (M),,01h6zxbj4133pr2w516qvtd6yf,ok
,Kinetic,Beaster ll CT 6' P10 30-50lbs / 200-600g 3sec,,01h6zxbk78fze63keyca7e47aa,ok
,LMNTS,Rena vanntett tørrbag 5L,,01h6zxbcte4nwav53cvwwx9tnn,ok
,Heldre,Folldal liggeunderlag,,01hfpdr6n1gs52x7mn50h7rd9e,ok
,Lotto,BL FB 905 VI,,01h6zxbmtcd1ns617bxkqy2ad7,ok
,Kinetic,Wet Flies 1 5pcs,,01h6zxbk79r6fhaxs15x2kbt9d,ok
,Endurance,Energien W Windblock Tights,,01hsejmn67ch4cm3w6rr6hemsa,ok
,Vikafjell,Lysøen Capri,,01h6zxbk7j7e0krtpy1y2148yf,ok
,Kinetic,Beaster CT 7' XL 3-15g 3sec,,01h6zxbk762a1bpcdtw9cgdapz,ok
,CMP,Athunis Mid WMN Trekking Boot WP,,01h6zxbmck2nbew2qfx8zv7xdg,ok
,Kote,Kompani 40-46,,01h6zxbm00jvnc9hkgy59p46n2,ok
,Ox,OX 20kg Bumper plate,,01h6zxbkmfgr42y8z13hf9kgg6,ok
,Vikafjell,Stoltzen multi pant (W),,01h6zxbj4739wy6d9mjrkcypht,ok
,Primus,Primus Onja Stove,,01jaq30b90ktyyawv0382swwrw,ok
,Snjór,Jostefonni jacquard longs - Dame,,01h6zxbhds6na10bvb4yngp8z9,ok
,Missing Link,Fonna hanske barn/jR,,01jnnqq76f76181fwq1ajjar3e,ok
,Endurance,Tiamor W Sweat Pants,,01h6zxbmd6m22ymewy1q8764cd,ok
,Vertical,Santuson M 1/2 Zip Knit Sweater,,01h6zxbkkywsp48cw2hx8fze8f,ok
,Outdoor Research,Men´s Grandridge 2L GTX pant,,01jmenjtjm8f9gxwgkr9gcrcav,ok
,Snjór,Downi,,01jkazm7zyk8dtazfgnpp9zfyg,ok
,Outdoor Research,"Ferrosi Shorts 7"" - Dame",,01h6zxbms6r6pzwp42krxaa8xv,ok
,Sway,London superundertøysett - Barn,,01h6zxbdnzs1tgpfb8qefr2tcj,ok
,Heldre,Varm Støvel 36-40,,01h6zxbdparweacyh7sgnzygnb,ok
,Tiny Trolls of Norway,Blopp Pannebånd,,01h6zxbk83dvfac3nj6zazd78h,ok
,LMNTS,Moon Kettlebell 12 kg,,01k44s1nsg40q4gndr90sfg3xs,ok
,Cruz,Throwna W Lite Shoe size 36-42,,01h6zxbm13b5f9f9zqev5ekswt,ok
,Ticket to The Moon,TTTM Orignal Pro Hammock,,01jaszdf37mfe8zrs46vep8pve,ok
,Endurance,Crystale W Zip Sports Bra,,01jf9ytxv5ynk1jxq9khptxha2,ok
,S.O.L.,Sportgastein,,01h6zxbk8kq4h7ykhv9w2141hp,ok
,Umbro,Velocita VI 1.0 AG Jr,,01jnrbm8g7f6ze4zdvvpzdn61y,ok
,Vossatassar,Kule Barn Pants,,01h6zxbjw1ae7f1z6yyc3n8jg3,ok
,Outdoor Research,Ferrosi Trail Gaiters,,01j2e84cxra5rszf6g5re5zg2q,ok
,Heldre,Bjorli alpinsokk 35-42,,01hr6vdmtd76x07g3nrn7vs89t,ok
,AGA,AGA Våtservietter 10stk,,01h6zxbk7b2y1n9vt5z2bjqkzx,ok
,CMP,Dypsie Mid Wmn Lifestyle Shoes WP,,01jxcjbss7vg8jfb4vc0f1vp36,ok
,Vikafjell,Ullensvang undertøy med ull dame,,01hnz523v95ejhp5ccrrc3ttvh,ok
,Endurance,Konwichu Jr. Printed Sports Bra,,01h6zxbkkzbecsaecyqf0k6y5b,ok
,Snjór,Lynge Half-Zip Fleece,,01jktdcqtd78mvdk2rkpvvwmc1,ok
,Kinetic,Kinetic Pier Fishing Rig Wallet,,01h6zxbmsc8ztkaebgr1dkv42s,ok
,Vikafjell,Marken Pant (M),,01h6zxbhsq49yzav9bh5dr7qcp,ok
,Endurance,Carpona 3/4 Pants,,01h6zxbm12gx3j4fe77t6rhvfr,ok
,2XU,Compression S/S Top,,01h6zxbdcz7k6zqwcdmx1dc538,ok
,Endurance,Styla W Hybrid Jacket – Primaloft,,01h6zxbmd5wn1zw39sxb9f1wfh,ok
,Zamberlan,118 Ranger Plus GTX 38-42,,01h6zxbmc3cd5c9nacbqmpjnpk,ok
,Kinetic,Silden 100g,,01h6zxbk79r6fhaxs15x2kbt96,ok
,Sway,New York kompresjonssokk kort,,01h6zxbdpygq4acmmdaq5mp625,ok
,Cruz,Odiny M Shorts,,01h6zxbm0xs5ayanp2ysgr7yqh,ok
,Treksta,Jump Mid GTX Velcro 20-30,,01h6zxbe1zgjfgkx58c1h71svk,ok
,Snjór,Val Thorens Exclusive longs,,01hqqes5hx4khec35trxx7e5mx,ok
,Endurance,Stone Cycling Gloves,,01h6zxbmd3mqhp4a1c98ysd3xa,ok
,Endurance,Dereff M Full Zip Hoody,,01h6zxbj4rg2qh0exjb0r4kxj4,ok
,Kinetic,Kinetic Kids Net Telescopic,,01h6zxbk7b2y1n9vt5z2bjqm04,ok
,Vertical,Gabrielle W Long AWG Jacket W-PRO 15000,,01jmw0prxtz7qbb5d52ac0zm0y,ok
,Puma,Merchant Shorts W,,01h6zxbm0bb7bf5kx9vb3z3dsc,ok
,North Pro,Swim Shorts AOP,,01h6zxbn4ywjr8tqze204dyfgx,ok
,Ox,Cement Kettlebell 8kg,,01h6zxbecrjrw6f2a7b98rjk5g,ok
,DO2,Grimstad Trøye SS Dame,,01jy3d5d1zbmz1hzns0hj9n834,ok
,Vikafjell,Hovden Jacket man,,01h6zxbddd1dqn7npy3cn0fz79,ok
,Mitchi,Oxford hettejakke - Dame,,01h6zxbm0703cbqjyjtxyn04hz,ok
,Staur,Urfjellet vandrestav,,01je5xq0sfb75jf15sbkkbzqc1,ok
,Ox,XF Elite stang,,01h6zxbkmceg2ssccm2avdmvzk,ok
,Ox,Olympic dumbbell bar,,01jq6kjq8pk4tvb55k8546n93g,ok
,CMP,Yoke Wmn WP Outdoor Boot,,01h6zxbmck2nbew2qfx8zv7xdj,ok
,Hummel,hmlMOVER Training Pants,,01h6zxbmcxqz6g2gd1znr246bz,ok
,Vertical,Reed W Neopren Rubber Boot,,01j6h51322gj485p5y40h2sxk8,ok
,Sway,Sway singlet W,,01h6zxbdqd07p6tmedvzyw47sf,ok
,Vertical,Arlon W Primaloft Jacket,,01h6zxbmsd43pcs7anzcechkem,ok
,Endurance,Sherman Run Glove,,01h6zxbe1hpqnvy10gkvysb7ee,ok
,Sway,Sport Refleksvest,,01h6zxbdq6smnrmv78w3h768pt,ok
,Treksta,Sync III GTX,,01h6zxbe1ywq1ded1723p48g9w,ok
,CMP,Woman Primaloft Hybrid Softshell Jacket,,01h6zxbkzxhjtdqnad12mp16w5,ok
,CMP,Man Outdoor Pant - Primaloft,,01h6zxbms6r6pzwp42krxaa8xx,ok
,Raidlight,Raidlight Ultra 2.0 W,,01h6zxbmtcd1ns617bxkqy2adc,ok
,Vikafjell,Jondal turbukse dame,,01h6zxbk7j7e0krtpy1y2148ya,ok
,Vossatassar,VT Glove 2pk,,01j8hjwzg7v5rxfhhvvrswp0vh,ok
,Åsnes,Myrkdalen Knickers Mens,,01jjkzcg34wmy9tdxvy9ee9ymh,ok
,GUPPY,Dylan Softshell jacket kids,,01h6zxbn4wnk0qnxmqf7bej96k,ok
,GUPPY,Dylan softshell pant kids,,01k24x6wn93xv72bwy17ke7432,ok
,Cruz,Mitchy Jr. SS T-shirt,,01h6zxbm0w2cwc46x1r1bj34j6,ok
,Vikafjell,Vikafjell Røyro pant (M),,01h6zxbjfw95a5wqbe0k85jeej,ok
,Mitchi,Krakow T-skjorte,,01h6zxbmdq3atrmjehxdpve40e,ok
,Endurance,Energien Jr. Long Tights,,01h6zxbmcxqz6g2gd1znr246c5,ok
,Heldre,Fagaberg Mid 41-46,,01hq5kva39awmzcm6j1grfs2ce,ok
,Endurance,Shosaena Jr. Seamless Bra,,01h6zxbmsagwv3160c7gtgwcjj,ok
,Kinetic,Kinetic Sabiki 4 Spices 5-pack,,01h6zxbk79r6fhaxs15x2kbt9m,ok
,Vertical,Finnegano M Softshell Pant,,01h6zxbkkywsp48cw2hx8fze8c,ok
,Heldre,Krokavatn superlight jacket jnr girl,,01h6zxbdqaj8vg2cbwnjjkfymp,ok
,S.O.L.,Madrid,,01h6zxbk8kq4h7ykhv9w2141j0,ok
,Mitchi,Malta Joggerpant,,01h6zxbkm4471vc4zq7rbmgqdn,ok
,Daniel Franck,Djerv 2-lags ST Jakke,,01h6zxbkkg504d943x8wvb0c7m,ok
,Bula,Logo Fleece Tube,,01h9fxg9vkwdg49je3h8y3pt3m,ok
,Papa lou,Papa Lou Slim joggebukse - Dame,,01h6zxbe0zdztyv4xzvfnrs8fk,ok
,Endurance,Austberg W Training Pants,,01h6zxbe1m2a1hw4b59b3n2e65,ok
,Heldre,Linde 36-41,,01jkb19vjvaxqzd4ad57dtzwbk,ok
,GUPPY,Fabian tee kids,,01h6zxbmsf9831bvw7fv53m52p,ok
,Cruz,Ramboni M Mid Thigh Boardshorts,,01h6zxbm0w2cwc46x1r1bj34j0,ok
,Snjór,Basic lue,,01h6zxbkmksr7bg33g0ksf8xpr,ok
,Pedag,Keep warm Vintersåle,,01h6zxbfbpr5jz5d0v002y0001,ok
,Vikafjell,Marken Pant (W),,01h6zxbhsq49yzav9bh5dr7qcq,ok
,Staal,Svartisen brodder 2.0,,01jvcg5f21r5z1jnk106rvvb5s,ok
,Heldre,Moa 36-41,,01h6zxbmcj7eh6dqyc1zjkfsgr,ok
,Endurance,Konwichu Jr. Waist Printed Tights,,01h6zxbkkzbecsaecyqf0k6y5a,ok
,Eagle,Lykt sveiv mini dynamo,,01kjpnz54xa4d7xpv6rjya0ssv,ok
,Kinetic,"Bodø 3'6"" Combo",,01h6zxbc5b9ytg9z6dkx38n06d,ok
,Hummel,hmlMOVER 1/2 Zip Poly Sweatshirt,,01h6zxbmcxqz6g2gd1znr246c1,ok
,Twentyfour,Motion T-Skjorte Barn,,01h6zxbe11r07nhp7wchheneen,ok
,Storm,Rubber restorer 150ml,,01h6zxbmcsm0jmc9ka2ky2n5ec,ok
,Åsnes,Åsnes Woolmix Half Zip Wmn,,01j8s8hayacx7q1v49gjr6465b,ok
,Kote,Vinger 40-46,,01h6zxbm0hesg8jx17g5n4a1pf,ok
,Kote,Tufta Mid - Junior,,01h6zxbgpan2pxa9khypc1c7ht,ok
,Heldre,Torefjell Shorts Junior,,01h6zxbk7k5ede4f52wzkq6kd8,ok
,Treksta,Treksta Trysil GTX,,01h6zxbmt487r8gjbca0zvxg0w,ok
,Sway,Refleksbelte,,01h6zxbjvcn4z8d3t1z6t84jbk,ok
,Sway,Oxford Shape joggesett - Barn,,01h6zxbh1gycgeb9t4y97sh6b7,ok
,Endurance,Beynat W Jacket,,01je6fcrgeqbbrvtj10k3e47jm,ok
,Hummel,hmlMOVER Training Pants Jr,,01h6zxbmcxqz6g2gd1znr246c0,ok
,Outdoor Research,Trad Dad Hat,,01h6zxbms6r6pzwp42krxaa8xq,ok
,Cruz,Lukase Jr. SS T-Shirt,,01h6zxbm0w2cwc46x1r1bj34j1,ok
,CMP,Man Stretch Polo Melange,,01hv3ne7m3ssy9y9qhd9d67qsq,ok
,Endurance,Back Stretcher,,01hkvz69z0m58h3sgsma130xsc,ok
,Endurance,Toowoombar Melange Neck Gaitor,,01h6zxbm0zjgzz61rdnpht7s2f,ok
,Mizuno,Break Shot 5 IN (U),,01jff6zkkswpsf8sm33hsw8fvk,ok
,Rezo,PVC Football w/Elastic Strap,,01hr9ye9m6vmyxkx5w3s4ea1gm,ok
,Vertical,Breathe M Jacket W-PRO 15000,,01jmw1w7210wqmq1zhq5zp350x,ok
,Sway,Ellensvatnet Støvel,,01h6zxbe1ayp8jjfvrmpnvcz8c,ok
,Heldre,Tellevik parka herre,,01jpa5qkztj9vtgxkbtr74cq3w,ok
,Heldre,Holmenkollen bukse - Herre,,01h6zxbh0vv15g2k633g3138jt,ok
,Mitchi,Halling Fleecegenser Dame,,01h6zxbkm8dnekyn60zg2qspnq,ok
,Ox,Cement Kettlebell 6kg,,01h6zxbecrjrw6f2a7b98rjk5f,ok
,Kinetic,Kinetic DL Fillet Knife 6,,01h6zxbmsbnrw8eyja9q9f0xjf,ok
,Rezo,Rezo PVC Fotball,,01h6zxbjgqbbcr2mwq8cp0mt4d,ok
,Mizuno,Wave Ibuki 4 GTX W,,01h6zxbmsw5ydt744pbtefbtaq,ok
,Heldre,Lofthus 2 turbukse - Herre,,01h6zxbhsk3b00vc77957h67mr,ok
,Cruz,Thomsons M SS T-Shirt,,01h6zxbn4rvdrm8hmhyg69esry,ok
,Graffiti,Suns Boardshorts,,01h6zxbjwkpnb2aftc6y6f4fx4,ok
,Treksta,Clip Low GTX Lace+Velcro,,01hdgg1t86twcwndvnff971z7t,ok
,Kari Traa,KT Smett,,01h6zxbkmj82eyz80sckt2dmgd,ok
,Champion,SS Tee,,01jjbqc61g4t8scys6fmnjrc4k,ok
,Ox,Medicine ball 5kg,,01h6zxbkmnc36x8nprmespf8zm,ok
,Vikafjell,Snorosa ullbukse,,01h6zxbdp3d2xax6wvb1kpttd9,ok
,Endurance,Eriniana Jr. Seamless Bra,,01h6zxbm102b9r0khfyre8vgjd,ok
,Endurance,Alvalyn W Melange S/S Tee,,01htpqqn0hv7cknwce6t5p98n3,ok
,CMP,Mens Hybrid Softshell Primaloft Jacket,,01h6zxbkzxhjtdqnad12mp16w4,ok
,Vertical,Bombaia W Parka W-PRO 10000,,01h6zxbn4qznvaeke5f6b1rqj1,ok
,Tiny Trolls of Norway,Trolldans ullbukse,,01hnmeam7s9veyrxvfnxwq33ye,ok
,Treksta,Bolt Lace GTX,,01hca9x2xabg8yxkqxv3811h8m,ok
,Endurance,Arram M Muscle Fit Short Tights,,01h6zxbmd3mqhp4a1c98ysd3xc,ok
,Endurance,Sustainable X Tech W S/S Tee,,01h6zxbmd6m22ymewy1q8764c8,ok
,Cruz,Fealyn W Shoe,,01h6zxbmsr3wfch2skv04azrdk,ok
,Sway,3 i 1 Bag,,01h6zxbdpds7zm4242th1vjq47,ok
,Primus,Vacuum Tumbler 0.6L,,01jbeyykjr5kchcmq7asj6syxg,ok
,Sway,Everyday ancle socks 2.pk,,01h6zxbdq6smnrmv78w3h768pq,ok
,Endurance,Clevean W Color Block Tee,,01h6zxbm102b9r0khfyre8vgjm,ok
,Endurance,Grosseto 2 in 1 Jr. Shorts,,01h6zxbhcsc96nx3aa5mnmq5wh,ok
,Heldre,Bergen Jacket junior girl,,01h6zxbdqevm3v0c2nwsxeactb,ok
,Vertical,Vengol W Jacket,,01h6zxbmsd43pcs7anzcechkej,ok
,Champion,Hooded Sweatshirt,,01hpkgwek4d9pvwse7d2cdcdtm,ok
,Treksta,Ranger GTX W 36-41,,01h6zxbj5fbf76t4qk8exdx82f,ok
,Primus,"Trailbreak Vacuum Bottle 0,5L",,01jaq4r3tt15ayjd7te7wt4wmq,ok
,Heldre,Calade 60 liter,,01h6zxbebjrf5n1sd9e4antk29,ok
,Lars Monsen,Geilo hoodie dame,,01h6zxbmt0032bdxmahxz1dxmq,ok
,Heldre,Otra Vinterbukse Jr,,01h6zxbjfsw785fng5qr5s61qj,ok
,Mitchi,Budapest pannebånd,,01h6zxbkmetd6ve86bd587bdr4,ok
,GUPPY,Franco sweat crew kids,,01h6zxbmsf9831bvw7fv53m52r,ok
,Lotto,TACTO 700 ID JR,,01jyk669q9dc37je78vxd4b66t,ok
,Endurance,Wangea W SS Melange Tee,,01h6zxbmd5wn1zw39sxb9f1wfg,ok
,Vikafjell,Kvandalen bukse barn,,01h6zxbjfmys63b6ejt44b87ch,ok
,Daniel Franck,Alpha Pannebånd,,01h6zxbj577txr94a0gdz185zy,ok
,Northug,Oberstdorf skihanske,,01k0bn2aacxq3r939sxcxgjm35,ok
,Endurance,Ginara W Light The Night Jacket,,01h6zxbm102b9r0khfyre8vgjb,ok
,Outdoor Research,Aspire GTX® Pants - Dame,,01h6zxbe204mn5nr02a3d47xx9,ok
,Zamberlan,Viglio GTX (37-42),,01h6zxbk821q9mjqy32rx0q4z8,ok
,LMNTS,Thunder Bay mitten W,,01h6zxbdq80nnxzqnymacycnzf,ok
,Outdoor Research,Women's Echo T-Shirt,,01h6zxbms6r6pzwp42krxaa8xs,ok
,Outdoor Research,Vigor Grid Fleece Full Zip - Dame,,01h6zxbmtsqz3fe3407k50zv7a,ok
,Northug,Ocean float,,01jhq3675qe9b8x3he8j30jppm,ok
,Vikafjell,Skåla tursekk 25L,,01h6zxbk8hs5b5936m0bv355z1,ok
,Endurance,Jasony M Performance Pants,,01hv1wbv56xp6qhr28f7d3k5h0,ok
,Mitchi,Helsinki T-Skjorte,,01h6zxbkm4471vc4zq7rbmgqdk,ok
,Vertical,Brittana W Jacket W-Pro 15000,,01h6zxbmtba1k6vym0qhbfw9xe,ok
,Vikafjell,Godøysund pannebånd,,01h6zxbk85h3k6r4vjz37cxjd7,ok
,Ox,OX Lite Run 12,,01jds4djbrypgg9n8fvasr7q9y,ok
,Åsnes,Myrkdalen Wool Pants Wmn,,01jjrfnzf5ffv1wk7ey22y6zew,ok
,Vikafjell,Vangen bukse barn,,01h6zxbjg0taavydrvz63etgme,ok
,MOLS,Hauglanda Rubber Boot - low cut,,01h6zxbkzry80d40w7fapm0f8h,ok
,Northug,No show training sock 3pk,,01jhq75sbpezk9aqte2f6qc44p,ok
,Vertical,Aleiana W Parka + W-PRO 10000,,01h6zxbmsd43pcs7anzcechkee,ok
,Stump,Nord 41-46,,01hqmqm8mw0d3x01cm0vkav8gb,ok
,Hummel,hmlMotion Sweat Pant Jr,,01h6zxbn4m2nhhjjej4pp5cye8,ok
,pyttpytt,Lofoten regnsett,,01h6zxbk7ybjkx0sm3qb1w9qgk,ok
,Endurance,Gym ball 65 CM,,01h6zxbdqcnwpkgj8ph3f9bs9r,ok
,Vertical,Fontana W Layertech Ski Jacket,,01j5amkmxn8y16awqv3jccmfy4,ok
,S.O.L.,Grimstad,,01h6zxbmsw5ydt744pbtefbtb8,ok
,Outdoor Research,OR Women's Deviator Hoody,,01h6zxbdd46t95hqe8fzhkptft,ok
,Endurance,Tech-Run M Performance Windblock Tights,,01h6zxbkzn6a3jd78pj4hqxagx,ok
,Vertical,Roseana Jr. Softshell Jacket W-PRO 8000,,01h6zxbm0ys2xs1zbjc8t0t9re,ok
,Mitchi,Rebekka strech pant,,01h6zxbk85h3k6r4vjz37cxjcv,ok
,Heldre,Ember ryggsekk,,01h6zxbkm4471vc4zq7rbmgqdy,ok
,Bula,Jr Smile Headband,,01jjy6vh4qjgjcm9exjtxq6nj6,ok
,Endurance,Jalong W 3/4 Tights,,01h6zxbjwgp00zapfjrwq14wnd,ok
,Ox,Cement Kettlebell 4kg,,01h6zxbecqapwbkncp0ah0z4kf,ok
,Northug,Frosta wool terry sock,,01jhqqky2fadt8psbzw62pkcte,ok
,Åsnes,Myrkdalen Wool Long Sleeve,,01jjrfzs34g89ge9vy5sgvdgzv,ok
,Sway,Everyday socks 2.pk,,01h6zxbdq6smnrmv78w3h768pr,ok
,Lars Monsen,Røvoltjønna Shorts W,,01h6zxbm19kgr205w2x5pqreqf,ok
,Sway,Conti AG,,01hd12ycj8m32rmyfnbz582nef,ok
,Johaug,Fit Light Compression Shorts W,,01h6zxbdd1vkmsdgn4vv7w89gt,ok
,Endurance,Irisliene W Top,,01h6zxbms92e3rkp8y7g6pft6b,ok
,Vikafjell,Nes Pile Fleecegenser jr,,01j3285x2advx3f46cdgacf2p8,ok
,Northug,Sapporo Longs,,01jp52ycmwq503h15czck4hrdq,ok
,Asics,PACKABLE JACKET W,,01h6zxbfqgejd6q9pgmyfetx7h,ok
,Sway,Sway Midjeveske,,01h6zxbh0f291ytnh0n2yg02cp,ok
,Diadora,Snipe - Junior,,01h6zxbms4tv90a65xa46mbzaw,ok
,Heldre,Varm støvel 41-46,,01h6zxbh13zdqtfbqjcncn09jc,ok
,Peak,Taichi Slippers 37-41,,01hcyfdz6yzegkds3m7nga5hxe,ok
,Endurance,Vandetta W Cycling/MTB AWG Jacket,,01h6zxbmd5wn1zw39sxb9f1wfk,ok
,North Pro,North Pro Julesokk,,01h6zxbmt2zkjf06t2fq1fj1ze,ok
,Endurance,Elunaia W Primaloft WB Pants,,01h6zxbmtaxe1g08qzsvd1ngzk,ok
,Champion,Crewneck Sweatshirt,,01jj9kgj64h33j8m3jrzth24gd,ok
,Åsnes,Myrkdalen Woolmix Hat,,01jjkzjk11nnbpmk4bzmrnk85c,ok
,Champion,Crewneck Sweatshirt,,01hpkhdtew0s98xhpnjqtsz74w,ok
,Outdoor Research,Women's Grandridge 2L GTX Pant,,01jmenw3s1n65b6z70kf87hcqk,ok
,Outdoor Research,Trail Mix Quarter Zip - Herre,,01h6zxbmt59hqdcymbkxewynxr,ok
,Heldre,Heldre Løv genser (1-6),,01h6zxbjfhhyr7arf1t895jaxp,ok
,Storm,Deodoriser Spray On 100ml,,01h6zxbmsjbvkjbsw7m7z8qcc4,ok
,Diadora,Freccia 2 - Herre,,01h6zxbmcg0kqhegcmqnj4qc3c,ok
,Vikafjell,Valstjerne ullundertøysett - Junior,,01jkqn1eaybxmvwc6563hjsdp9,ok
,Heldre,Søgne vattert jakke,,01h6zxbjggpxghmytq5keb6m2g,ok
,Kinetic,Beaster ll CT 6' P8 20-30lbs / 100-400g 3sec,,01h6zxbk78fze63keyca7e47a9,ok
,Tiny Trolls of Norway,Hurlumhei Skalljakke,,01h6zxbj3yna7ez42x9zt0jndw,ok
,Heldre,Løv Lue barn,,01h6zxbjfhhyr7arf1t895jaxg,ok
,Mitchi,Helsinki T-Skjorte Dame,,01h6zxbkm4471vc4zq7rbmgqdm,ok
,Treksta,Star 102 Boa GTX 36-41,,01h6zxbk7dpr1bdv28hrqdetbe,ok
,Snjór,Karl thermo wool sweater (M),,01h6zxbjfsw785fng5qr5s61qa,ok
,Ergobio,Teckliner hi WP 42-46,,01h6zxbkkvqq2vxrqjpg6c7gx4,ok
,Kinetic,"Kinetic CS Pliers 8,5 Curved Nose",,01h6zxbk7b2y1n9vt5z2bjqm05,ok
,Ox,Pulley System for Half Rack,,01jdpdbvy5yts03nhgdq29119c,ok
,Endurance,Vencent M SS Performance Tee,,01h6zxbm11pn7zy48yjjyt3kd7,ok
,Mizuno,Wave Stream 2 W,,01h6zxbhd9mw5kex2nrzfe4s94,ok
,Snjór,Jostefonni jacquard longs - Herre,,01h6zxbhdrbk0d8da6962tndgr,ok
,LMNTS,Lås 3-siffer,,01h6zxbk89sg85mtda1j8w614f,ok
,Sway,Houston ryggsekk,,01h6zxbkm9dnbw2v4x974j55gq,ok
,Treksta,X-prohunt 10 GTX,,01h6zxbm0nw4f6hjw1gn079f4f,ok
,Treksta,Bolt Boa GTX,,01hca8pyer136mvpv3avfxsap4,ok
,Outdoor Research,"Astro Shorts 7"" - Herre",,01h6zxbms6r6pzwp42krxaa8xp,ok
,Twentyfour,Finse 2.0 Anorakk Dame,,01h6zxbjvjd7r7y07qqet51gpn,ok
,Cruz,Aqumieeana W Bikini Top,,01h6zxbmsagwv3160c7gtgwcjr,ok
,Endurance,Cellana W Top,,01h6zxbm12gx3j4fe77t6rhvfv,ok
,Endurance,Kariana W Sweat Shirt,,01h6zxbmd6m22ymewy1q8764cc,ok
,Move Mountains,Parli Tøffel,,01h6zxbgq2krdekcp1mtt0q4b7,ok
,ZigZag,Ghandruk Kids Sleeping Bag,,01jwtcgce6jmk4ww4e6n9hcdq2,ok
,Endurance,Mahkota Gloves,,01h6zxbj4pngdg5s4qakddr8b3,ok
,Peak,Taichi Slippers 37-42 Beige/Hvit,,01hcyg37aa1h7fm1c0j6544m08,ok
,Vertical,Jewelu W Softshell Pant W-PRO 8000,,01h6zxbkkywsp48cw2hx8fze8d,ok
,Vikafjell,Marken BIB skallbukse - Barn,,01h6zxbkm8dnekyn60zg2qspnr,ok
,North Pro,Summer tee girl,,01h6zxbm0p1rksnyqp81kymgp6,ok
,DO2,Ardiden Sokker,,01jy3t07xeze7yyk2h1jq5vcca,ok
,Sway,Sway Chicago ryggsekk,,01h6zxbkm24d73734g611xg156,ok
,Ergobio,Tarax sandal,,01h6zxbm0aw3vdnm0m3rvdr09x,ok
,Daniel Franck,Echo Dunjakke D,,01h6zxbj560sd3h5a7wbdp7e8b,ok
,Tiny Trolls of Norway,Knerten Heldress,,01h6zxbhsdz3c3kg7xvnwjdbbw,ok
,ASG,ASG Smart Badevekt,,01k83e98b4tnfyvdtac70xf9yj,ok
,Heldre,Løv lekedress barn,,01h6zxbjfhhyr7arf1t895jaxj,ok
,Diadora,Mythos Blushield Volo - Dame,,01h6zxbjwj70te1kk9m7vdndgh,ok
,Vertical,Rukiso W Ski Anorak W-PRO 15000,,01j2ds86w37wrkw2srevgxtt8z,ok
,Northug,No show training sock Dry-1,,01jhq7smkbga3vrp001kaqym2v,ok
,Åsnes,Myrkdalen Knickers Wms,,01jjkywyzhjpr4nkgzrxgpvrzm,ok
,CMP,Man T-Shirt,,01h6zxbmcsm0jmc9ka2ky2n5eq,ok
,Endurance,Berlino Toilet Bag,,01h6zxbmtaxe1g08qzsvd1ngzn,ok
,Kinetic,"Beaster ll 30 0,35mm 4-Braid",,01h6zxbk78fze63keyca7e47ak,ok
,pyttpytt,Skvett regndress,,01h6zxbdpkdx9j53aw1d7xq0qs,ok
,Northug,Basic training tee wmn,,01j994gq9fwe05v0qe9rxxpav5,ok
,Heldre,Holmenkollen bukse - Dame,,01h6zxbh0vv15g2k633g3138js,ok
,Daniel Franck,Djerv Vattert Skjorte D,,01h6zxbm1fyx32w21c79ch9h4a,ok
,Staur,Gummiknotter,,01h6zxbmt9bwfk21vprrhhp397,ok
,Daniel Franck,Djerv Jakke,,01h6zxbm1fyx32w21c79ch9h4e,ok
,Sway,Munchen Seamless wool W,,01h6zxbe19yjmz7bbb2aj9cv32,ok
,Tiny Trolls of Norway,Trollfoten fotpose,,01hpgxzqs5qeh3b0szy59sm9an,ok
,STAUT,Heavy Mug 6 KG,,01jy6029392aqghpz1e7p655y8,ok
,Sway,Lardos Sandal 36-41,,01h6zxbe1dw1789v7vc9ceemdg,ok
,Cap,Maracana football cool sock,,01h6zxbe1e5r9c9d7kpvmhdfs9,ok
,Ulvang,Rav sweater w/zip,,01kfjkk7n4t5xefgn7tr5jec3r,ok
,Primus,TrailBreak Lunch jug 550,,01jaq3dncdb37kw0s4n9mt3k73,ok
,Åsnes,Myrkdalen Woolmix Headband,,01jjkzqarb6z1qxcqcgsck7689,ok
,Endurance,Baremon M Hoody,,01h6zxbn4s1e7g8x9xrygc2dc9,ok
,Vertical,Bapen Knitted Headband,,01k454y2arwmt50zb26qsh1qww,ok
,Daniel Franck,Djerv 2-Lags ST Jakke D,,01h6zxbkkg504d943x8wvb0c7k,ok
,Endurance,Coma W Tights,,01h6zxbmd6m22ymewy1q8764c7,ok
,Hummel,hmlMOVER Cotton Sweatshirt Kids,,01h6zxbmsqq3c1hewnymzf947p,ok
,Kinetic,"Harpe Fjordharpe 100m 0,80mm Sinker 300g",,01h6zxbc5d07q1p78hafqprgxx,ok
,Endurance,Leura W Full Zip,,01jr87n85zqp2q0r1gvjyrqvnw,ok
,Mitchi,Nora Tights Dame,,01h6zxbmsn6884hx7rwqjhxsaf,ok
,Mizuno,WAVE DAICHI 9(M),,01kh5w136ssbfvcx076f3c693q,ok
,Graffiti,Jaylo Sweatshorts,,01h6zxbj4rg2qh0exjb0r4kxhx,ok
,Umbro,Aurora Guard w/sleeve,,01h6zxbm0cz0gkt0pch5rhqrn4,ok
,Snjór,Val Thorens 2-lags HZ junior,,01h6zxbmcq7h5ar353s4yr7v57,ok
,pyttpytt,Vasse Print 20-30,,01h6zxbmshphvq5amfg9p6tc5p,ok
,Hummel,hmlMOVER Bee Cotton Hoodie Woman,,01h6zxbmsqq3c1hewnymzf947m,ok
,Sway,Runner,,01h6zxbk8gm5c8p0mbk5za7rhg,ok
,Vikafjell,Bavallen lue,,01h6zxbkm38fbwx2vhswe5h2m6,ok
,Vertical,Aaliyanna W Leather Boot,,01j6h0rredpwtxsw2js71vmj38,ok
,Bula,Bula Safe Sock 1 pk,,01h6zxbeqdd8cpp46m8qyb0te2,ok
,Daniel Franck,Djerv Thermo bukse D,,01hkq8139ktj54vp4jb24e1whg,ok
,Treksta,Treksta Oslo 10 GTX,,01h6zxbh0xa25jbfqsfgwa77tx,ok
,Kinetic,"Pioneer Boat 6'6""(200-600 gram)",,01j7dkz8c1bd0h1ngbcqt44n24,ok
,S.O.L.,Lisbon,,01h6zxbk8kq4h7ykhv9w2141hv,ok
,Tiny Trolls of Norway,Trolldans ullgenser,,01hnmcys8mt72r9agyp3k3xztt,ok
,Graffiti,Libeer L/S Tee,,01h6zxbgcqgca6jmcs3acq4c9n,ok
,Leki,Leki Chiller,,01h6zxbkm1c8wjrws35ywexsy0,ok
,Endurance,Stangi Bottle,,01h6zxbgcmm3gkqbqysj9v9x4w,ok
,Primus,Campfire Table,,01j1et30nm6mtb7h2ayafqgnng,ok
,Endurance,Flothana W Jacket W/Hood,,01h6zxbm11pn7zy48yjjyt3kd9,ok
,Endurance,Bruni MTB Helmet,,01jsh9m773fsp3kwvrg4839b28,ok
,Tiny Trolls of Norway,Sjusoveren Collegesett,,01h6zxbmshphvq5amfg9p6tc5q,ok
,Treksta,Evolution 3.0 GTX,,01h6zxbmsd43pcs7anzcechken,ok
,Ox,OX 15kg plate 50 mm,,01h6zxbkmfgr42y8z13hf9kgg0,ok
,LMNTS,Ankelrefleks - 2 pk.,,01h6zxbddd1dqn7npy3cn0fz6x,ok
,Vikafjell,Haugsvarden Pannebånd Barn,,01h7z8s803z2z95kthdx5sz3q9,ok
,Mitchi,Mitchi Madeline Sweater W,,01h6zxbj483qwmp2dyspvh4bct,ok
,Outdoor Research,Wind Pro Hat,,01heq79fj6895x030bch67tnsz,ok
,Vertical,Kaiden M Softshell Hoodie W-PRO 8000,,01k5rh6epd4rjwfe7nnkfnb9bv,ok
,Adidas,adidas Sport - Protector - 200ml,,01hrpqw575cx6taytfmyxa2wpw,ok
,MOLS,Zeicherum M Outdoor Boot WP,,01h6zxbmd8cann191edtah8nrd,ok
,Åsnes,Myrkdalen Woolmix mitt,,01jjm0d2jb3ggay0qaktrdzdj5,ok
,Heldre,Etna Heldress,,01h6zxbebnfn8sm6kmkhy79kf9,ok
,CMP,Woman Jacket - Primaloft,,01h6zxbkzxhjtdqnad12mp16vy,ok
,Graffiti,Satna Bikini,,01h6zxbgcqgca6jmcs3acq4c9s,ok
,Kinetic,Tournament CL Tele 12' XH 15-45g,,01h6zxbk78fze63keyca7e47a6,ok
,Champion,Hooded Sweatshirt W,,01hpkgd65vd1nk9tttczfp7j76,ok
,Hummel,hmlMotion Tee W,,01h6zxbn4m2nhhjjej4pp5cye9,ok
,2XU,3/4 Compression Tights-M,,01h6zxbcf9t92jxx1vxbw03x7m,ok
,Vertical,Kamryna W 1/2 Zip Knit Sweater,,01h6zxbkkywsp48cw2hx8fze8e,ok
,Endurance,Sustainable X Tech M S/S Tee,,01h6zxbmd6m22ymewy1q8764c9,ok
,Heldre,Besseggen 70L,,01h6zxbmskensyqt1d7a51a1z2,ok
,Heldre,Søgne Vattert jakke Jr,,01h6zxbjggpxghmytq5keb6m2j,ok
,Sway,Allroad WP lady,,01h6zxbed6rmx64sd0m5d14vvk,ok
,Evon,Gepard sykkelhjelm kids,,01h6zxbj4133pr2w516qvtd6ye,ok
,Raidlight,Raidlight Dynamic 2.0,,01h6zxbmtcd1ns617bxkqy2add,ok
,2XU,Compression L/S Top-W,,01h6zxbcf9t92jxx1vxbw03x7t,ok
,Endurance,Dimplanon M Sneaker,,01h6zxbmss9y3fcz00ypqrejaw,ok
,Outdoor Research,Men's Vesper Insulated Hoodie,,01jk837m4xsjq88mgmsc6xjrdg,ok
,CMP,Man Long Pant,,01h6zxbmctez9a2f08853x0ev8,ok
,Sway,London superundertøysett - Junior,,01h6zxbdnzs1tgpfb8qefr2tcg,ok
,Vikafjell,Stoltzen multi pant (M),,01h6zxbj4739wy6d9mjrkcyphv,ok
,Hummel,hmlMOVER Cotton Hoodie Jr,,01h6zxbm0cz0gkt0pch5rhqrmz,ok
,Spirale,Stratos (42-47),,01h6zxbjgapkrx3atrpwq5s6tp,ok
,Northug,Sapporo Longs W,,01jp52p8h86qw50fqg6qx2apwm,ok
,Åsnes,Myrkdalen Woolmix glove,,01jjkzw8ss5zwbw8fv78v40azf,ok
,Outdoor Research,Foray GTX® Pants - Herre,,01h6zxbe204mn5nr02a3d47xx7,ok
,Northug,Hovden 2pk wool sock,,01j979ywr4axct8yn4jcby6qnh,ok
,LMNTS,Paalsen Powerbank,,01h6zxbdptrs4af6w4da86v584,ok
,Daniel Franck,Djerv Shorts Dame,,01h6zxbjw6swbsvd7yhyftfkgx,ok
,Endurance,Konwicha Jr. Printed Shorts,,01h6zxbms92e3rkp8y7g6pft6n,ok
,JetBoil,Jetpower Fuel gassboks 230 gram,,01h6zxbkm77j86h76a4z09ped7,ok
,Treksta,Ranger GTX 41-47,,01h6zxbj5fbf76t4qk8exdx82g,ok
,Heldre,Bykle dunjakke - Barn,,01h6zxbecgkv8ge2vt9ew1ca17,ok
,Endurance,Reittana W Hot Fused Hybrid Jacket,,01h6zxbkmwwmt2btxd12avthv8,ok
,GUPPY,Dani Softshell jacket kids,,01h6zxbn4wnk0qnxmqf7bej96h,ok
,Peak,Taichi Slippers 42-46,,01hcyfnsb58xvvv7vf00ntn65d,ok
,Alien,Alpha+ Skibrille,,01h6zxbdqpen7bv5p5decgt0h6,ok
,Northug,Daycruiser,,01jhn7scmtc12wj02eerdrhwtv,ok
,LMNTS,LMNTS singlet Lady,,01h6zxbctg4xar1eba803rbc09,ok
,Sway,Aries Reflekssekk,,01h6zxbdqaj8vg2cbwnjjkfym7,ok
,Mizuno,Wave Mujin 11(M),,01knrs5q21v562s42nmhkw7rcw,ok
,Cruz,Odine M Shorts,,01h6zxbmdb4syg2b6dc66j7e71,ok
,Sway,New York kompresjonssokk lang,,01h6zxbdpygq4acmmdaq5mp624,ok
,Sway,LED Refleksbånd,,01h6zxbdq6smnrmv78w3h768pv,ok
,Treksta,Onyx 6 S GTX,,01h6zxbmcj7eh6dqyc1zjkfsh7,ok
,Puma,Merchant shorts B,,01h6zxbmc41twhcc6r11rcqxaz,ok
,Endurance,Iskana Running Bag With Bottles,,01h6zxbhcsc96nx3aa5mnmq5wv,ok
,Endurance,Midanon M Hot Fused Hybrid Vest,,01h6zxbkzn6a3jd78pj4hqxags,ok
,Treksta,Kobra Racer GTX 36-41,,01h6zxbe1zgjfgkx58c1h71svm,ok
,Kinetic,Sniksnøre 100m 6 agnkrok,,01h6zxbc5d07q1p78hafqprgxy,ok
,CMP,Woman T-Shirt,,01h6zxbms8hehd75s9j0tbzbcv,ok
,Virtus,Colin M Functional Jacket W/Hood,,01h6zxbms92e3rkp8y7g6pft6f,ok
,LMNTS,"Skjermsett (26-28"")",,01h6zxbddd1dqn7npy3cn0fz76,ok
,Stump,Hett 36-41,,01hqmt8yyk5sa7s0v91fsa4m0f,ok
,Mitchi,Mitchi caps,,01h6zxbk85h3k6r4vjz37cxjct,ok
,Zanier,Zanier Hand Warmer,,01jfa92dygz80psaqext297z0b,ok
,Northug,Wool liner socks 2pk,,01jhqb5xtat6adrbh3765cz2ww,ok
,Diverse,Refleks og armbånd,,01hv8t7jmkwkzz78tzhf30j46p,ok
,Endurance,Tobino M Technical Hoody,,01h6zxbhcv76gh0tntka6yawr4,ok
,Graffiti,Alice S/S Tee,,01h6zxbgcqgca6jmcs3acq4c9v,ok
,Vikafjell,Ullensvang undertøy med ull,,01hnz4qx0nefbs71gn0qnk884s,ok
,Diadora,Mythos Blushield Volo 2 - Herre,,01h6zxbmcg0kqhegcmqnj4qc3a,ok
,Umbro,Velocita VI 1.0 AG VE Jr,,01jrspvs4xgtqyep4f2zbsqjw2,ok
,Endurance,Grint M Shoe WP Size 42-46,,01jjpxxpmafbe37kjjsg1ke8bv,ok
,Move Mountains,Aris tøffel (22-27),,01h6zxbmcn1xt2xr11wcd1t5sn,ok
,S.O.L.,Nice,,01h6zxbk8kq4h7ykhv9w2141ht,ok
,Mizuno,Wave Revolt 3 W,,01h6zxbmdydqd2re8z3d59m4a5,ok
,Monster Energy,Monster Juiced Bad Apple 500ml 24pk,,01jqxd0aszbk0f2m2ykh8f8qqa,ok
,Endurance,Kerronos M Wash Bag,,01h6zxbmt9bwfk21vprrhhp39m,ok
,Daniel Franck,Alpha 2L Parka,,01h6zxbmttmc1d8d1753awq66f,ok
,Treksta,Treksta Nevado Lace Low GTX,,01h6zxbg1azp85h63sbjsr1t9q,ok
,Endurance,NBR Mat,,01h6zxbdc79f0fb9dgd4f50shf,ok
,Outdoor Research,Trail Mix Quarter Zip - Dame,,01h6zxbmt59hqdcymbkxewynxs,ok
,Motivation Bottle,Motivasjonsflaske 1000ml,,01h6zxbn4erqrq1zjb9g0aw978,ok
,North Pro,Amanda tee JR,,01h6zxbm0p1rksnyqp81kymgp9,ok
,Graffiti,Helm S/S Tee,,01h6zxbj4ty44kc4bgb08ke3f0,ok
,Outdoor Research,Women's Vesper Insulated Hoodie,,01jk83fvqedx7am72nr6c741ag,ok
,Outdoor Research,Vigor Grid Fleece Full Zip Hoodie,,01h6zxbmtn5ax7n4avapbq786j,ok
,Outdoor Research,OR Men's Interstellar Jacket (EU),,01h6zxbecybz0f7308308q6ed0,ok
,Mitchi,Mitchi Anita Tee W,,01h6zxbj483qwmp2dyspvh4bcs,ok
,Kinetic,Flytedress,,01j7bf4w7e9bq0x07gcdb6zdgz,ok
,Vertical,Rukiso M Ski Anorak W-PRO 15000,,01j28kn6nc1wv76c098xft94ma,ok
,Endurance,Naomina W Crew Neck,,01h6zxbn4s1e7g8x9xrygc2dce,ok
,Johaug,RUN Tee ,,01h6zxbdd1vkmsdgn4vv7w89gn,ok
,Vossatassar,VT TEE,,01h6zxbe1xkrkwbtv5f2d93sxk,ok
,Endurance,Helian W Tights,,01je6fxyjcwy84pqn3w4c20a16,ok
,Snjór,Val Thorens Sweater (Kids),,01h6zxbjg1k02qs23a604rw76p,ok
,Bula,LIGHT WOOL SOCK,,01h6zxbdqg7t7v9meask9mfgp7,ok
,pyttpytt,Gøy Barnestøvel,,01h6zxbdp90266vwp45qy05cjs,ok
,Northug,Hovden 2pk wool sock jr,,01jhqq3f42ymxbgs4ycqpatdd6,ok
,Champion,Champion Hooded Sweatshirt W,,01h6zxbn4g0b7fv2ftr8ntcetn,ok
,Asics,Kayano Sock,,01h6zxbcgf4nsrq5kzxqdfs21k,ok
,Endurance,Horigamiana W Seamless Cropped Top,,01h6zxbn4ty3ry048qdy13c7yq,ok
,Lars Monsen,Pasvik Classic Down Jacket W,,01h6zxbm1817ax1ea4q9ktcb1x,ok
,Endurance,Maia W Pants,,01h6zxbmtma3wsj6djqm6pcaf8,ok
,Endurance,Neviee Waffle Hood,,01h6zxbmd6m22ymewy1q8764c2,ok
,Endurance,Sendleton W Shoe size 36-41,,01h6zxbk6ydwcjhn1f4e97sw3w,ok
,Missing Link,Lyngen 3-lags skijakke,,01jezn86ssm1x14whw41mmjxdc,ok
,Primus,Campfire Plate Lightweight,,01hq7wvf8ddg9tq9ye07cfd6s3,ok
,Sway,Marsala 20L,,01h6zxbkm9dnbw2v4x974j55gt,ok
,Åsnes,Åsnes Woolmix Half Zip,,01j8sbtt02tj1kkgvgnz5wtavz,ok
,Johaug,FIT Medium Compression Tights,,01h6zxbdd1vkmsdgn4vv7w89gs,ok
,Graffiti,Anniston Board Shorts,,01h6zxbcg8cm8zq3zzv4txv1zj,ok
,Kinetic,Kinetic Sniksnøre 6 Agnkrok 150m,,01h6zxbmsc8ztkaebgr1dkv42w,ok
,Lars Monsen,Pasvik Classic Down Jacket,,01h6zxbm1817ax1ea4q9ktcb1w,ok
,Zamberlan,124 INTREPID GTX RR (37-42),,01h6zxbhcnnzeb1sx3z4jvbqxn,ok
,Vikafjell,Krossbukta Isolasjonsskjørt,,01h6zxbjg2xwadwbqx5excqygh,ok
,Heldre,Lofthus 2 turbukse - Dame,,01h6zxbhsk3b00vc77957h67ms,ok
,Cruz,Doun Size 36-42,,01h6zxbj4skv7w8zyxnbf6h878,ok
,Snjór,Lifjell Ullbukse - Dame,,01jkd4v59zyf1gq4974nwcbyx3,ok
,Snjór,Lifjell Longs - Dame,,01jkb5aka22bjrdy9a4vcc1h5j,ok
,Mitchi,Nora Top Dame,,01h6zxbmsn6884hx7rwqjhxsag,ok
,Staal,"Civic termokopp 0,35L",,01h6zxbgqd9q1sf9rpmt3k7ymq,ok
,Daniel Franck,Djerv 2L ST Bukse,,01h6zxbkkg504d943x8wvb0c7p,ok
,Nike,"5"" VOLLEY SHORT Tape",,01hqncy7tkt78szchx0wt7dg77,ok
,Treksta,"Diamond Lace Mid GTX, Icelock Dame",,01hchcrk67pfhj2jjc16xngnwb,ok
,Northug,Mosvikekspressen 4pk sock,,01j98t7vxqw9kwk0646rkqwtd8,ok
,CMP,Man Jacket Fix Hood,,01h6zxbmctez9a2f08853x0evb,ok
,Vertical,Deweon M Checked Fleece Shirt,,01h6zxbmdt51zvjhbecyyvyha8,ok
,Heldre,Brinken 36-41,,01hq0mgh3m8vm5nkd0ec3vs82e,ok
,Cruz,Drammen M Cargo shorts,,01h6zxbgchgk357nzjb997jfwz,ok
,Endurance,Wellington Unisex Thermal Running Glove,,01h6zxbec45bpy1n49ssjxfg9q,ok
,Heldre,Liatoppen 1/2 zip Fleece Jr,,01h6zxbdpx8pcsd1y1z10n2bfp,ok
,Graffiti,Eagle WP Glove Waterproof,,01h6zxbec9gqam99kdz74fp8ak,ok
,Heldre,Myrdal ull halfzip dame,,01hv6g7jyjth579r2pnqfr2y17,ok
,Heldre,Brekkedalen pile fleecegenser,,01j3276paa8xkvh2rdfsa1amw2,ok
,Endurance,Gym Ball 75cm,,01h6zxbed3nkcmmfqsyxhmqwm3,ok
,Yikun,Disc Golf Driver DA'E - Dragon Line,,01jxyn4wdmssdcxejn94ca8n42,ok
,Vikafjell,Os Fleecejakke - Junior,,01h6zxbdpx8pcsd1y1z10n2bft,ok
,Puma,Ess Cap lll,,01h6zxbms5xxmdjs6jbmvssxwm,ok
,Bula,Frame Headband,,01hr9vye12d7t0es3cjc1y2kq0,ok
,Endurance,Brees W S/S Melange Tee,,01h6zxbhcwh44d2tfx8aynx3xf,ok
,Mitchi,Karoline Wind jacket,,01h6zxbk84wqs10ex3vyz8hkne,ok
,Outdoor Research,Women's Essential Tank,,01h6zxbms6r6pzwp42krxaa8xr,ok
,Endurance,Humrenton M Shoe Size 40-46,,01h6zxbm14kjg4mrp81fasbdh8,ok
,Champion,Crewneck T-Shirt W,,01hpkf4tmay2rhk8dbtq90drs9,ok
,Vertical,Orino W Warm Slipper,,01jz7t1wh1hbbr55gg1wka54p1,ok
,Daniel Franck,India 2L Jakke Dame,,01h6zxbecsfqcjv35r0g69983s,ok
,Graffiti,Surgut SS Tee,,01h6zxbgcqgca6jmcs3acq4c9q,ok
,Hummel,hmlMOVER Cotton Cuff Pants,,01h6zxbm0bb7bf5kx9vb3z3dsh,ok
,Vertical,Fontana M Layertech Ski Jacket,,01j2dwhqc2ecq8kqd9g6addd71,ok
,Bula,Lost Wool T-Shirt,,01hxra3s1q7er8a834t7es4s4y,ok
,Vertical,Mattice Windblock Headband,,01h6zxbeccr0ezhe5wa2sabxvb,ok
,Mizuno,MONARCIDA NEO III SCT Jr AG(C),,01kh5v194fxvyxkv55py44w42a,ok
,Kinetic,Kinetic Bodø Pilken 300g,,01h6zxbh0dfq3tz546cexex080,ok
,Endurance,Dormmina Jr. Gym Pants,,01htpt94t8nn4vrkvq57a465fh,ok
,Comfo,Comfo Tøffel Herre,,01h6zxbg13ak8j0qdd0vzszdwr,ok
,Snjór,Val Thorens Sweater Jr,,01h6zxbh22k8qtn7dccse47zdh,ok
,Kinetic,Kinetic Bodø Pilken 400g,,01h6zxbh0erawxffzaz8xrrt1m,ok
,Endurance,Jump rope with counter,,01h6zxbg19cdj8jpr8etsjzh6k,ok
,CMP,Woman Outdoor Pant - Primaloft,,01h6zxbms6r6pzwp42krxaa8xy,ok
,Endurance,Toning Tube,,01h6zxbjwyajs2371cq4s6m575,ok
,Staur,Kirketaket vandrestav,,01je5yhkgyf9kc5xx3br3bmg9w,ok
,Move Mountains,Juny Sandal,,01h6zxbk74xxchak7x2sj00zp7,ok
,Northug,Sockbox wool socks 6pk,,01jhqjcxc8ms5fahz4wvxk40w5,ok
,Heldre,Løv Babylongs barn,,01h6zxbjfhhyr7arf1t895jaxm,ok
,Outdoor Research,Aspire GTX® Jacket - Dame,,01h6zxbe204mn5nr02a3d47xx8,ok
,Heldre,Tyri 41-45,,01h6zxbmcj7eh6dqyc1zjkfsh4,ok
,Endurance,Peony W Sports Bra,,01h6zxbe1m2a1hw4b59b3n2e6c,ok
,Daniel Franck,Alpha T-shirt Dame,,01h6zxbjw6swbsvd7yhyftfkgz,ok
,Kinetic,Kinetic Pilker Wallet,,01h6zxbmsbnrw8eyja9q9f0xjt,ok
,Vertical,Lotty W Sherpa Half Zip,,01jbxzc9xx0q1hv559b8dphmeb,ok
,Vertical,Daytonan W Long AWG Stretch Jacket W-PRO,,01h6zxbm0zjgzz61rdnpht7s2d,ok
,Cruz,Indyana M Knee Boardshorts,,01h6zxbm0w2cwc46x1r1bj34hz,ok
,Heldre,Eise tøffel 22-32,,01h6zxbkkmdjhmctzpyaj4kz4t,ok
,Kinetic,"Kinetic Pocket Multi-Tool 4""",,01h6zxbmsbnrw8eyja9q9f0xje,ok
,CMP,Jersey W Tee,,01h6zxbmctez9a2f08853x0evh,ok
,Endurance,Dumagona Vibram Shoe WP Size 36-42,,01h6zxbmdmxr17zv5m04b2f197,ok
,Mitchi,Oxford hettegenser - Dame,,01h6zxbm0703cbqjyjtxyn04j1,ok
,Evon,Senja sykkelhjelm,,01h6zxbgpjpj9mdk1nyxvfks7g,ok
,Bula,Frame Jog Pants,,01h6zxbkmhnxx060h76dwgk1q5,ok
,CMP,Yoke WP Outdoor Boot,,01h6zxbmck2nbew2qfx8zv7xdh,ok
,Primus,"Trailbottle 0,6L S.S",,01hdqxh58twxjj65wptfyrk2fe,ok
,Kinetic,Fantastica Tele CC 6' XL 3-15g 2sec,,01h6zxbk78fze63keyca7e47a7,ok
,Cruz,Kellara M Tee,,01h6zxbm0w2cwc46x1r1bj34hr,ok
,Umbro,Aurora Training suit,,01h6zxbkk38ejmp1fyfmzne6z3,ok
,Mitchi,Lisboa T-Skjorte Dame,,01h7yzfryp6c18d11wzt5c8vtq,ok
,Northug,Streetcruiser,,01jhn81vvvne2qayp72f4qdqb7,ok
,North Pro,Nick Tee,,01h6zxbn4ywjr8tqze204dyfgv,ok
,Tiny Trolls of Norway,Stubben 21-30,,01hq80cg8qw3771ne1s8zsafh2,ok
,Umbro,Umbro Velocita VI 1.0 TF VE Jr,,01jnrdzfrhjxqshn2vnxtz41ky,ok
,Graffiti,Kaylee L/S Tee,,01h6zxbe1q3vj8zan12e60sp7j,ok
,Endurance,Beynat W Pants,,01je6f594z34y2n5jerae6j09v,ok
,Champion,Rib Cuff Pants,,01hpkjd4r69e3ad87s9g814kmd,ok
,Ox,Chrome Dumbbellsett - 15kg,,01h6zxbkzsdghqjjsc05xm049t,ok
,Hummel,hmlMotion Sweat Crew W,,01h6zxbn4m2nhhjjej4pp5cyea,ok
,pyttpytt,Lyngpollen vinterstøvel 28-35,,01h6zxbh2094w5011jwvw4v7jj,ok
,Vikafjell,Dyrheim Ullundertøysett Barn,,01jkqffmzt3q5yxtdvn4qb4gw3,ok
,Endurance,Floliana W Tights,,01h6zxbmsagwv3160c7gtgwcjm,ok
,Outdoor Research,Men's Deviator Fleece Half Zip,,01jk82n9zfe0x38vyq7eh6m44g,ok
,Vikafjell,Morgedal Shorts - Dame,,01h6zxbfqdfawvdgbnbfhcazjn,ok
,Kinetic,Beaster CT 9' MH 12-40g 3sec,,01h6zxbk762a1bpcdtw9cgdaq0,ok
,Vertical,Bombando M Parka W-PRO 10000,,01h6zxbn4rvdrm8hmhyg69esrn,ok
,mamba,"Mamba shaker 0,7L",,01h6zxbmsw5ydt744pbtefbtaw,ok
,Kinetic,Kinetic SS Filleting Knife Set,,01h6zxbmsc8ztkaebgr1dkv42v,ok
,Mitchi,Sandra Tee W,,01h6zxbh22k8qtn7dccse47zdz,ok
,Graffiti,Gilbong PU Set w/fleece W-PRO 5000,,01h6zxbkkx8p11qng9721y2vd6,ok
,Graffiti,Gloria S/S Tee,,01h6zxbgcpw8rt2yyp37tgay4q,ok
,Heldre,Torefjell Shorts Dame,,01h6zxbfqe1mwtrvmexw7v0vte,ok
,Northug,Silver Performance 3.0,,01jhn7k2gdfsnd9xe227ywxq44,ok
,Primus,Koppen Mug 0.2,,01jra4ctn54wr1p3bkjawbgeva,ok
,Bula,Bula Jr 2pk wool sock,,01h6zxbj509rcetpma5qktsreq,ok
,Storm,Proofer Twin 75ML,,01h6zxbcspkvqmxm7ec0pfmgrr,ok
,Vertical,Rodnen Jr. Softshell Jacket W-PRO 8000,,01h6zxbmsd43pcs7anzcechked,ok
,Endurance,Lucy W Long Printed Tights,,01h6zxbgcnv0934xn4k79bv744,ok
,Vikafjell,Os Fleecegenser - Dame,,01h6zxbc57t0d5pk1k76wr6m9z,ok
,Champion,Ribb cuff pant,,01j5xf1za45pf32pxqkdp5zv8m,ok
,Tiny Trolls of Norway,Tusse microfleece pannebånd,,01k3r02b5d1g0hjj8y90ftk8nr,ok
,Cruz,Doho M Casual Shorts,,01h6zxbgchgk357nzjb997jfwx,ok
,Kinetic,Baitholder Single Hook #4-6-8,,01h6zxbk7aztvrcpq7xz28dnms,ok
,Cruz,Callasiana W Ribbed Bikini High Leg Bottom,,01h6zxbm0w2cwc46x1r1bj34hp,ok
,Outdoor Research,OR Women's Panorama Point Jacket,,01h6zxbe291ej7qr0k97v0fvr9,ok
,Endurance,Cathyana W Color Block Tights,,01h6zxbmtaxe1g08qzsvd1ngzm,ok
,Vertical,Laruen W Leather Warm Slipper Size 36-41,,01jz7ywyht9339jy7sjbbq49tz,ok
,Heldre,Draum sovepose (vinter),,01h6zxbe277q8fkffwk47r1mfm,ok
,Bula,Classic sock 3 pk,,01h6zxbmdv37tz2h9dhec89vjb,ok
,Daniel Franck,Djerv 2L ST Bukse D,,01h6zxbkkg504d943x8wvb0c7n,ok
,LMNTS,Minipumpe,,01h6zxbddcpz5b49x40qb7cy51,ok
,Heldre,Bark ulltrøye,,01h6zxbkmceg2ssccm2avdmvzs,ok
,Heldre,Pello 40-45,,01jkajt3xtdrh9kbja1cwm1yd4,ok
,Endurance,Masako W Shoe,,01h6zxbms1qwqw1e821varx4df,ok
,Snjór,Jostedal ullgenser rund hals dame,,01h6zxbjft8vspfxm61b9rnqr6,ok
,Cruz,Quinlandon M Beach Boardshorts,,01h6zxbmsagwv3160c7gtgwcjp,ok
,Vikafjell,Morgedal #norging T-skjorte Barn,,01h6zxbhspqx89ehrxyzjg026a,ok
,Graffiti,Gubico 3-pack Socks,,01h6zxbmsbnrw8eyja9q9f0xjc,ok
,CrazySafety,Dino Bicycle Helmet,,01k2edkm62f6rapqw07qbfj85h,ok
,ASG,Disc Golf Back Pack Pro,,01kqvdfx9ecjk38yk5m0gqsahx,ok
,Heldre,Krokavatn superlight jacket W,,01h6zxbdq6smnrmv78w3h768pk,ok
,Heldre,Falkeriset Shorts W,,01h6zxbj4133pr2w516qvtd6yc,ok
,Endurance,Bonkun M XCS Jacket,,01h6zxbjgvjj2tf1f5x8r84zt4,ok
,CMP,Woman Jacket,,01h6zxbmteqhnrm4fgc8rgh8s2,ok
,Tiny Trolls of Norway,Tusse microfleece lue,,01k3r0bt1jb25x5fsvgs88gspa,ok
,Tiny Trolls of Norway,Brettopp Strikkelue,,01hp4hpyvdgry322sex51nj17w,ok
,Endurance,Neviee Waffle Glove,,01h6zxbmd6m22ymewy1q8764c5,ok
,Primus,SIP Power Gas 230g,,01jqp1vz74e2x0edjfhr20cjfq,ok
,North Pro,Dennis Cargo sweat pant jr,,01h6zxbn4xtawwne6j6wjpxmys,ok
,Vossatassar,Rib Beanie,,01k56fp9zaa41dqsf8haftn4yx,ok
,Endurance,Adonis M XCS Set,,01h6zxbec5z87dm57hde9nnsd9,ok
,Ox,Exercise wheel,,01h6zxbkmnc36x8nprmespf8zf,ok
,Kinetic,Wet Flies Dubble 5pcs,,01h6zxbk79r6fhaxs15x2kbt9e,ok
,Mitchi,Lauren camo tights,,01h6zxbm0hesg8jx17g5n4a1pd,ok
,Outdoor Research,Men's ActiveIce Spectrum Sun T-Shirt,,01h6zxbms5xxmdjs6jbmvssxwy,ok
,LMNTS,Bottle holder PC,,01h6zxbddd1dqn7npy3cn0fz74,ok
,Endurance,Vernonson M S/S Performance Tee,,01h6zxbj5phqr50jgdyqp9f3ar,ok
,Vikafjell,Oppheim Vattert Jakke  Herre,,01jkdbpey1zwj8qgw1ts5wy249,ok
,Heldre,Pynten WP,,01h6zxbkkncg3zxjdymrw08kw9,ok
,Cruz,Smille W Bikini Top,,01h6zxbjwj70te1kk9m7vdndgq,ok
,Bula,Frame Beanie,,01hr9w3ya6jr71ps6yrn5f1694,ok
,North Pro,Dennis Sweat crew,,01h6zxbn4ywjr8tqze204dyfgt,ok
,Staur,Rondane turstav,,01h6zxbmt9bwfk21vprrhhp396,ok
,LMNTS,Bottle holder aluminum,,01h6zxbddd1dqn7npy3cn0fz73,ok
,Puma,Merchant sweatpant W,,01h6zxbm0bb7bf5kx9vb3z3dsb,ok
,Endurance,Dormmina W Gym Pants,,01h6zxbn4s1e7g8x9xrygc2dcg,ok
,Missing Link,Fonna vott barn/jr,,01jnnrjksrzbbny2qkma019sxk,ok
,Endurance,Cornilia W Tights W-Mesh,,01h6zxbm102b9r0khfyre8vgjk,ok
,Sway,Hallingskarvet jakke W,,01h6zxbe19yjmz7bbb2aj9cv34,ok
,Heldre,Jan Mayen Beerenberg Gaiter,,01h6zxbhc4yxnwn2hsksrg31qy,ok
,Sway,Koko 24-29,,01j70emw7yztrj9ym02de74jjm,ok
,Sway,London Running jacket M,,01h6zxbdqevm3v0c2nwsxeact3,ok
,Staal,Staal Toastjern,,01h6zxbkmksr7bg33g0ksf8xpq,ok
,Vertical,Miranda W Parka Jacket  W-GUARD 10000,,01h6zxbe1s8m7ckgka40sharys,ok
,Daniel Franck,Djerv CB Lue,,01h6zxbj577txr94a0gdz18600,ok
,pyttpytt,Øspøs Sydvest refleks,,01h6zxbdq73htemhq0m50fmgzh,ok
,Umbro,Umbro Sublime Half Zip 2,,01h6zxbg21dpzc0tr9yg9vq3m4,ok
,Snowflake,Bingo Akebrett,,01h6zxbm0ebcp57ksppbsc7tfa,ok
,Primus,Primus Aeril Small,,01jra3knxxp8tycfpgvrm6s764,ok
,Hummel,hmlMOVER COTTON HOODIE W,,01h6zxbm0cz0gkt0pch5rhqrmx,ok
,2XU,Hyoptik Thermal Top- M,,01h6zxbe22skq1qnzkx5g4g17f,ok
,Outdoor Research,"Astro Shorts 3.5"" - Dame",,01h6zxbms6r6pzwp42krxaa8xw,ok
,Ox,Half Rack,,01jdpcvpm32nxm4eyxhnfa5vm8,ok
,Zanier,Loipe Nordic Primaloft Glove,,01hsttd9kercs3jys9e4hape1a,ok
,Cruz,Iserra W Ribbed Triangle Bikini Top,,01h6zxbm0vqv19xd5bynwn5had,ok
,Vertical,Sprockava M Teddy Fleece Jacket,,01j28p6v4jqmvnzfz5vc6h1atg,ok
,Lars Monsen,Elgå Multikobbel 290cm,,01kdytwx0kv06v4fx72b8tt4dk,ok
,Heldre,Ustaeggen pannebånd,,01h6zxbmt3ft44te434rp2b0wk,ok
,Outdoor Research,Women's Sureshot Softshell Mitts,,01jk7zj05e5pqxb473zgbd3tb1,ok
,X-erfit,X-erfit Indoor 200,,01h6zxbmsxb4eh724g6sdsx711,ok
,Vossatassar,Kule Barn Crew,,01h6zxbjw1ae7f1z6yyc3n8jg2,ok
,Vikafjell,Kvitebekk skallbukse - Herre,,01h6zxbgqd9q1sf9rpmt3k7ymx,ok
,Heldre,Heldre Løv longs (1-6),,01h6zxbjfhhyr7arf1t895jaxn,ok
,LMNTS,Sit Up Bar,,01h6zxbcrqz4tphc8rprkx4q67,ok
,Endurance,Uriban W Lite Shoe,,01h6zxbhcv76gh0tntka6yawqq,ok
,LMNTS,Vancouver hanske - Herre,,01h6zxbdq80nnxzqnymacycnzj,ok
,Vossatassar,Monstercamo Fleecesett,,01hs11wa84q7rmqw3yhdgtft5j,ok
,Heldre,Nubben 3-lags Skalljakke - Herre,,01h6zxbh1bkcfy5xzwpby2mbr2,ok
,Outdoor Research,OR Men's Deviator Hoody,,01h6zxbdd46t95hqe8fzhkptfk,ok
,Heldre,Amora 36-41,,01jkb0rq2c54ekntk4eqnegkcs,ok
,Snjór,Campus lue,,01h6zxbkmgmkm32snb0mzpjy14,ok
,Endurance,Gittone M Tights,,01h6zxbjwenkns07526vgx64s3,ok
,CMP,Mens Hybrid Primaloft Jacket,,01h6zxbjwn3k4psd0ec58m4b6t,ok
,Vossatassar,VT LS,,01h6zxbe1xkrkwbtv5f2d93sxm,ok
,Vikafjell,Oppheim  Vattert Jakke Dame,,01jkdatwkptsbrjd87ts67p5jh,ok
,Kari Traa,KT Sprade,,01h6zxbkmj82eyz80sckt2dmgc,ok
,Vertical,Sprocketo M Teddy Fleece Jacket,,01h6zxbmdt51zvjhbecyyvyhag,ok
,pyttpytt,Slaps 29-35,,01h6zxbh1146rcqpqwhkzaxd0e,ok
,Tufte,Mens Active Tight Pants,,01h6zxbed3nkcmmfqsyxhmqwm0,ok
,Kinetic,Kinetic Tyttebær 3-pack,,01h6zxbk7aztvrcpq7xz28dnmh,ok
,Kinetic,Kinetic Bodø Pilken 500g,,01h6zxbh0erawxffzaz8xrrt1n,ok
,Kari Traa,Kari Traa Seim Headband,,01hj5z9anmz00ff0xxrg9mjd0p,ok
,Leki,Leki Sport Vision,,01h6zxbkkq93gbxa3ptbxtc6md,ok
,Outdoor Research,Methow Pants - Herre,,01h6zxbmcvajye5qrthp4zrb1n,ok
,Sway,Klogg jr.,,01h6zxbg0xr7ye5sp8xdkk2anp,ok
,Graffiti,Bonger L S Tee,,01h6zxbgcqgca6jmcs3acq4c9k,ok
,Heldre,Bergen Jacket W,,01h6zxbdqevm3v0c2nwsxeact9,ok
,Berghaus,Hillwalker pant w,,01h6zxbdd7q59p7zzhehjkaqb1,ok
,Mizuno,Enerzy Runnerz (W),,01jat30zfycz1jw6bvaf7wz9js,ok
,Graffiti,Lilliann Swimsuit,,01h6zxbj4skv7w8zyxnbf6h87a,ok
,Graffiti,Miay Bikini,,01h6zxbjwkpnb2aftc6y6f4fx6,ok
,Champion,Champion Hooded Sweatshirt,,01h6zxbn4g0b7fv2ftr8ntcetm,ok
,Vikafjell,Stoltzen multi jacket (M),,01h6zxbj4739wy6d9mjrkcyphs,ok
,Kinetic,"Super Mono 0,20mm 500m 3 kg",,01h6zxbc5b9ytg9z6dkx38n06j,ok
,Northug,Bike crew sock,,01jhq6vss6me2z47n87qrgw3b7,ok
,Vossatassar,VT GENSER SS18,,01h6zxbe1xkrkwbtv5f2d93sxn,ok
,Hike Sport,Helle turjakke W,,01h6zxbm0fsxmngqk640v36tkb,ok
,Outdoor Research,OR Women's Ascendant Hoody,,01h6zxbdqmrs6b82wseg69zgdj,ok
,Cruz,Callasi W Ribbed Bikini High Leg Bottom,,01h6zxbjwkpnb2aftc6y6f4fx0,ok
,Ox,"OX Forster flaske 2,2L",,01h6zxbmsr3wfch2skv04azrde,ok
,Hummel,hmlMOVER Cotton T-Shirt S/S,,01h6zxbm0bb7bf5kx9vb3z3dsf,ok
,Heldre,Løv Body barn,,01h6zxbjfhhyr7arf1t895jaxk,ok
,Champion,Champion Hooded Sweatshirt JR,,01h6zxbn4hw2zjwbpheqvbwytc,ok
,Endurance,Naval M XCS Softshell Pants,,01h6zxbec5z87dm57hde9nnsdc,ok
,LMNTS,Moon Kettlebell 10 kg,,01k44rwy2nxye44txenmg0ma7z,ok
,S.O.L.,Paris,,01h6zxbk8m5hv5v3x7sd6z358p,ok
,Tiny Trolls of Norway,Tusseladden parkdress,,01h6zxbj3yna7ez42x9zt0jne0,ok
,Kinetic,Kinetic 3-Legged Chair Foldable,,01h6zxbk7b2y1n9vt5z2bjqm02,ok
,Craft,Adv Essence Melange Ss Tee M,,01hp6hey9g7yt0ca4zqn7s3fvd,ok
,Staur,Nonstind Teleskopstav Alu,,01j28tzp50hnxmzw19qvqfrp24,ok
,Mizuno,MONARCIDA NEO III SELECT Jr(J),,01k3rcd3g4sgeshsknmesmmdr0,ok
,Endurance,Flaske for løpevest,,01h6zxbmd7d74f33bc94894k5v,ok
,LMNTS,Drikkebelg 2L,,01h6zxbk8gm5c8p0mbk5za7rha,ok
,Mitchi,Erica Shorts W,,01h6zxbh22k8qtn7dccse47zdw,ok
,Endurance,Palt M Windblock Vest,,01h6zxbkm06s1axfrvp24k4tc0,ok
,Daniel Franck,Djerv Turbukse Dame,,01h6zxbgpyjf6bg7zgdatahxzm,ok
,Kinetic,"Super Mono 0,30mm 500m 6,1 kg",,01h6zxbc5b9ytg9z6dkx38n06m,ok
,Heldre,Krokavatn superlight jacket jnr,,01h6zxbdqaj8vg2cbwnjjkfymn,ok
,Snjór,Hovde Dunvest,,01jktdxc8h6az8nj2rc5dbphdg,ok
,Evon,Evon Kodelås 6x120,,01h6zxbg1fma71tyc825pdb368,ok
,Sway,Alton 39-46,,01h6zxbmt487r8gjbca0zvxg0s,ok
,Sway,Commuter Reflekssekk 25L,,01h6zxbdqaj8vg2cbwnjjkfym8,ok
,Endurance,Ralphiena W Seamless Tights,,01h6zxbn4ty3ry048qdy13c7yr,ok
,Virtus,Jokers V2 Sleveless Tee,,01hyjpzy68trxzq8z1z0srdc1v,ok
,Endurance,Neviee Waffle Neck Gaiter,,01h6zxbmd6m22ymewy1q8764c4,ok
,Heldre,Tora Low Neck,,01h6zxbdpx8pcsd1y1z10n2bg2,ok
,Kinetic,RamaSjang CC5`6 ML 5-24g,,01h6zxbhs4fm1j6rnj4rn70dv1,ok
,Sway,Gaula vannsporthjelm,,01h6zxbmskensyqt1d7a51a1za,ok
,Staal,Tursag - 295 mm,,01h6zxbmsjbvkjbsw7m7z8qcbr,ok
,Endurance,Zora W XCS Softshell Pants,,01h6zxbec5z87dm57hde9nnsdb,ok
,Outdoor Research,OR Logo Knit wool Beanie,,01jk81dnqt0h0zrq3x7whdg0tb,ok
,Graffiti,Waiki Lights Size 24-35,,01h6zxbm15fy1xtry26ssy9x5n,ok
,Graffiti,Biho Lights,,01h6zxbj4g16era4ryc0v99zd9,ok
,Ox,Weight lifting belt,,01h6zxbkmm0fvkysvtmw0530te,ok
,Sway,Allroad II 36-41,,01h6zxbm0manmxxkvkvyg5xx87,ok
,Famme,Famme Elevate Wave Leggings 2,,01h6zxbm0kcm62a6ntarq8stvm,ok
,Outdoor Research,Cirque II Pants - Herre,,01h6zxbmcvajye5qrthp4zrb1h,ok
,Heldre,Bergen pant M,,01h6zxbcsqdqdfm0q84v9p2yj6,ok
,Outdoor Research,OR Women's Clairvoyant Jacket,,01h6zxbdd46t95hqe8fzhkptfm,ok
,LMNTS,LMNTS T-shirt Lady,,01h6zxbctg4xar1eba803rbc08,ok
,Kari Traa,KT Butterfly Tee,,01h6zxbkkad91pjnqtrdzye21w,ok
,Endurance,Ofiel W Seamless Tights,,01h6zxbmd4nx7z25ze2b8f705s,ok
,Endurance,Corbi Primaloft Headband,,01h6zxbmd6m22ymewy1q8764bz,ok
,CrazySafety,Cool Sea Bicycle Helmet,,01k2ef4sr4632xsg61c31sbh01,ok
,House of Hygge,Men's Hiking Pants,,01j73067543cn5ykzvwj7wnckg,ok
,Vertical,Wattas W Wool Tech Tights,,01h6zxbmdt51zvjhbecyyvyhae,ok
,Outdoor Research,Flurry Sensor Gloves - Herre,,01h6zxbe204mn5nr02a3d47xxa,ok
,Tiny Trolls of Norway,Lillo 25-28,,01jk8qdgm115h3phh9sjrmkxc6,ok
,Puma,MASS Merchant Style Sweatpants FL W,,01h6zxbms34kd8k1eq7940qkf9,ok
,Fort Lauderdale,Jerry M Shorts,,01h6zxbe1q3vj8zan12e60sp77,ok
,Puma,Ess logo power Aop tee B,,01h6zxbms5xxmdjs6jbmvssxwf,ok
,Graffiti,Nectary Knitted 3-Pack Gloves,,01hnhypc296y4by0w6cntsbd5s,ok
,Saucony,Saucony Canyon TR 2 W,,01h6zxbmsvqr2m8hzq6cdtskme,ok
,Famme,Famme BOP Sports Bra,,01h6zxbm08549bcgah4v3tvdej,ok
,Heldre,Otra turbukse - Herre,,01h6zxbebrbfg1scmbczzg8hkj,ok
,Northug,Oppdal Training Jacket Men,,01j98jshzacbwzfn7xq5n8cxa9,ok
,Åsnes,Myrkdalen Wool Pants,,01jjrg69k27gd3da91qgx743f4,ok
,Snjór,Val Thorens Jacket M,,01h6zxbh22k8qtn7dccse47zdq,ok
,Mizuno,MONARCIDA NEO III SELECT Jr(C),,01kh5txbxnw1cydhkjbj3kw4s2,ok
,Outdoor Research,Vigor Grid Fleece Hoodie - Herre,,01h6zxbmt59hqdcymbkxewynxk,ok
,Heldre,Svalbard Parka - Herre,,01h6zxbecm22b2at3a5kr5x723,ok
,Umbro,Stretford hoody W,,01h6zxbgpft6v266r5p2ya6m7b,ok
,Heldre,Ruperanden drikkebelte,,01h6zxbjvxd75pfw609ft2k58e,ok
,CMP,Man Jacket Fix Hood w/ Primaloft,,01h6zxbkzxhjtdqnad12mp16vw,ok
,Endurance,Cimmeriana W Printed Tights,,01h6zxbms8hehd75s9j0tbzbd7,ok
,Ox,OX 20kg plate 50 mm,,01h6zxbkmfgr42y8z13hf9kgg1,ok
,Tiny Trolls of Norway,Fant hipster,,01h6zxbm0tc6mcpjb76bg5rs0w,ok
,Craft,Adv Essence Wind Pant W,,01hp6j9nr7x3h3th8wtn2s3q8r,ok
,Primus,Primus Bag 22L,,01jaq4gx8ahks58eqqkxnq1cww,ok
,Hummel,hmlMOVER 1/2 Zip Poly Sweatshirt Jr,,01h6zxbmcxqz6g2gd1znr246c2,ok
,Endurance,Neviee Waffle Headband,,01h6zxbmd6m22ymewy1q8764c3,ok
,Vertical,Chiefanu W Long Puffer Vest,,01h6zxbmdt51zvjhbecyyvyhad,ok
,Cruz,Lightbauman M Knee Boardshorts,,01h6zxbm0w2cwc46x1r1bj34hv,ok
,Endurance,Irisliene W Tee,,01h6zxbms92e3rkp8y7g6pft6a,ok
,Treksta,Bergen Lace Low GTX,,01hca63gde2d0kqabwavqsj15h,ok
,GUPPY,Franco sweat pant kids,,01h6zxbmsgrxsbgcez9k6ssh39,ok
,Ox,OX Romaskin,,01h6zxbkm9dnbw2v4x974j55gh,ok
,MOLS,Zeicherum W Outdoor Boot WP,,01h6zxbmd8cann191edtah8nre,ok
,Vossatassar,Glis strømpebukse,,01h6zxbgcwex1jqcsneh4989x9,ok
,Mitchi,Lissy dancer pant,,01h6zxbk85h3k6r4vjz37cxjd5,ok
,LMNTS,Joy Rumpeakebrett,,01h6zxbdqqt4ctqxazzg2fq8f8,ok
,Ox,Gym glove,,01h6zxbkmm0fvkysvtmw0530tk,ok
,Vertical,Zukoso W Ski Jacket W-PRO 15000,,01j2dt9jvaq7az3vdc15t4hns0,ok
,Graffiti,Nemon Hat,,01h6zxbjfgnj1nh41redeyktrb,ok
,Mitchi,Tina Tights W,,01h6zxbhc653k2rvg114tgg41b,ok
,Vikafjell,Lysøen bukse,,01h6zxbk7j7e0krtpy1y2148yg,ok
,Heldre,Søgne vattert jakke dame,,01h6zxbjggpxghmytq5keb6m2h,ok
,Kote,Fundin icepigg 37-41,,01h6zxbm0aw3vdnm0m3rvdr09p,ok
,Mizuno,Mizuno Fortrush (M),,01kssq95ka35xzbd9kc4mqhcfa,ok
,Endurance,Summia W Print Sports Bra,,01h6zxbjwgp00zapfjrwq14wnc,ok
,Mitchi,Lauren camo langermet,,01h6zxbm0hesg8jx17g5n4a1pe,ok
,Treksta,Climb GTX,,01hccnpdrqvgy7hn7dc3231mb8,ok
,Heldre,Stella ullsett - Junior,,01h6zxbhcjkb0ab071q0g2f826,ok
,Heldre,Erd Nettingtrøye W,,01h6zxbec0jy0vfmfhyn8msxev,ok
,Hummel,hmlMOVER Cotton Hoodie,,01h6zxbm0bb7bf5kx9vb3z3dsg,ok
,Sway,Stockholm Thin glove,,01h6zxbdqjx8hepbc41g14171n,ok
,Move Mountains,Aris tøffel (28-35),,01h6zxbmcp59r1xymn45mjnde7,ok
,Eska,Pulse Mid Gore windstopper,,01h6zxbdq99gach0jkrh26dc36,ok
,Diadora,Equipe Nucleo - Dame,,01h6zxbms4tv90a65xa46mbzaz,ok
,Bula,Campus Block Crew,,01h6zxbed21rvr3z9h0aws7zvm,ok
,Heldre,Sogn sokk,,01h6zxbdptrs4af6w4da86v58a,ok
,CMP,Man Jacket,,01h6zxbms8hehd75s9j0tbzbcr,ok
,Champion,Rib Cuff Pants W,,01hpkepkfdkmg9ynbdqvyz2ahm,ok
,Vikafjell,Marken BIB skallbukse - Junior,,01h6zxbjg6zfks4r7kr9z7ak6r,ok
,Graffiti,Ophira W-PRO 10000 AWG Set,,01h6zxbc4q29ewr41qjybt4sr2,ok
,Adidas,adidas Sport - Foam Cleaner - 200ml,,01hrpqzrpr8h7az2nj35qpcjvh,ok
,Sway,Helsinki running jacket W,,01h6zxbfqqmhwgx05234kpx73d,ok
,Missing Link,Istind lett dunjakke,,01jezma7ajbj7168qedqak5twe,ok
,CrazySafety,Shark Bicycle Helmet,,01k2d5bz4h78m5zq7vyvb5bbt3,ok
,Mizuno,Monarcida Neo III Select AG,,01jygsr1p6gmpr2jmzga8n6n2b,ok
,Snjór,Frøx Thermofleece Pant (W),,01h6zxbjfmys63b6ejt44b87cf,ok
,Heldre,Otra Vinterbukse,,01h6zxbh1axmsq2mdgpwrq6943,ok
,Sway,Munchen Seamless wool M,,01h6zxbe19yjmz7bbb2aj9cv33,ok
,Kari Traa,KT JANNI HIGH WAIST TIGHTS,,01h6zxbm1655smaj90872frj39,ok
,Graffiti,Bukan L/S Tee,,01h6zxbe1q3vj8zan12e60sp7n,ok
,Endurance,Floweena W Seamless Strappy Bra,,01h6zxbm12gx3j4fe77t6rhvfm,ok
,Mizuno,Wave Ibuki 4 GTX,,01h6zxbmsw5ydt744pbtefbtap,ok
,LMNTS,Ski boot bag,,01h6zxbecvfttfsjea8fk9pv03,ok
,Ox,Vektstativ,,01h6zxbkmnc36x8nprmespf8zq,ok
,Outdoor Research,OR Women's Panorama Point Trench,,01h6zxbecybz0f7308308q6ecx,ok
,Tiny Trolls of Norway,Hurlumhei Bukse,,01h6zxbj3yna7ez42x9zt0jndx,ok
,Sway,Stockholm løpelue,,01h6zxbdqcnwpkgj8ph3f9bsa7,ok
,Ox,OX Hamar Sit Up Bench,,01h6zxbkmpakkrr95re7hwvfk5,ok
,Endurance,Littono M Tights,,01h6zxbm11pn7zy48yjjyt3kd3,ok
,Heldre,Torefjell Capri - Herre,,01h6zxbhsrvqz3fhe92fpvt7v2,ok
,Outdoor Research,Crocodile GTX® Gaiters,,01h6zxbmt487r8gjbca0zvxg0z,ok
,Zamberlan,152 YEREN LOW GTX RR,,01h6zxbdp78as316g198chyz9g,ok
,Zamberlan,162 New Steens GTX RR,,01h6zxbdd7q59p7zzhehjkaqav,ok
,Heldre,Marvik 40-45,,01hnmfw3zr4sk65dtasdn1cd6s,ok
,Endurance,Patricko M Sweat Short Pant,,01h6zxbj4nfnz78cm365057a2c,ok
,Snjór,Fenris Thermofleece Sweater (M),,01h6zxbjfmys63b6ejt44b87cc,ok
,Puma,Merchant sweatpant G,,01h6zxbms5xxmdjs6jbmvssxwe,ok
,2XU,Running Beanie,,01h6zxbd3tj10xsdym6zb08pbp,ok
,LMNTS,Alex Sykkelhjelm,,01h6zxbd3xmez9nrjp74rbq6ms,ok
,CMP,CMP Unisex Gaiter,,01h6zxbmd2199fa491we6a3t5b,ok
,Snjór,Val Thorens 2-lags HZ M,,01h6zxbhc5dhmsqmq8bg66qhcx,ok
,Stump,Vestle 41-46,,01hrs9k76ym5eff8yzyeh1p5j4,ok
,Dunlop,Dunlop TB Match Padel 3Pet,,01hfp0e44a3jxcgwewszgjaztw,ok
,Heldre,Heldre Løv Neckwarmer,,01h6zxbjfhhyr7arf1t895jaxh,ok
,Endurance,Annabelle W Tee,,01h6zxbgcnv0934xn4k79bv741,ok
,Endurance,Hopfen Logo Wide Wristband 2-pack,,01h6zxbjwd817yvj6xvgbm7rvk,ok
,Kinetic,Smoker Metal with 2 burners 42x26x12cm,,01h6zxbcgxh8ry2fwpb4jjdn0y,ok
,pyttpytt,Slaps 36-39,,01h6zxbkkncg3zxjdymrw08kw7,ok
,Endurance,Gym ball 55 CM,,01h6zxbdc79f0fb9dgd4f50shc,ok
,Mitchi,Karoline top,,01h6zxbk85h3k6r4vjz37cxjcs,ok
,Endurance,Torent Reflective Long Compression Running Sock,,01hbdpj10g9yxe1xaj38b0cjvc,ok
,Zamberlan,124 INTREPID GTX RR (41-47),,01h6zxbhcnnzeb1sx3z4jvbqxm,ok
,Tiny Trolls of Norway,Rainyday varm 28-30,,01jk5myd4rc6k0e30w4e0mt8bh,ok
,Storm,Down Wash 300ml,,01h6zxbg166c5qfwwqhxj7nzdb,ok
,Snjór,Jostedal ullgenser rund hals,,01h6zxbjft8vspfxm61b9rnqr7,ok
,Diadora,Mythos Blushield 7 Vortice Hip - Herre,,01h6zxbm0d9w7dzsf70j2s3hj9,ok
,Hummel,hmlMOVER Cotton Sweatshirt,,01h6zxbmspe9cmv00apvnap614,ok
,LMNTS,Basketball ring med nett,,01h6zxbdct7cqnjrj8fw43veep,ok
,Endurance,Dailin W XCS Set,,01h6zxbec5z87dm57hde9nnsda,ok
,Kinetic,Kinetic Sort Krok 3-pack,,01h6zxbk7aztvrcpq7xz28dnmj,ok
,Elan,Waveflex Magic 12 PS,,01h6zxbec363jn4d2gvnccwt3s,ok
,Sway,Midjeveske LED,,01h6zxbmtgffzxjrccv6x0gxxv,ok
,Tiny Trolls of Norway,Heisann jakke barn,,01hq3w9pq8sspb7kaggdkx3fy4,ok
,Heldre,Slumre pyjamasbukse jr,,01h6zxbhc5dhmsqmq8bg66qhcs,ok
,Outdoor Research,Hemispheres GTX® Jacket - Dame,,01h6zxbe2114zvh216g9cvbwqm,ok
,Ox,Rack til Justerbar Manual PRO,,01jyk5chxaba73pxy2010fvjzj,ok
,Snjór,Val Thorens Jacket Jr,,01h6zxbh22k8qtn7dccse47zdr,ok
,pyttpytt,Øspøs Sydvest junior,,01h6zxbfqbm110zhjbfcp4gdj4,ok
,Heldre,Heldre Otra winter pant (Kids),,01h6zxbjfsw785fng5qr5s61qk,ok
,Sway,Blefjell Pannebånd,,01h6zxbec45bpy1n49ssjxfg9e,ok
,Snjór,Hill fleecegenser - Dame,,01j297a7f02mr370gxx2hn6wqw,ok
,Cruz,Russels M SS T-Shirt,,01h6zxbmsagwv3160c7gtgwcjx,ok
,Mitchi,Mitchi Emma Jacket W,,01h6zxbj483qwmp2dyspvh4bcv,ok
,Outdoor Research,OR Women's Interstellar Jacket  (EU),,01h6zxbecybz0f7308308q6ed1,ok
,CrazySafety,Leopard Bicycle Helmet,,01k2d4e938r052a43gsartnc9w,ok
,Endurance,Endurance Warm Support,,01jy6mhk53cc0xd9r3nthac7kd,ok
,Evon,Evon Kodelås 8x65,,01h6zxbg1fma71tyc825pdb369,ok
,Mizuno,Wave Stream 2 Men,,01h6zxbhd9mw5kex2nrzfe4s92,ok
,DO2,Grimstad Trøye SS,,01jy0zf0rxpb6ffcap9hpm06pa,ok
,Graffiti,Tore S/S Tee,,01h6zxbj4v8nt89etmf8fh0p5v,ok
,Tiny Trolls of Norway,Pippa 22-28,,01jk5frfhsq97wbtjjw9nz383a,ok
,Bula,Ollie Beanie JR,,01jjy6hyxzda4nqfy57r48mk6v,ok
,Heldre,Lofthus 2 turbukse - Junior,,01h6zxbhsk3b00vc77957h67mt,ok
,S.O.L.,Bergen,,01h6zxbk8kq4h7ykhv9w2141hy,ok
,Snjór,Val Thorens Jacket W,,01h6zxbh22k8qtn7dccse47zdp,ok
,CrazySafety,Crocodile Bicycle Helmet,,01k2d4wcqr6y1kzsah922z9h5z,ok
,Vikafjell,Polle parkdress barn,,01h6zxbm0kcm62a6ntarq8stvc,ok
,Graffiti,Tinpak Girls S/S Tee,,01h6zxbgcqgca6jmcs3acq4c9p,ok
,Tufte,W Robin Pattern Sweater,,01j8hd39dsmcy1xekd06ts2m6e,ok
,Snjór,Lifjell fleecehals,,01k3njr7c1403gnwg41n79nmh9,ok
,Daniel Franck,Alpha LS CB Bukse,,01h6zxbecsfqcjv35r0g69983n,ok
,Vikafjell,Marken BIB skallbukse - Herre,,01h6zxbjg6zfks4r7kr9z7ak6p,ok
,Endurance,Duria M Jacket,,01h6zxbhct0r7zm9rrbxtz6t6y,ok
,Daniel Franck,Alpha Vattert Parka H,,01hkq5f3kgbqen41dxr8yadcj6,ok
,Ox,OX Sissy Squat,,01h6zxbkmfgr42y8z13hf9kgg2,ok
,Outdoor Research,Flurry Mitts - Dame,,01h6zxbdd6rja16j6tdprwb7rh,ok
,Kinetic,Fillet Knife 6,,01h6zxbc5e1df276ry19s8p2p9,ok
,Endurance,Anneyall Yoga Mat,,01h6zxbjwenkns07526vgx64sk,ok
,Bula,BASIC SINGLET,,01h6zxbdqg7t7v9meask9mfgpn,ok
,Vertical,Josefina W Functional Ski Jacket W-PRO 10000,,01h6zxbkzzxh99pkree356yh14,ok
,Kinetic,"Torskepilken Mix 75g, 100g, 150g, 200g, 250g",,01h6zxbe15djsayebce918yvd8,ok
,Cruz,Hulu W S-S Tee,,01h6zxbj4jp9v4f6hpjnggrhsp,ok
,Kote,Fundin icepigg 42-46,,01h6zxbm0aw3vdnm0m3rvdr09q,ok
,Bula,JR 2PK WOOL SOCK,,01h6zxbgnx4pkmmaf591p4wpax,ok
,Outdoor Research,Vigor Grid Fleece Bottoms - Herre,,01h6zxbmt59hqdcymbkxewynxm,ok
,Kote,Haukeli 41-46,,01h6zxbmc61bkq21wy33fxnsx7,ok
,Lotto,BL FB 905 VI,,01h6zxbmtdxm25a6ztvte4rezr,ok
,Outdoor Research,Ferrosi Hybrid Gaiters,,01h6zxbmt487r8gjbca0zvxg10,ok
,DO2,Ardiden Vindvest Dame,,01jy3jm4qp02p35jxsj7hcccpg,ok
,Graffiti,Ketar Kids Cork Sandals,,01h6zxbgcqgca6jmcs3acq4c9w,ok
,Vertical,Downan W Jacket W-Pro 10000,,01h6zxbm0ys2xs1zbjc8t0t9rm,ok
,Graffiti,Contee Melange Shorts,,01h6zxbgcpw8rt2yyp37tgay4p,ok
,Endurance,Paulo M Jacket,,01h6zxbhct0r7zm9rrbxtz6t70,ok
,Kinetic,Fantastica CC 9 XH 20-60g 2sec,,01h6zxbjv9b6sqvthn14vt9ga3,ok
,Endurance,Hangdon M Trainning Shoe WP (41-46),,01h6zxbkzqb2fweaf938aa3sjm,ok
,Graffiti,Rubiana Parka W-PRO 5000,,01h6zxbmsagwv3160c7gtgwck0,ok
,Champion,Champion Hooded Sweatshirt JR,,01h6zxbn4hw2zjwbpheqvbwytb,ok
,Storm,Wash In Cleaner 1L,,01h6zxbhcjkb0ab071q0g2f81y,ok
,Lars Monsen,Bymarka Allround 1000 Hodelykt,,01h6zxbkmpakkrr95re7hwvfk8,ok
,Tiny Trolls of Norway,Nattergal neopren støvel (22-28),,01h6zxbjvxd75pfw609ft2k58f,ok
,Primus,"TrailBottle 0,5L Vacuum",,01hdqwyc1hw8hja8w6dfwppzdv,ok
,Berghaus,Hillwalker pant ,,01h6zxbdd7q59p7zzhehjkaqb0,ok
,Endurance,Yarol W 2-in-1 Shorts,,01h6zxbmsagwv3160c7gtgwcjn,ok
,Endurance,Coppi Cycling Helmet,,01jsnwz30gy0g54w7a0ganah7e,ok
,Vertical,Amaretton W Long Puffer Vest,,01j5b09hem0ph6wgrtnrvafbdj,ok
,DO2,Grimstad Bib-shorts,,01jy15tw6a5778hfdzc455vz4p,ok
,Stump,Raka Winterboot 31-39,,01h6zxbmt1vefcm78c10c2x32s,ok
,Vikafjell,Oslo Singel pk 39-46,,01h6zxbmcj7eh6dqyc1zjkfsgt,ok
,Vertical,Milliena Jr Tights,,01h6zxbm0zjgzz61rdnpht7s2b,ok
,Asics,TIGHT W,,01h6zxbcgg4s8q8cy3b02w0a21,ok
,Tiny Trolls of Norway,Nattergal neopren støvel (29-35),,01h6zxbjvxd75pfw609ft2k58g,ok
,DO2,Ardiden Vindjakke Dame,,01jyge30dw83vaxd12qjktztdg,ok
,Kinetic,Fishing Knife 4,,01h6zxbjvscsc3bggybq8mqwzh,ok
,Outdoor Research,Trail Mix Beanie,,01heq6jxat61ddadmtxjsz488k,ok
,Champion,Hooded Full Zip Sweatshirt,,01hpkkb9bqm93y9f35hyyp8mhy,ok
,Kinetic,PowerCore CC 6'6 P10 30-50lbs / 200-600g 2sec,,01h6zxbk78fze63keyca7e47ab,ok
,Tiny Trolls of Norway,Fant boxer 2pk,,01h6zxbmsf9831bvw7fv53m52j,ok
,Heldre,Falkeriset Pant W,,01h6zxbj4133pr2w516qvtd6y8,ok
,Endurance,Wayne W Compression L/S,,01h6zxbc4chyhg15a9jcrxh234,ok
,Champion,Crewneck sweatshirt JR,,01hpkqk1cjag28apns3rajydfq,ok
,Kinetic,Kinetic Fillet Knife 6,,01h6zxbhs2gjakgstqz1v11sb7,ok
,Bjørn Borg,T1050 Tennis Mid,,01hzmk47pn3j3mg77gadcczgr7,ok
,Heldre,Reykjavik dunjakke W,,01h6zxbebxrgmbvrk5c6ht8g23,ok
,Endurance,Korrlu W Melange S-S Tee,,01h6zxbkzp70t7tr06xgkd18b7,ok
,Heldre,Breidablikk hanske,,01h6zxbkm06s1axfrvp24k4tc5,ok
,Vikafjell,Parken Vattert Parkdress Barn,,01jkdvf92zngm014gnyzd9x3d4,ok
,Northug,Bike crew sock text,,01jhq7grh99j6g0df7h0d7hq22,ok
,Endurance,Gwin MTB Helmet,,01h6zxbmtgffzxjrccv6x0gxxk,ok
,Sway,Dural 30-39,,01h6zxbmcr7j7x0yzt1gp9f32e,ok
,Cruz,Miguelen M Printed SS T-Shirt,,01h6zxbmsagwv3160c7gtgwcjw,ok
,Kinetic,"Torskepilken Mix 75g, 100g, 150g, 200g, 250g",,01h6zxbe15djsayebce918yvd7,ok
,Snjór,Fernie powerstretch jacket (W),,01h6zxbjfv2zmf8r1dtx9rvs6g,ok
,Outdoor Research,Versaliner Sensor Gloves - Dame,,01h6zxbmcvajye5qrthp4zrb1d,ok
,Alpina,Beito mid,,01h6zxbe16s0peyz0ej2mfsg6n,ok
,Endurance,Shosea Jr. Seamless Tights,,01h6zxbmsagwv3160c7gtgwcjh,ok
,Vossatassar,Uffe Cotton Beanie,,01h6zxbhr1x8tf5b0nkgvmj3v7,ok
,Puma,Ess Logo Lab Tee B,,01h6zxbmtba1k6vym0qhbfw9xs,ok
,Tiny Trolls of Norway,Gullfuglen lue og hals,,01h6zxbkm38fbwx2vhswe5h2me,ok
,Tiny Trolls of Norway,Sjøtrollet Gummistøvel (29-35),,01h6zxbhsdz3c3kg7xvnwjdbbq,ok
,Heldre,Besso Ull T-skjorte - Junior,,01h6zxbk8hs5b5936m0bv355z3,ok
,Ox,OX Padel racket bag,,01h6zxbmcxqz6g2gd1znr246cc,ok
,Mizuno,Wave Ibuki 3 Trail,,01h6zxbjv7j0pb9y5tcje24v8y,ok
,Asics,SD Fitted Knit Pant,,01h6zxbjfjahgzrra080dwrqy4,ok
,Vikafjell,Glomma Turbukse - Herre,,01h6zxbhc5dhmsqmq8bg66qhd1,ok
,Endurance,Clynen W Sweat Pants,,01h6zxbe1k84svqf0v4ejxp89t,ok
,Athlecia,Franz W Shorts,,01h6zxbgnkdwp5m6g8pmr6tvgg,ok
,Alien,Oscar skibrille,,01j28zpv212y5cpkq35thykwnv,ok
,Nike,SPIDERBACK ONE PIECE,,01hqnahep0asfmh8npzvb1hyx1,ok
,Vikafjell,Odda Anorakk W,,01h6zxbecjvanhc25jpr5rt1p9,ok
,Vikafjell,Marken vattert skalldress - Junior,,01h6zxbkmdf3mm1f6vd11xvgk3,ok
,CrazySafety,Rampage Flower Bicycle Helmet,,01k2efacpg9eaka1vf4n7jzes7,ok
,Endurance,Wallone Urban Cycling Helmet,,01h6zxbjvba4hk8s6tbt95r48v,ok
,Vertical,Kotokoa W Beanie Hat,,01h6zxbmtaxe1g08qzsvd1ngzw,ok
,Rhapsody,Callao M Casual Shoe,,01h6zxbe1r5yg22n05mh9ac0w0,ok
,S.O.L.,Houston Silver,,01h6zxbk8kq4h7ykhv9w2141hx,ok
,Outdoor Research,OR Women's Optimizer Jacket,,01h6zxbe291ej7qr0k97v0fvr8,ok
,Treksta,CAPE LACE MID GTX 36-46,,01h6zxbe1ywq1ded1723p48g9v,ok
,Outdoor Research,Ferrosi Thru Gaiters,,01h6zxbmtn5ax7n4avapbq786h,ok
,Vikafjell,Parken Multi Vattert Parkdress Barn,,01jkdtveja6eq30jwsmgm9vnpv,ok
,CrazySafety,Tiger Bicycle Helmet,,01k2d3kn23ge3qdwz4m5fngawy,ok
,Stump,Vermo Boot,,01h6zxbgq2krdekcp1mtt0q4b8,ok
,Endurance,Reittana W Hot Fused Hybrid Vest,,01h6zxbkmwwmt2btxd12avthv7,ok
,Northug,Raggsock,,01jhqa8e8ndptecnx3vmh2yerd,ok
,Bjørn Borg,T1400 HGH TMP M 40-46,,01h6zxbjfbnr3yrpg6fct4vqw7,ok
,Graffiti,Peision Kids Shoe W/lights 28-35,,01h6zxbj5nnmczaw0fqbr8ksh6,ok
,Sway,Allroad Fritidssko W,,01h6zxbed6rmx64sd0m5d14vvq,ok
,Vikafjell,Kvitebekk skallbukse - Dame,,01h6zxbgqd9q1sf9rpmt3k7ymy,ok
,Outdoor Research,Vigor Grid Fleece Bottoms - Dame,,01h6zxbmt59hqdcymbkxewynxp,ok
,Endurance,Zlandon M Outdoor Shoe WP,,01h6zxbmd8cann191edtah8nr9,ok
,Graffiti,Tayloro Ski Jacket W-PRO 15000,,01h6zxbkzyb3evfwdvdxbjaavt,ok
,Snjór,Frøx Thermofleece Sweater (W),,01h6zxbjfmys63b6ejt44b87ce,ok
,Vikafjell,Vikafjell Bavallen Genser,,01h6zxbh0f291ytnh0n2yg02cr,ok
,Vikafjell,Kvandalen bukse,,01h6zxbkmb1z0s01jgjd4pjhgw,ok
,Daniel Franck,Djerv Shorts Herre,,01h6zxbjw6swbsvd7yhyftfkgy,ok
,Ox,Active Run 18,,01jrhs4m2ym1zx2yhr698ejnc3,ok
,Outdoor Research,Helium Down Hoodie - Dame,,01h6zxbmt487r8gjbca0zvxg0y,ok
,Puma,Ess logo lab AOP tee G,,01h6zxbms4tv90a65xa46mbzbc,ok
,Ergobio,Lugger 40-45,,01h6zxbmcsm0jmc9ka2ky2n5em,ok
,Vertical,Linjoena Melange Hat,,01h6zxbjfmys63b6ejt44b87c8,ok
,Heldre,Hamione 36-42,,01jkb0a6bv8sja3qnxy0mpkmww,ok
,Champion,Hooded Sweatshirt JR,,01hpkm4vejjvy0kakd459dcvj7,ok
,Treksta,Fresh 3.0 GTX Surround,,01h6zxbe23wybpab5bw3v8jr6q,ok
,North Pro,Hiker tee,,01h6zxbmsgrxsbgcez9k6ssh3f,ok
,pyttpytt,Grep Sjøstøvel,,01h6zxbkkmdjhmctzpyaj4kz4y,ok
,Staal,Fiks multiverktøy,,01h6zxbk88jck14nncs0wsspwq,ok
,Daniel Franck,Echo Rib Lue,,01h6zxbj577txr94a0gdz18601,ok
,Mizuno,Mizuno Wave Serene 2 (M),,01kssr6r8dstwcb06n11byp8ke,ok
,DO2,Grimstad Sokker,,01jz2ferqchd4h5atyg0ak3bd7,ok
,Vertical,Kariliana W Pro-Lite Jacket,,01h6zxbjfgnj1nh41redeyktrn,ok
,Zamberlan,132 Airound GTX RR,,01h6zxbectmyq67t1s5nxet5s1,ok
,North Pro,Nature Tee,,01h6zxbm0q2rg48g4rqderczrt,ok
,Bula,Dock Wool Beanie,,01h9fxa8d9302y6h58t1gvsqh6,ok
,Outdoor Research,Ear Band,,01h6zxbmt8sc452kmjrmrq0yfp,ok
,LMNTS,Jarle lommelykt,,01h6zxbmd1n9zbttsd7z2pez6d,ok
,Kote,Aksla 28-35,,01h6zxbm09bb7ncb8z02jf4aea,ok
,Endurance,Meiyana Yoga Bag,,01h6zxbm12gx3j4fe77t6rhvfj,ok
,Sway,Østmarka hanske,,01h6zxbec45bpy1n49ssjxfg9f,ok
,Eska,SK Merino Hanske,,01h6zxbkzth2f7nybrw5c6tctt,ok
,Stump,Ento vintersko 40-46,,01h6zxbmt1vefcm78c10c2x32y,ok
,LMNTS,Vancouver hanske - Junior,,01h6zxbdq80nnxzqnymacycnzm,ok
,Hummel,hmlMOVER COTTON BEE T-SHIRT S/S W,,01h6zxbm0cz0gkt0pch5rhqrmw,ok
,Stump,Hela 36-41,,01hq5v3wm0cpmpy454mmgfe6yh,ok
,Tiny Trolls of Norway,Heisann bukse barn,,01hq3wh8bzrxeqnp8apbk1a6k0,ok
,Vertical,Athenree W Jacket W-GUARD 5000,,01h6zxbe1s8m7ckgka40sharyv,ok
,Vikafjell,Toronto hanske,,01h6zxbmtk28za5y408engrr6d,ok
,Endurance,Air M 2-in-1 Lightweight Shorts,,01h6zxbmsagwv3160c7gtgwcjk,ok
,Diadora,Strada - Herre,,01h6zxbn4n8k72mvb2m03jas4d,ok
,Heldre,Reykjavik Dunjakke,,01h6zxbebxrgmbvrk5c6ht8g24,ok
,Cruz,Melton M S/S Polo,,01h6zxbj4ty44kc4bgb08ke3ez,ok
,Primus,"Vacuum Bottle 0,75L",,01hq7wf1evmkhj5kjbvgg5n9xb,ok
,Mizuno,MORELIA NEO IV PRO AG(U),,01kh5vkf2ke7h5nehcw9egmn1h,ok
,Sway,Roma Windbreaker (M),,01h6zxbhc8d44bagn2y1ksqk81,ok
,Silva,Cross Trail 7R,,01jm1w276xr352s7aznm5nntwr,ok
,Endurance,Vernon M Performance S/S Tee,,01h6zxbeqwsy68w18x169t7jad,ok
,Graffiti,Keen Warm Neck Warmer,,01hnj0ppe25s62ca3yfxvgnzw0,ok
,Endurance,Gracee W Lite Shoes,,01h6zxbgcmm3gkqbqysj9v9x53,ok
,Asics,PACKABLE JACKET,,01h6zxbfqgejd6q9pgmyfetx7j,ok
,LMNTS,Kodelås - Spiral - 8x65cm,,01h6zxbddd1dqn7npy3cn0fz72,ok
,Kari Traa,Louise Fleece Tube,,01jkgc42fsdqqw1q0m2kczg2sk,ok
,Endurance,Hernandon Sports Glass,,01h6zxbms92e3rkp8y7g6pft6k,ok
,Graffiti,Brisanon Kids Lite Shoe W/lights,,01h6zxbmd9h4q09mjcm815hnwp,ok
,Primus,"Vacuum Bottle 0,35L",,01hq7v7ab97pr89933ch1w7e6r,ok
,Diadora,Mythos Volo 3 W ACBC,,01hw276vvz4y3scybghzxxq589,ok
,Heldre,Brinken 41-45,,01hq0mprz7sq51xva5z61cr0cq,ok
,Graffiti,Luhka Kids Shoes,,01h6zxbgcqgca6jmcs3acq4c9x,ok
,Graffiti,Koming SS Tee,,01h6zxbgcqgca6jmcs3acq4c9m,ok
,Kinetic,Kinetic Neoprene Glove,,01h6zxbmdrdd8939k2a1v8nd5q,ok
,Vikafjell,Ulven Heldress Barn,,01h6zxbe1vf9paysvjwh4h9ykq,ok
,Famme,Stamina T-Shirt,,01h6zxbm0vqv19xd5bynwn5ha7,ok
,Stump,Velpe 40-46,,01hq5sdppr04w1hm8gwgn4890j,ok
,Puma,Active woven pant M,,01h6zxbmc5whta7egvajhtvtdd,ok
,Heldre,Herd (40-46),,01h6zxbgq0anc96jwz86p53cpp,ok
,Cruz,St. Georges W Canvas,,01h6zxbe1fr793xrkr1gy6rarr,ok
,Snjór,Fenris Thermofleece Pant (M),,01h6zxbjfmys63b6ejt44b87cd,ok
,Endurance,Seyna W Waist Tights,,01jdmt418vsr283me34d3b1cxb,ok
,Kinetic,Split Shot Lead Sinkers Assortment,,01h6zxbk7aztvrcpq7xz28dnmw,ok
,Famme,Famme BOP Tights,,01h6zxbm08549bcgah4v3tvdeh,ok
,Raidlight,Raidlight Revolutiv 2.0 W,,01h6zxbmtcd1ns617bxkqy2adb,ok
,Bula,Ski Headband,,01h9fdn0gf0brkzy29mhet387d,ok
,Tufte,Tufte Jacket,,01h6zxbed3nkcmmfqsyxhmqwkt,ok
,Heldre,Myrdal ull longs - Dame,,01hv8gyy5ht2fsmbyzt4xrqpzd,ok
,S.O.L.,Ibiza,,01h6zxbk8kq4h7ykhv9w2141hr,ok
,Vertical,Flanneli M Checked Shirt,,01h6zxbjwkpnb2aftc6y6f4fx9,ok
,Sway,Sway Shiny 24-30,,01h6zxbhshbagpt4qef4b55wtw,ok
,Mitchi,Lina tights,,01h6zxbmcj7eh6dqyc1zjkfsgq,ok
,LMNTS,LMNTS T-shirt Man,,01h6zxbctg4xar1eba803rbc0a,ok
,Heldre,"Vidden termos 0,75L",,01h6zxbdqqt4ctqxazzg2fq8fg,ok
,Heldre,Reykjavik Jakke Kids,,01h6zxbh13zdqtfbqjcncn09jj,ok
,Northug,Tempo racing glove wmn,,01j979f1hkck64ftt6c5y9j8k1,ok
,Treksta,Cobra X GTX,,01hcchygvx4aexgtme9cnc9r3w,ok
,Cruz,Sherry W Shoe,,01h6zxbe1gd84azjtn220nyaqr,ok
,Outdoor Research,Women's Headwall GTX 3L Jacket,,01jk810svnce4g2pfccf29drrs,ok
,Endurance,Streato M Sweat Pant,,01h6zxbj4skv7w8zyxnbf6h87b,ok
,Stump,Hett 40-46,,01hps6rzk29863k7dgthbnavw9,ok
,Move Mountains,ANE Women Tøffel,,01h6zxbe2bpqdsm7ywar9a25ca,ok
,Nike,SPIDERBACK ONE PIECE jr,,01hqnfd372bttnz03nk5hafb5g,ok
,Norge Serien,Norge skjerf,,01jj6yeqdzd9b9ct0cegq55rkn,ok
,Heldre,Besso Ull T-skjorte - Barn,,01h6zxbk8hs5b5936m0bv355z4,ok
,S.O.L.,Montenegro,,01h6zxbk8kq4h7ykhv9w2141hs,ok
,Nug,Nug Tulum (28-35),,01h6zxbhsk3b00vc77957h67mp,ok
,Craft,Charge SS RN Tee W,,01h6zxbhc9wdah6f64zewsg23g,ok
,Mitchi,Dolly BH,,01h6zxbhc653k2rvg114tgg41c,ok
,Outdoor Research,Men's Sureshot Softshell Gloves,,01jk8417xw65k4sty53380z73g,ok
,Outdoor Research,Newhalem WINDSTOPPER Headband,,01jk830c4ewrqexg72e4egfh49,ok
,Bula,Bula College Crew,,01h6zxbeqkk1jgjc3v5rmjkdht,ok
,Vikafjell,Oslo 2pk W,,01h6zxbdqbnd1pk0jx02re0zm8,ok
,Tiny Trolls of Norway,Lillebukken Balaklava,,01hr7780xr0jxgva0tcz1b40r3,ok
,Outdoor Research,Vigor Grid Fleece Hoodie - Dame,,01h6zxbmt59hqdcymbkxewynxn,ok
,Yikun,Disc Golf Putter GUI - Dragon Line,,01jxyrca0qfh5wmanafmm57jwp,ok
,Endurance,Evolution Smart Watch Strap,,01h6zxbm1cdj5e6w0r1nn0qvh6,ok
,Cruz,Bellamon Forest M Boardshorts,,01h6zxbm0vqv19xd5bynwn5hac,ok
,Saucony,"SAUCONY EXCURSION TR16 GTX, W",,01j1m8sdd1c8rywg0wr3asf1ht,ok
,Endurance,Las M Sleeveless Tee,,01h6zxbmd3mqhp4a1c98ysd3xf,ok
,Zamberlan,332 Henriette GTX,,01h6zxbhcr51r9anc4d09xwt2c,ok
,Endurance,Cully W Running Jacket,,01h6zxbc4f5dkbra62xv603ter,ok
,CrazySafety,Tiger Bicycle Bell,,01kbmd17h9x9r4ef4mqvxag331,ok
,Endurance,Ventura W Long Windblock Tight XQL,,01h6zxbc46t02v0yp4ayapz200,ok
,Outdoor Research,OR Men's Axiom Jacket,,01h6zxbdd3vnjkvejgp89c71tj,ok
,Tiny Trolls of Norway,Vindtroll Overall,,01h6zxbj3yna7ez42x9zt0jndy,ok
,Primus,Primus Aeril Large,,01jra3s6p0ayjkqhdc2q9p8j7w,ok
,Champion,Champion Rib cuff pant,,01h6zxbn4f24hpbp8j67batfb0,ok
,Kinetic,Dominator Spin Combo 9' Up to 80g 2pcs,,01h6zxbc5b9ytg9z6dkx38n06c,ok
,LMNTS,Kalosjer,,01h6zxbmtma3wsj6djqm6pcaf4,ok
,Endurance,Selja W Hoody,,01h6zxbkzp70t7tr06xgkd18bc,ok
,Vikafjell,Vikafjell Varm lue,,01h6zxbjft8vspfxm61b9rnqrc,ok
,LMNTS,Rena vanntett tørrbag 12L,,01h6zxbcte4nwav53cvwwx9tnq,ok
,Zamberlan,Yeren Mid Gore-Tex®️ - Herre,,01h6zxbdp78as316g198chyz9e,ok
,Cruz,Kamine W Shorts,,01h6zxbjwj70te1kk9m7vdndgp,ok
,Nike,"5"" VOLLEY SHORT SOLID",,01hqndpzby9pnnccetwzvkys1x,ok
,Champion,Champion Rib Cuff Pants W,,01h6zxbn4hw2zjwbpheqvbwyt8,ok
,Stump,Rate Skolett,,01h6zxbgq2krdekcp1mtt0q4b9,ok
,Outdoor Research,Methow Pants - Dame,,01h6zxbmcvajye5qrthp4zrb1m,ok
,Endurance,Suriga W Loose Fit SS Tee,,01h6zxbgcpw8rt2yyp37tgay4d,ok
,Ox,OX Darwin Elliptical Trainer,,01h6zxbm00jvnc9hkgy59p46mr,ok
,Whistler,Muskuan W Goodyear Shoe WP,,01h6zxbkzry80d40w7fapm0f8n,ok
,Treksta,Alta Zero GTX,,01h6zxbe24eeh15rx7q4ffznp1,ok
,Vertical,Minsertus M Boot size 41-46,,01j6h0arrqknbcwpk7mqm2jj9b,ok
,Outdoor Research,OR Men's Verglas Gaiters,,01h6zxbe204mn5nr02a3d47xxg,ok
,GUPPY,Dagni tee kids,,01h6zxbmsf9831bvw7fv53m52f,ok
,Vikafjell,Toppane Vattert skalljakke Jr,,01jktepgrqgpfmgs4qjfranbke,ok
,Diadora,Falcon 3 babysko,,01h6zxbms4tv90a65xa46mbzax,ok
,Lars Monsen,Namsen Duffelbag 40L,,01h6zxbm1adn1fyh23ehve3jy0,ok
,Outdoor Research,OR Women's Sonata Hooded Down Jacket,,01h6zxbdd46t95hqe8fzhkptfs,ok
,LMNTS,Holke Brodder,,01h6zxbk83dvfac3nj6zazd78e,ok
,Tiny Trolls of Norway,Stubben II 21-30,,01jk84a76hfcgz00rz5x89evhc,ok
,Endurance,Fairter W Sweat pants,,01h6zxbe1m2a1hw4b59b3n2e66,ok
,Cruz,Ciudadde M Canvas Shoe,,01h6zxbdcgeze9vey5v5hfe2fj,ok
,Heldre,Kose tøffel 22-32,,01h6zxbkkmdjhmctzpyaj4kz4v,ok
,Heldre,Hovden Fjellstrømpe (35-42),,01h6zxbk7aztvrcpq7xz28dnn1,ok
,LMNTS,Vaskenett for sokker,,01h6zxbk7k5ede4f52wzkq6kd9,ok
,Vikafjell,Storslett Thinsulate jakke,,01h6zxbkmceg2ssccm2avdmvzm,ok
,Heldre,Rjukan mid 36-41,,01h6zxbmt1vefcm78c10c2x32n,ok
,Endurance,Niaga W Waffle Midlayer,,01h6zxbhct0r7zm9rrbxtz6t6t,ok
,Endurance,Cislan Unisex Running Headband,,01h6zxbjwenkns07526vgx64sh,ok
,Kinetic,Beaster CT 6' Tele ML 3-15g 7sec,,01h6zxbk77731b23axs3mpsdwv,ok
,Endurance,Maloney W Seamless Bra,,01jdmts9ekfra76mqs78v3qe50,ok
,Endurance,Pilta W Windblock Vest,,01h6zxbkmwwmt2btxd12avthv1,ok
,Heldre,Røros varmehansker,,01h6zxbm08549bcgah4v3tvdeq,ok
,CMP,Man Jacket,,01h6zxbkzxhjtdqnad12mp16vx,ok
,Snjór,Aspen skidress - Dame,,01h6zxbmc61bkq21wy33fxnsxb,ok
,Endurance,Midan M Hot Fused Hybrid Vest,,01h6zxbm1b8d6yn1pbzq2d2g6e,ok
,Tufte,Head & Tip Giftbox W,,01h6zxbkkdznbrccr6p5511ppb,ok
,Craft,Adv Essence Warm Jacket W,,01h6zxbmt487r8gjbca0zvxg0r,ok
,CrazySafety,Cool Spots Bicycle Helmet,,01k2eevthzcmfpnamqbks2wrr2,ok
,Endurance,Cave Ultra Thin Armband for I-Phone,,01h6zxbc4q29ewr41qjybt4sqp,ok
,Vikafjell,Bakkane Vattert Skalljakke Jr,,01jktgkn1gc5kjmvra532pqa20,ok
,Vikafjell,Smauet vårjakke,,01h6zxbk8a2dj6gv6z2t8ytges,ok
,Vertical,Zadiena W Long Softshell Jacket W-PRO 8000,,01h6zxbjfk7mvz2ah5gndp28vw,ok
,Endurance,Victorville M Long Run Tight XQL,,01h6zxbc46t02v0yp4ayapz1zp,ok
,Endurance,Marion Hat,,01h6zxbec45bpy1n49ssjxfg9v,ok
,Salming,Trail T4 Shoe Women,,01h6zxbhrxj96356nj0hvfshhh,ok
,Outdoor Research,Foray GTX® Jacket - Herre,,01h6zxbe204mn5nr02a3d47xx6,ok
,Endurance,Vivaya W S/S Tee,,01h6zxbn4ty3ry048qdy13c7yk,ok
,S.O.L.,Chamonix,,01h6zxbk8m5hv5v3x7sd6z358q,ok
,Hummel,BASIC 3-PACK SOCK,,01h6zxbf2sd936fk735rq6zta8,ok
,Snjór,Peca dunkåpe  dame,,01h6zxbmcp59r1xymn45mjnde6,ok
,Vossatassar,VT HUE,,01h6zxbe1xkrkwbtv5f2d93sxh,ok
,Vertical,Mazezon M LayerTech Ski Pants W-PRO 15000,,01h6zxbmtba1k6vym0qhbfw9xm,ok
,Kari Traa,RAUNDALEN L JACKET,,01h6zxbgctzs8wt3k0z6ge3z51,ok
,Tiny Trolls of Norway,Bolle Parkdress,,01hq5ckxa7960cqw2bx11nedpr,ok
,Heldre,Rauland Alpinstrømpe - Junior,,01h6zxbhckmvwvb183mh85yyb7,ok
,Vikafjell,Marken skalldress - Herre,,01h6zxbkmdf3mm1f6vd11xvgk0,ok
,Endurance,Setia W Lite Shoes,,01h6zxbgcmm3gkqbqysj9v9x54,ok
,Endurance,Gurla Jr. S/S Melange Tee,,01h6zxbjwf4899v3qt86mx032k,ok
,Graffiti,Colmor knit hat,,01h6zxbhcwh44d2tfx8aynx3xm,ok
,Kinetic,"Fiskeharpe Tyttebærkrok 100m 0,80mm 250g",,01h6zxbk7aztvrcpq7xz28dnmm,ok
,Ox,OX Hobart Magnetsykkel,,01h6zxbm00jvnc9hkgy59p46ms,ok
,Outdoor Research,Stormtracker Sensor Gloves - Herre,,01h6zxbmctez9a2f08853x0evn,ok
,Move Mountains,Rebel,,01h6zxbdd9jxw5phfdvz5cf6mv,ok
,Tiny Trolls of Norway,Sjøtrollet Gummistøvel (22-28),,01h6zxbhsdz3c3kg7xvnwjdbbp,ok
,CrazySafety,Rampage Bicycle Helmet,,01k2efhs5ss38dyb4w7d62whzj,ok
,La Stelle,Ravenna 36-42,,01jjkbnb1f06vzd9m6htj2fhpv,ok
,Mitchi,Oxford genser - rund hals,,01h6zxbm0703cbqjyjtxyn04j4,ok
,Vertical,Plicon Unisex Beanie,,01j5sxdg28gcj44bch20qkrvpj,ok
,Endurance,Jennie W Sports Bra,,01h6zxbgcpw8rt2yyp37tgay4b,ok
,Kinetic,Fishing Knife 4 Display,,01h6zxbc5e1df276ry19s8p2p8,ok
,Sway,Reflekspakke barn,,01h6zxbecvfttfsjea8fk9pv08,ok
,Spirale,Kabi 18-27,,01h6zxbmteqhnrm4fgc8rgh8s7,ok
,Cruz,Valentinon M SS T-Shirt,,01h6zxbmsagwv3160c7gtgwcjv,ok
,Heldre,Skogen Turbukse - Barn,,01h6zxbh1hn5ya9w8sh8f0qcrp,ok
,Adidas,adidas Sport - Wipes - 15 pcs,,01hrpr6sbe2sj7eh541trfjtdv,ok
,Craft,Adv Charge Fuseknit Tights W,,01h6zxbjgydnxjbdz6a2pyb15y,ok
,Outdoor Research,Spitsbergen Beanie,,01h6zxbmcw35hh8pnc7wtpjaew,ok
,Stump,Heklo sporty boots,,01h6zxbkkx8p11qng9721y2vcw,ok
,Storm,Storm Wash in cleaner 1L,,01h6zxbctjbqj5g91b0qf035zs,ok
,Move Mountains,Bard skolett,,01h6zxbmcp59r1xymn45mjnddz,ok
,Mitchi,Marit tights,,01h6zxbm0gz76na53kc1w8m1a5,ok
,Heldre,Hamresanden Capri - Herre,,01h6zxbk84wqs10ex3vyz8hkn8,ok
,Vikafjell,Toronto vott dame,,01h6zxbmtk28za5y408engrr6c,ok
,Zamberlan,152 YEREN LOW GTX RR WNS,,01h6zxbdp78as316g198chyz9h,ok
,LMNTS,OTC Skisokk,,01h6zxbdcv7t17vy5cjjvqg765,ok
,Outdoor Research,OR Men's Skyward II Pant,,01h6zxbe2114zvh216g9cvbwqf,ok
,Cruz,Zave M AOP Tee,,01h6zxbj4v8nt89etmf8fh0p61,ok
,Endurance,Masako,,01hks5h5jskznn8jxw6j3s61d7,ok
,Move Mountains,UNIC  Men,,01h6zxbecm22b2at3a5kr5x729,ok
,Vossatassar,Monstercamo Fleece Beanie,,01h6zxbj4zd4d1y0jdgfzct7ge,ok
,Vertical,Palmdalena W Ski Jacket W-PRO 10000,,01j28ppwrzq29a90tjggaqjwf4,ok
,Virtus,Duvallon M Power Stretch Logo Hoody,,01h6zxbms92e3rkp8y7g6pft6e,ok
,Puma,Alpha Style Tee G,,01h6zxbkk679y0j7a9y86p0t26,ok
,Noodles,Rangrider,,01h6zxbkkpz911eqj2ktb7v5ny,ok
,Daniel Franck,Alpha Pannebånd,,01h6zxbj560sd3h5a7wbdp7e8d,ok
,Diadora,Mythos Blushield Vigore - Dame,,01h6zxbmcg0kqhegcmqnj4qc39,ok
,Kinetic,Kinetic Norske Silden 60g 4-pak,,01h6zxbc5d07q1p78hafqprgxw,ok
,Cruz,Mendle M Cargo Shorts,,01h6zxbk8jc16dywry21v92he1,ok
,Sway,Hipster Girl Pattern 2pk,,01h6zxbgq1wx9mb1ryr29wr7bw,ok
,North Pro,Olivia SS Tee,,01h6zxbn4xtawwne6j6wjpxmyt,ok
,Cruz,Harrodsburg M Cork Sandal,,01h6zxbcg8cm8zq3zzv4txv1zs,ok
,Tiny Trolls of Norway,Labbetuss sokker 3pk,,01h6zxbm0vqv19xd5bynwn5ha1,ok
,Longyear,Opera Merinoullsett - Junior,,01h6zxbh0h7thp7bgb3rrn3qhb,ok
,Ox,Fitness equipment mat,,01h6zxbkmm0fvkysvtmw0530th,ok
,Cruz,St. Georges W Canvas,,01h6zxbdcgeze9vey5v5hfe2fh,ok
,Endurance,Victorville M Long Windblock Tight XQL,,01h6zxbe1hpqnvy10gkvysb7e5,ok
,CrazySafety,Dragon Bicycle Helmet,,01k2d447dnvyc0mscgb2j3fnza,ok
,Alien,Delta skibrille - Barn,,01j28yv7zw5s8s1k4nbz55ratn,ok
,Stump,Krova,,01h6zxbgq3tz8pqpy040w5q0rs,ok
,Cruz,Shayne M Sweat Shorts,,01h6zxbgcjgmwvhm9d8gg0jmq7,ok
,Mitchi,Mitchi Janiche pant (W),,01h6zxbjfnzgeznm882gfqfcjv,ok
,Sway,Oxford joggedress - Barn,,01h6zxbdp0sa9ejmbqge8p93w4,ok
,Mizuno,Wave Revolt W,,01h6zxbj5abfwskpn0ye88z8fj,ok
,Whistler,Penpina W Goodyear Shoe WP 36-42,,01h6zxbjfeneamnrx1rh9t7b2p,ok
,Rhapsody,Alishi W Boots,,01h6zxbhcxxbztxksjrvwfe4md,ok
,Mitchi,Karoline leggings,,01h6zxbk85h3k6r4vjz37cxjcr,ok
,Cruz,Ando M Polo,,01h6zxbgcjgmwvhm9d8gg0jmq4,ok
,Endurance,Tech-Run W Performance Windblock Tights,,01h6zxbkzn6a3jd78pj4hqxagw,ok
,Staal,Rallar termos 1L,,01h6zxbk8qx255299d78vtbvvg,ok
,Rhapsody,Johongon M Mid-Cut Boots,,01h6zxbkzv49sqq38s1bv61x11,ok
,Outdoor Research,Hemispheres II GTX® Jacket - Herre,,01h6zxbmcw35hh8pnc7wtpjaf0,ok
,2XU,G:2 Engineered Knit S/S,,01h6zxbdcz7k6zqwcdmx1dc537,ok
,Johaug,Winter Training Mitten,,01hs0z9ke0kvpp0gbjc0s0xe44,ok
,Babolat,Babolat Padel Tour - Padel ball,,01h6zxbmcw35hh8pnc7wtpjafa,ok
,Mizuno,MONARCIDA NEO III SELECT Jr AS,,01k3rcf2q5ah5dnmprfhkmej16,ok
,Mizuno,MONARCIDA NEO III SCT Jr AS(C),,01kh5v4z4mzqvckzy2e6snr16v,ok
,Heldre,Finse tursekk 45L,,01h6zxbk8gm5c8p0mbk5za7rhd,ok
,Outdoor Research,OR Men's Ascendant Jacket,,01h6zxbdqkge7xq9erv0xx0rex,ok
,Saucony,Munchen 4 W,,01h6zxbjwpztdw6vkpbt43a2mg,ok
,Primus,Ignition Steel Large,,01jaq3wy7grmvc1rh1z9x752zd,ok
,Outdoor Research,Spitsbergen Beanie,,01h6zxbj46rekadztgr0kdbkq0,ok
,Ergobio,Teckliner low 41-46,,01h6zxbm0aw3vdnm0m3rvdr09w,ok
,2XU,Thermal Comp Tights-M,,01h6zxbcrv62rnam9j1bn3dwg0,ok
,Yikun,Disc Golf Mid-Range KANG - Dragon Line,,01jxyr3dg0qfa7bqd2vnfcsxyk,ok
,Graffiti,Aintama Kids Boot WP Size 28-39,,01h6zxbmt9bwfk21vprrhhp39b,ok
,Endurance,Coahuila Jr. Runing Jacket,,01h6zxbdq39a56b7fxzedwzssj,ok
,Heldre,Skansen tursekk 25L,,01h6zxbk8gm5c8p0mbk5za7rhh,ok
,Umbro,Furio FZ Woven Pant,,01h6zxbe2dvp5vnz95smwc9awv,ok
,Kinetic,Kinetic Pocket Multi-Tool,,01h6zxbhs4fm1j6rnj4rn70dv0,ok
,Heldre,Finnbu pannebånd,,01hp4h99cc887hnjae1s18cnf2,ok
,Levi's,Levi`s Ivette Essential,,01h6zxbm0d9w7dzsf70j2s3hj4,ok
,DO2,Ardiden Vindvest,,01jy13dqmkn5bkk8pw3mv9nmm9,ok
,CMP,Jersey W Tee,,01h6zxbmctez9a2f08853x0evc,ok
,Lars Monsen,Geilo HZ genser,,01h6zxbmt0032bdxmahxz1dxmp,ok
,Staal,Gaustatoppen brodder 2.0,,01jvcbnzg68r5m38k4z71kmwdj,ok
,Mitchi,Nice T-Shirt,,01h6zxbmsmsznsg5qmvdv7k0cg,ok
,Endurance,Sawas W Lite Shoes,,01h6zxbgcmm3gkqbqysj9v9x4z,ok
,Vertical,Rihannassi W Teddy Jacket,,01h6zxbmtba1k6vym0qhbfw9xh,ok
,Endurance,Arwing W Waist Tights,,01h6zxbjgvjj2tf1f5x8r84zt6,ok
,Rhapsody,Aoshilan M Boot size 41-46,,01h6zxbmt9bwfk21vprrhhp39c,ok
,Vertical,Bandoso W Ski Pants W-PRO 15000,,01j28k8ysqbdfe0gpqb1cvqk5z,ok
,Vertical,Geraldton Microfleece Hood,,01h6zxbdq21zr0cs7jdfa2jswa,ok
,pyttpytt,Dam regnsett - Junior,,01h6zxbddgd79zh2btws1mmntz,ok
,Outdoor Research,Gradient Beanie,,01h6zxbj46rekadztgr0kdbkpz,ok
,Sway,Allroad WP Man,,01h6zxbed6rmx64sd0m5d14vvm,ok
,Endurance,Talia W Melange Loose Fit Seamless S/S Tee,,01h6zxbj4skv7w8zyxnbf6h877,ok
,Silva,Silva Trek 350 RC,,01h6zxbkkc78qr0bpcdzddnn8r,ok
,Cruz,Barns W Cork Sandal,,01h6zxbcg7scnbse6xm5kzcr52,ok
,Endurance,Greenleys M Shorts,,01h6zxbe1j66a09dwfnmsqadqt,ok
,Champion,Crewneck Sweatshirt,,01h6zxbmttmc1d8d1753awq66s,ok
,Kinetic,"Fiskesene WS Super Mono 0,40MM/330M",,01h6zxbc5xv71atda2k0cqt24j,ok
,Endurance,Varhil Unisex Sneakers,,01h6zxbmtfa5qc0ss52p5n805t,ok
,Sport Norge,Paradis Ankelsokker - 2 par,,01h6zxbk8184c7snyghx0vpr7g,ok
,Outdoor Research,Women's Backstop Sensor Windpro Gloves,,01heq89tn3mjmy14hn9pz97q7h,ok
,Mitchi,Monaco T-Shirt dame,,01h6zxbmsmsznsg5qmvdv7k0cc,ok
,Outdoor Research,Women's Crescent Fleece Full Zip Hoodie,,01jk83rqdnwbxp0e8hwd8d7v4v,ok
,Vikafjell,Timian Down Jacket (M),,01h6zxbhsk3b00vc77957h67my,ok
,Snjór,Jostedal ullgenser høy hals jr,,01h6zxbjft8vspfxm61b9rnqra,ok
,Treksta,Kobra Boa 2 Mid GTX,,01hchd9m3gr8vm47zxr7z7jnhr,ok
,Snjór,Frøx skijakke - Dame,,01h6zxbjfpqts347hx7v2x345c,ok
,DO2,Ardiden Vindjakke,,01jy16b3c1098zy3c8t39bhb09,ok
,Endurance,Run Elite X1 M Shorts,,01h6zxbjwctd6zv93kzzvjfdhm,ok
,Vikafjell,Sandviken Jacket Lady,,01h6zxbddcpz5b49x40qb7cy4z,ok
,Endurance,Rowdgetana W Lite Shoe size 36-42,,01h6zxbm14kjg4mrp81fasbdhc,ok
,LMNTS,Ottawa Glove W,,01h6zxbdq73htemhq0m50fmgzx,ok
,Ulvang,Rav Kiby Roundneck Ms,,01kfjka8dv3zhefgrgp5wd4be2,ok
,Kari Traa,Ellie LS,,01jjxvmrmxvp3bn31awyjtcpr4,ok
,Sway,Nordmarka hanske,,01h6zxbec45bpy1n49ssjxfg9c,ok
,Heldre,Heia Skalldress,,01h6zxbdphxw53bd4bbwfqmmvk,ok
,Graffiti,Elmira S-S tee,,01h6zxbj4v8nt89etmf8fh0p5t,ok
,Noodles,Veder WR 41-46,,01jqdzr242ztt7j5zkmwxfn11d,ok
,Kote,Tinden WP 42-46,,01h6zxbm0hesg8jx17g5n4a1ph,ok
,Kote,Heimdal 40-46,,01h6zxbm09bb7ncb8z02jf4aee,ok
,Vossatassar,VT T-SKJORTE,,01h6zxbeczgtwq3spbnvbnkqx9,ok
,Vertical,Wilian M AOP Ski Jacket W-PRO 15000,,01k455bn5gdrb0npztqvvk76qh,ok
,Vikafjell,Toronto vott,,01h6zxbmtk28za5y408engrr6b,ok
,Cruz,Songs Size 41-46,,01h6zxbj4skv7w8zyxnbf6h87f,ok
,Vossatassar,VT Ull Solid Lue,,01h6zxbgcwex1jqcsneh4989x8,ok
,Craft,ADV Essence wind Pants M,,01h6zxbk73xnysyh6c29f3bds3,ok
,Snøfall,Snøfall Lue & Hals,,01h6zxbn4d7gm94jgmx0cddpev,ok
,Vikafjell,Timian Down Jacket (W),,01h6zxbhsk3b00vc77957h67mz,ok
,Sail Racing,W Race Heavy Hood,,01hea222vyvwsvhjsbgq3b81em,ok
,Mizuno,MIZUNO α SELECT(U),,01kh5vpzzh4sw62srctjk2fp05,ok
,Stump,Bobla 28-35,,01hpgz85m3pjty2tny4rb5tdhe,ok
,Endurance,Wislok M Training pants,,01h6zxbc4hd7xka779n2cms2ng,ok
,Stump,Antalia 36-41,,01hppbvnc3098x6kcxv89gxpfz,ok
,Mizuno,WAVE DAICHI 9(W),,01kh5vyb26zxw1b7yqv6hmcqt0,ok
,Graffiti,Bonlongo Kids Reflective Boot WP,,01h6zxbmd9h4q09mjcm815hnwq,ok
,Treksta,Dove X GTX W,,01h6zxbj5fbf76t4qk8exdx82b,ok
,Dunlop,Galactica Control G1 HL,,01jyr802qhw9e01bn27dwqj2cr,ok
,Tufte,Mens Active Jacket,,01h6zxbed3nkcmmfqsyxhmqwkw,ok
,Aerym,Alcott 2V GTX,,01jgp23gpgppdxrzpa2kr52tbw,ok
,Heldre,Vestlia Alpinsokk Dame,,01h6zxbdqbnd1pk0jx02re0zm6,ok
,Graffiti,Kayun Kids WP 28-35,,01h6zxbhcxxbztxksjrvwfe4m8,ok
,Endurance,Siva W S-S Top,,01h6zxbjwenkns07526vgx64se,ok
,Kinetic,"Kinetic Tournament 1000-FD 0,12mm 4-Braid",,01h6zxbk78fze63keyca7e47am,ok
,Endurance,Baraten M Long Training Pants,,01h6zxbjgvjj2tf1f5x8r84zsw,ok
,Div,DIABETIC INCREDISOCKS,,01h6zxbdpygq4acmmdaq5mp628,ok
,Outdoor Research,OR Women's Illuminate Down Hoody,,01h6zxbgp64x4krpfhacqt91pf,ok
,Vikafjell,Såtefjell vattert bukse,,01h6zxbkmb1z0s01jgjd4pjhgm,ok
,Tiny Trolls of Norway,Minitroll Lue,,01jj1nn04ay20gq2chfq1wwn47,ok
,Comfo,Comfo Tøffel Dame,,01h6zxbg13ak8j0qdd0vzszdws,ok
,Endurance,Clevedon M Jacket,,01h6zxbgcjgmwvhm9d8gg0jmqe,ok
,Move Mountains,Aries Vintersko 36-41,,01h6zxbmt1vefcm78c10c2x32w,ok
,Endurance,Tathara W Short Tights W/Pocket,,01h6zxbms92e3rkp8y7g6pft6c,ok
,Yikun,Disc Golf Driver VIEW - Phoenix Line,,01jxyqsbacc8ng1b4tf35dp8bc,ok
,Daniel Franck,Alpha SL Bukse Dame,,01h6zxbjw6swbsvd7yhyftfkh0,ok
,Vikafjell,Lyderhorn tursokk høy 2 par,,01h6zxbk89sg85mtda1j8w614b,ok
,Snjór,Val Thorens Longs W,,01h6zxbh22k8qtn7dccse47zdj,ok
,Eska,Banu Shield kids,,01h6zxbecjvanhc25jpr5rt1pg,ok
,Sway,Helsinki t-shirt W,,01h6zxbed76cwzgbbk6xfdjdsh,ok
,Tufte,Tufte Hiking jacket Man,,01h6zxbjwqms9hvcq1k0r2s40e,ok
,Mizuno,Stealth Star 2 Jr,,01jat544hxh7hsn715jwdsdmc3,ok
,Snjór,Karl thermo wool pant (M),,01h6zxbjfsw785fng5qr5s61qc,ok
,Vikafjell,Toronto vott jr,,01hpgs4kq7db9jeancjgxcah1v,ok
,Tiny Trolls of Norway,Frosken Caps,,01h6zxbk865nwwf08nnqf8jxzw,ok
,Outdoor Research,Backstop Sensor Gloves - Herre,,01h6zxbmt487r8gjbca0zvxg15,ok
,Heldre,Myrdal ull halfzip herre,,01hv6fsz7p05etf5sywy8dtd14,ok
,Treksta,Kobra boa Mid GTX (32-39),,01h6zxbe16s0peyz0ej2mfsg71,ok
,Twentyfour,Finse Basic Pannebånd,,01he5864szry6hntf7txc738pk,ok
,Johaug,Winter Training glove,,01hs0z2kpr7ngh8yzdjhj1ewqs,ok
,Outdoor Research,Woolly sensor liners,,01h6zxbdd6rja16j6tdprwb7rg,ok
,DO2,Ardiden Trøye SS Dame,,01jy1d25s4dabj01cqrvkg7070,ok
,Northug,Run crew sock terry 3pk,,01jhqnyp5xdjatp0dyz8fxp97q,ok
,Endurance,Mersan Headband,,01h6zxbhcsc96nx3aa5mnmq5wj,ok
,Arcadia,Tarn WP 40-46,,01h6zxbmt1vefcm78c10c2x32p,ok
,Heldre,Harry 41-46,,01jkaw4yh1499crn4msntxe4hg,ok
,Snjór,Bullbreen down jacket M,,01h6zxbdqd07p6tmedvzyw47sg,ok
,Longyear,Opera Ullhals - Barn,,01h6zxbh0h7thp7bgb3rrn3qhe,ok
,Diadora,Mythos Volo 3 ACBC,,01hvv4nzyycne7x4r2q36k5ex2,ok
,Sway,London Superundertøysett Jr Girl,,01h6zxbe2dvp5vnz95smwc9ax4,ok
,MOLS,Bakan W Winterboot WP,,01h6zxbecazvsc7agm2rhw21zd,ok
,Snjór,Fenris skijakke - Junior,,01h6zxbjfpqts347hx7v2x345e,ok
,Bula,Hybrid Halfzip,,01h6zxbmtgffzxjrccv6x0gxxx,ok
,Noodles,Beam 36-41,,01hn2mnxrqm0j44f31bfq3yzvz,ok
,LMNTS,Vancouver hanske - Dame,,01h6zxbdq80nnxzqnymacycnzk,ok
,Heldre,Bontveit Jakke dame,,01h6zxbgqd9q1sf9rpmt3k7ymt,ok
,Black Crows,Ventus Gore-Tex pant,,01h6zxbe2gt1n6jwyavhttyk72,ok
,Eska,Lomolady Hanske,,01h6zxbkzth2f7nybrw5c6tctv,ok
,Zamberlan,232 Airound Mid GR,,01h6zxbecvfttfsjea8fk9ptzq,ok
,Endurance,Kaylan Unisex Vibram Boot WP Size 41-47,,01h6zxbmcg0kqhegcmqnj4qc3e,ok
,Treksta,Kobra Boa GTX 145 41-47,,01h6zxbed3nkcmmfqsyxhmqwkn,ok
,CMP,Knitted W Wool Hat,,01h6zxbmd2199fa491we6a3t5e,ok
,Kari Traa,Steg,,01h6zxbkmpakkrr95re7hwvfkb,ok
,Vikafjell,Marken Multi Jacket kids,,01h6zxbhsq49yzav9bh5dr7qcn,ok
,Sway,LED Reflektor,,01h6zxbjgxhc82nk8q5qwmwjhh,ok
,Endurance,Meilin W Long Run Tights,,01h6zxbjgwxz9t5nagnxrmbpkm,ok
,Endurance,Kendelton W Shoe size 36-41,,01h6zxbk6xjgcmatex0wqy84jy,ok
,Northug,Raggsock 2pk,,01jhq821pnhd9kxm27sqwyhxxv,ok
,Raidlight,Raidlight Dynamic 2.0,,01h6zxbmtcd1ns617bxkqy2ada,ok
,Daniel Franck,Alpha LS CB Bukse Dame,,01h6zxbecsfqcjv35r0g69983m,ok
,Graffiti,Tao Lights 24-35,,01h6zxbj4g16era4ryc0v99zdd,ok
,Diadora,Mythos Blushield 8 Vortice Hip  - Dame,,01hf6z0v6ndg4qa0bd1afv8mfh,ok
,DO2,Armvarmer,,01jy423g4yw8541h79w0z6kskn,ok
,Sport Norge,Sport Norge lue,,01h6zxbdqcnwpkgj8ph3f9bsa6,ok
,Evon,Thor sykkelhjelm,,01h6zxbk8qx255299d78vtbvvh,ok
,MOLS,Palaerama W Winterboot WP,,01h6zxbmd7d74f33bc94894k60,ok
,Tiny Trolls of Norway,Rumpetroll regnvott 0-3 år,,01h6zxbj42n30qxgb6mqs5rpms,ok
,Daniel Franck,Djerv 2-lags Jakke Dame                 ,,01h6zxbe22skq1qnzkx5g4g17w,ok
,Endurance,Vibeke W S/S Tee,,01h6zxbm11pn7zy48yjjyt3kd2,ok
,Johaug,Johaug Velocity Pant W,,01h6zxbgqd9q1sf9rpmt3k7ymp,ok
,Endurance,Summia W Print Waist Tights,,01h6zxbjwgp00zapfjrwq14wnb,ok
,Endurance,Vanda M Performance L/S Tee,,01h6zxbc46t02v0yp4ayapz1zt,ok
,Eska,Lomomen Hanske,,01h6zxbkzth2f7nybrw5c6tctw,ok
,Heldre,Heldre Bryggen Jakke Lady,,01h6zxbcsqdqdfm0q84v9p2yjb,ok
,Endurance,Macjane W Sports Bra,,01h6zxbjwenkns07526vgx64sc,ok
,Treksta,Serpent GTX (22-31),,01h6zxbmcj7eh6dqyc1zjkfsh5,ok
,LMNTS,Joy 30-35,,01hq3r9epaq9sgscygr2e5rhy0,ok
,Endurance,Neuville M Long Pants,,01h6zxbe1hpqnvy10gkvysb7en,ok
,Treksta,Jump Mid GTX ,,01h6zxbe24eeh15rx7q4ffznp3,ok
,Tiny Trolls of Norway,Sprett joggesko 22-35,,01h6zxbmsjbvkjbsw7m7z8qcc2,ok
,Vikafjell,Polle vårbukse barn,,01h6zxbm0j6xh4vxxwhsqqddce,ok
,Vertical,Cari Knitted Hat,,01h6zxbecdcxy48nr6x1h3jnr8,ok
,Nike, Volley Short 4,,01h6zxbkm77j86h76a4z09ped4,ok
,Vertical,Mazea W LayerTech Ski Pants W-PRO 15000,,01h6zxbmtba1k6vym0qhbfw9xk,ok
,Outdoor Research,Hemispheres GTX® Bibs - Herre,,01h6zxbe2114zvh216g9cvbwqd,ok
,Snjór,Hovde lue,,01jp4xdgz5bwgxjbfh48741cde,ok
,LMNTS,Dart Board,,01h6zxbdct7cqnjrj8fw43veem,ok
,Vertical,Monfer W Functional Ski Pants W-GUARD 15000,,01h6zxbhcxxbztxksjrvwfe4mh,ok
,Yikun,Disc Golf Putter XING - Phoenix Line,,01jxyr9gdw2fxtb1fc252q8bwd,ok
,Vikafjell,Smauet parkdress,,01h6zxbgqea4r2bn0btrrt5qhr,ok
,Vikafjell,Morgedal Tursokk - 2 par,,01h6zxbk89sg85mtda1j8w614d,ok
,Kinetic,Kinetic Hi-Tec Spin Combo 7' 5-25g 3pcs,,01h6zxbe14z51z0dq0vxm7k9g6,ok
,Outdoor Research,OR Men's Illuminate Down Hoody,,01h6zxbgp64x4krpfhacqt91pe,ok
,Wm,Thea Dunparka - Dame,,01h6zxbecm22b2at3a5kr5x720,ok
,Endurance,Zur W Printed Sports Bra,,01h6zxbhct0r7zm9rrbxtz6t6k,ok
,Puma,Merchant sweatpant Fl B,,01h6zxbms5xxmdjs6jbmvssxwk,ok
,Stump,Pilo skolett,,01h6zxbkkx8p11qng9721y2vcv,ok
,DO2,Benvarmer,,01jy42e9b91k8n6yqgydakzd3f,ok
,Endurance,Alessandro LED Urban Helmet,,01jrwcec4m8a2d4kwgctqnqqkh,ok
,Heldre,Bergen pant W,,01h6zxbctg4xar1eba803rbc03,ok
,Kinetic,Kinetic 4 Bestselgere Havfiske,,01h6zxbc5cw27mzhrxs9676cw5,ok
,Kinetic,"Kinetic Super Mono 0,60mm 150m 22,4 kg",,01h6zxbc5cw27mzhrxs9676cw2,ok
,North Pro,Austin tee,,01h6zxbmsgrxsbgcez9k6ssh3e,ok
,Endurance,Losgrovean W shoe size 36-41,,01h6zxbkzry80d40w7fapm0f8a,ok
,Treksta,Star 102 Boa GTX 42-47,,01h6zxbk7dpr1bdv28hrqdetbf,ok
,Cruz,Louia M SS T-Shirt,,01h6zxbm0w2cwc46x1r1bj34j2,ok
,Vertical,Tofinoa Knitted Wool Hat,,01h6zxbmtba1k6vym0qhbfw9x9,ok
,Daniel Franck,Alpha Vattert Parkas D,,01h6zxbmt3ft44te434rp2b0wg,ok
,LMNTS,Fotpumpe ,,01h6zxbddd1dqn7npy3cn0fz6v,ok
,Endurance,Baric Running Bag With Bottles,,01h6zxbjwctd6zv93kzzvjfdhp,ok
,Snjór,Fenris skijakke - Herre,,01h6zxbjfpqts347hx7v2x345a,ok
,Snjór,Hike dunvest,,01h6zxbmcn1xt2xr11wcd1t5sh,ok
,Vertical,Dashwood M Long Jacket W-GUARD 5000,,01h6zxbe1s8m7ckgka40sharyr,ok
,Evon,Evon Gel-setetrekk,,01h6zxbg1fma71tyc825pdb366,ok
,Endurance,Arnsbob M Hoody,,01h6zxbmd5wn1zw39sxb9f1wff,ok
,Endurance,Biano M Pants,,01h6zxbjgvjj2tf1f5x8r84zt1,ok
,Puma,Merchant sweatpant G,,01h6zxbmc5whta7egvajhtvtdb,ok
,Vertical,Jasianna W Boot size 36-41,,01j6hs8jg20t3zh941pc087s7e,ok
,Endurance,Acupressure mat w/pillow,,01hkvz9zngway4z8yx81htjndf,ok
,Nordic grip,Hubbard 36-41,,01jse9xnrprf3fxay7spcy4dga,ok
,Daniel Franck,Djerv 3L jacket Lady,,01h6zxbgpzdj53qtfp3nkh7wsa,ok
,Saucony,Saucony Canyon TR 2,,01h6zxbmsvqr2m8hzq6cdtskmf,ok
,Kari Traa,Kari Traa Seim Beanie,,01hj5zt341x5x55g9hjbwqm5wa,ok
,Northug,Sockbox Petter cotton 3pk,,01jhqr8kadq72e9g7p9hy8x8vy,ok
,Primus,"Trailbreak Vacuum Bottle 0,75L",,01jaq4ykzqmdfyt5d3cqa2s5ft,ok
,Vertical,Awakeri M Jacket,,01h6zxbe1s8m7ckgka40sharyw,ok
,Outdoor Research,Ferrosi Hooded Jacket - Dame,,01h6zxbdd46t95hqe8fzhkptfq,ok
,Snjór,Frøx skijakke - Junior,,01h6zxbjfpqts347hx7v2x345g,ok
,Outdoor Research,OR Men's Incandescent Hooded Down Jacket,,01h6zxbdqkge7xq9erv0xx0rev,ok
,Umbro,Stretford sweatpant jr,,01h6zxbgpft6v266r5p2ya6m7a,ok
,Sway,Sway LED Slap Wrap,,01h6zxbh0f291ytnh0n2yg02cn,ok
,Treksta,Sports Mid Velcro GTX,,01hcfmdnssvkmytwrmh3rex313,ok
,Treksta,Mega Wave W,,01h6zxbed3nkcmmfqsyxhmqwkq,ok
,Vertical,Midanro W Insulated Anorak,,01jmvyz0d013xj33e0p7psfhm8,ok
,Move Mountains,LOME Women,,01h6zxbecm22b2at3a5kr5x72b,ok
,Endurance,Victorville M Long Winter Tight XQL,,01h6zxbc46t02v0yp4ayapz1zy,ok
,Heldre,Vik Raincoat W,,01h6zxbhrpnsvmbt6kw841xz65,ok
,Missing Link,Hemsedal 3-lags Retrojakke herre,,01jyp2yv60k4y9gs8v4nh4bksz,ok
,Tiny Trolls of Norway,Trolldans lue,,01jkqej3bfms28wr6kby46rnn7,ok
,Outdoor Research,Men's Archangel Jacket,,01h6zxbmdgsdbsckvpgfvtgw12,ok
,Röhnisch,Motion Tee,,01h6zxbhdvf8s2t1jgv4qrgzra,ok
,Vertical,Atlan Girl Long Puffer Jacket,,01h6zxbmtba1k6vym0qhbfw9xg,ok
,Diadora,Mythos Blushield 6 W,,01h6zxbjwj70te1kk9m7vdndgf,ok
,Snjór,Jostedal strikkelue,,01h6zxbjwr3ze5zn35a39520ep,ok
,Vertical,Briggson M Boot WP Size 41-46,,01j6h4p2qeky853csqv64zxgxw,ok
,Endurance,Milana Jr. Unisex Running Tights,,01h6zxbkkywsp48cw2hx8fze8q,ok
,Diadora,Løpesko N - 6100 - 4 W,,01h6zxbddb9c8fn6x96jhww77a,ok
,Zanier,Zanier Toe-Warmer,,01jfa8yh91zsg5spf69ehss5f5,ok
,Snjór,Karla thermo wool pant (W),,01h6zxbjfsw785fng5qr5s61qd,ok
,Endurance,Kulonun M Performance L-S Tee,,01h6zxbjgt469hbn4cn7bd47va,ok
,Vertical,Wisconsin W Long Jacket W-Guard 5000,,01h6zxbc4yz844fdj7jsvvxtt9,ok
,Tufte,Tufte Top & Toe Giftbox,,01h6zxbj577txr94a0gdz1860a,ok
,Diadora,Fotballsko 7-TRI TF JR,,01h6zxbddcpz5b49x40qb7cy4h,ok
,Diadora,Mythos Blushield Volo - Herre,,01h6zxbkkfpc3t8mwsey4a5d40,ok
,Vikafjell,Asilo 28-36,,01hyv17fvqfqmkwc8zrb2575b9,ok
,Saucony,Saucony Triumph ISO 3 W,,01h6zxbk75vf6zwecvpkbp89m9,ok
,Heldre,Vierli Ullsokk - Junior,,01h6zxbh125x49d1fy2cbprfj8,ok
,Snowflake,Pinguin Rumpeakebrett,,01h6zxbkk98tbs86xv3rqet44k,ok
,Endurance,Karala W Jacket,,01h6zxbhct0r7zm9rrbxtz6t6r,ok
,Vikafjell,Vikafjell Kvandalen pant (Jr),,01h6zxbjfmys63b6ejt44b87cj,ok
,Evon,Evon Kodelås 10x90,,01h6zxbg1fma71tyc825pdb367,ok
,Diadora,Mythos Blushield 7 Vortice - Herre,,01h6zxbm0d9w7dzsf70j2s3hja,ok
,Vertical,Katea W CFT+ Skirt,,01h6zxbmdt51zvjhbecyyvyhaa,ok
,Heldre,Bryggen Jacket Junior,,01h6zxbcsqdqdfm0q84v9p2yj7,ok
,Outdoor Research,Revolution GTX® Mitt,,01h6zxbmt59hqdcymbkxewynxh,ok
,Stump,HOLLING jr,,01h6zxbgq2krdekcp1mtt0q4ba,ok
,Craft,ADV Charge Warm Jacket M ,,01h6zxbkmhnxx060h76dwgk1q9,ok
,MOLS,Kelapa Kids Winterboots WP,,01h6zxbecbjc685jp552m7dyah,ok
,Vertical,Cadenso Thin Ski Sock,,01hsece3pht1gqzhn11p4edsfb,ok
,Endurance,Heepe 3-Pack Sock,,01h6zxbhdt4q8hzhpmgww04wc8,ok
,Vikafjell,Nordheim  Vattert Skibukse Barn,,01jkg30gh2k43zqg54fq2qsk8k,ok
,Move Mountains,Bakka vinterskolett,,01h6zxbmcp59r1xymn45mjnddy,ok
,Heldre,Falkeriset Pant jr,,01h6zxbj4133pr2w516qvtd6ya,ok
,Diadora,Mythos Blushield hip 6 W,,01h6zxbjwj70te1kk9m7vdndge,ok
,Endurance,Mahana W 3/4 Run Tights XQL,,01h6zxbj5qxg55wh09fnq9b3bm,ok
,Heldre,Falkeriset Pant kids,,01h6zxbj4133pr2w516qvtd6yb,ok
,Endurance,Verbo M Jacket,,01h6zxbjwd817yvj6xvgbm7rvg,ok
,CMP,Woman Knitted Hat,,01h6zxbkzyb3evfwdvdxbjaavm,ok
,Heldre,Heldre Hamreheia pant (W),,01h6zxbjfv2zmf8r1dtx9rvs6a,ok
,Endurance,Joke M Melange L/S Tee,,01h6zxbj4k41f5mv3v7sqqw4y0,ok
,Vertical,Aokau W Long Jacket W-GUARD 5000,,01h6zxbe1s8m7ckgka40sharyq,ok
,Mitchi,Budapest hanske,,01h6zxbkmetd6ve86bd587bdr2,ok
,Endurance,Vibster M S/S Tee,,01h6zxbm12gx3j4fe77t6rhvff,ok
,Graffiti,Arberg WP Mitten w/dropliner,,01h6zxbec9gqam99kdz74fp8am,ok
,Heldre,Skuteviken Down Jacket M,,01h6zxbdprmx1qgm87q4gfe6sk,ok
,Endurance,Sia W loose Fit S/S Tee,,01h6zxbjgvjj2tf1f5x8r84zt8,ok
,Hummel,Core Sportsbag S,,01jax98swbs98s48gncfsycmkx,ok
,Treksta,Infinium GTX,,01h6zxbkmceg2ssccm2avdmvzx,ok
,Endurance,Corrident M Full Zip Hoodie,,01h6zxbm11pn7zy48yjjyt3kcz,ok
,Snjór,Snjor Torino Skibukse - Herre,,01h6zxbjfpqts347hx7v2x345m,ok
,Vertical,Costerno M Ski Pant W-PRO 10000,,01h6zxbkzzxh99pkree356yh1b,ok
,PURENorway,Retro Ryggsekk,,01jhmkjm55dxhyadtbchg7yp3g,ok
,Northug,Mosvikekspressen jr 4pk sock,,01jhqr109893qvg0dd2hq3h9rw,ok
,Saucony,Munchen 4 H,,01h6zxbjwpztdw6vkpbt43a2mh,ok
,Bula,JR 2PK WOOL SOCK,,01h6zxbe1cdnc5qsa615mnt0sq,ok
,S.O.L.,Badgastein,,01h6zxbk8kq4h7ykhv9w2141hq,ok
,Diadora,Mythos Blushield Volo Hip 2 - Dame,,01hvv20drkax4wtvh9w78qxx5b,ok
,Umbro,Aurora X fotball,,01h6zxbjw7pyq4g5vghezktbt6,ok
,S.O.L.,Schaldming,,01h6zxbmsw5ydt744pbtefbtb7,ok
,Sway,Rossnos (41-46),,01h6zxbjgapkrx3atrpwq5s6ty,ok
,Endurance,Kume Unisex Running Gloves,,01h6zxbjwctd6zv93kzzvjfdhn,ok
,Primus,"Trailbottle 1,0L S.S",,01hdqxs8s4309h6t571qmv55rx,ok
,Endurance,Hangdon W Trainning Shoe WP,,01h6zxbkzsdghqjjsc05xm049w,ok
,Diadora,Mythos Blushield 8 Vortice - Herre,,01h6zxbms4tv90a65xa46mbzb0,ok
,Dunlop,Rocket Pink NH,,01jyr7wcp7amkjw26x3d3q39e5,ok
,Daniel Franck,Alpha SL Bukse,,01h6zxbjw6swbsvd7yhyftfkh1,ok
,Outdoor Research,OR Women's Tantrum II Hooded Jacket,,01h6zxbe291ej7qr0k97v0fvra,ok
,Diadora,Mythos Blushield hip 6,,01h6zxbjwj70te1kk9m7vdndgd,ok
,Endurance,Victorville M Long Windblock Tight XQL,,01h6zxbc46t02v0yp4ayapz1zz,ok
,Vertical,Boken M Ski Jacket W-PRO 15000,,01jmw26mgcc0qpcs6m5g5wfrhs,ok
,Saucony,Saucony Clarion 2 M,,01h6zxbj5bmkp1emq2y8t45s41,ok
,Endurance,Aquam W Vibram Low cut WP,,01h6zxbgcnv0934xn4k79bv73s,ok
,Northug,Pure light,,01jhq3fpn9w1nfbcc14xqf7kmm,ok
,ASG,Yoga Mat,,01jawm1zerr5771s7x19wxb0kx,ok
,Outdoor Research,Men's Headwall GTX 3L Jacket,,01jk80qtn00k4sa081gbe30fwj,ok
,Champion,Champion Crewneck Sweatshirt W,,01h6zxbn4g0b7fv2ftr8ntcetp,ok
,Endurance,Biano Jr. Pants,,01h6zxbjgvjj2tf1f5x8r84zta,ok
,LMNTS,Nissen tøffel med sokk 20-31,,01h6zxbmdq3atrmjehxdpve40k,ok
,Tretorn,Kids Wings Rain PU Mitten,,01hea6syc1y6c12fbe0yhmv2xq,ok
,Endurance,Olin W Top Functional XCS Jacket,,01h6zxbec6dgq8ebpnk39b7286,ok
,Endurance,Lusankos M Pants,,01h6zxbkzn6a3jd78pj4hqxah2,ok
,Endurance,Lasseno M S-S Tee,,01h6zxbkmwwmt2btxd12avthv6,ok
,Graffiti,Sohill Ski Pant W-PRO 10000 Jr,,01h6zxbkzyb3evfwdvdxbjaavw,ok
,Outdoor Research,OR Men's Skyward II Jacket,,01h6zxbe2114zvh216g9cvbwqe,ok
,Endurance,Grosseto Jr. 2-in-1 Shorts,,01h6zxbm1b8d6yn1pbzq2d2g6r,ok
,Tiny Trolls of Norway,Askeladden Softshellbukse,,01h6zxbj3xk5pw2gm0xk3datdd,ok
,Heldre,Rauland Alpinstrømpe - Dame,,01h6zxbhckmvwvb183mh85yybc,ok
,Kinetic,Kinetic Minken Handle w/Line & 8 Flies,,01h6zxbk7aztvrcpq7xz28dnmp,ok
,Tiny Trolls of Norway,Gulliver Superundertøy,,01h6zxbhcc37w0s6bj6saebxeq,ok
,Ox,OX Saihan spinningsykkel,,01h6zxbm0vqv19xd5bynwn5ha6,ok
,Snjór,Reinrosa longs,,01h6zxbkmetd6ve86bd587bdr1,ok
,Mitchi,Oxford hettegenser - Herre,,01h6zxbm0703cbqjyjtxyn04j2,ok
,Zamberlan,Baltoro Light GTX,,01h6zxbhcr51r9anc4d09xwt2d,ok
,Heldre,Telemark wool set (M),,01h6zxbhcjkb0ab071q0g2f823,ok
,STAUT,Proteinbar uten tilsatt sukker Salty Caramel,,01h6zxbmdwghf428s8h960bkf9,ok
,Tufte,Tufte Sweatpants Dame,,01h6zxbm0fsxmngqk640v36tkc,ok
,ProForm,Tredemølle 205 CST,,01h6zxbmtn5ax7n4avapbq786a,ok
,Vikafjell,Tølle 2-lags Ullsett - Barn,,01h6zxbjg7j6n5n9b1z1qvy9rj,ok
,Tiny Trolls of Norway,Lykke Tursekk 15 liter,,01h6zxbj3yna7ez42x9zt0jndv,ok
,Endurance,Vicki W Melange Seamless Hoody,,01h6zxbj4k41f5mv3v7sqqw4y1,ok
,Endurance,Lassie W Running Jacket With Hood,,01h6zxbjgt469hbn4cn7bd47vb,ok
,Mitchi,Jessica Sweater W,,01h6zxbh22k8qtn7dccse47zdx,ok
,Endurance,Kanen M Seamless S/S Tee,,01h6zxbgck8jcyhgjm756az9te,ok
,Adidas,BREAKNET EL C,,01h6zxbmss9y3fcz00ypqrejad,ok
,Puma,Merchant FZ hoodie G,,01h6zxbmc41twhcc6r11rcqxb1,ok
,Heldre,Elvi 36-40,,01jkah89ff2n08vcakz6gsv7nj,ok
,Vertical,Downer M Jacket W-PRO 10000,,01h6zxbm0ys2xs1zbjc8t0t9rn,ok
,Vikafjell,Morgedal #norging Lue,,01h6zxbhsq49yzav9bh5dr7qce,ok
,Heldre,Chill Heldress med hette,,01h6zxbhrhw8t63g4m3sxggtzt,ok
,Heldre,Hedlo Ullsett - Junior,,01h6zxbh13zdqtfbqjcncn09jr,ok
,Puma,Ess Logo Lab tee B,,01h6zxbms5xxmdjs6jbmvssxwg,ok
,Sway,Sway Breezy (36-41),,01h6zxbhsj71krmqzmv08zhd2d,ok
,Endurance,Nadia W Melange Seamless Tights,,01h6zxbj4v8nt89etmf8fh0p5z,ok
,Vertical,Johanson M Ski Jacket W-PRO 10000,,01h6zxbjfk7mvz2ah5gndp28vr,ok
,Heldre,Jan Mayen Beerenberg Nikkers W,,01h6zxbhc4yxnwn2hsksrg31qs,ok
,Heldre,Vesoldo Regnjakke - Herre,,01h6zxbj4133pr2w516qvtd6y4,ok
,Kari Traa,Liv Shortsleeve,,01h6zxbmtdxm25a6ztvte4rezn,ok
,X-erfit,X-erfit Run 100,,01h6zxbmsxb4eh724g6sdsx70z,ok
,GUPPY,Franco baselayer sett,,01h6zxbmsgrxsbgcez9k6ssh3a,ok
,Röhnisch,Essential Raglan Tee,,01h6zxbjvy3b7n34nnn8rvw066,ok
,Endurance,Anders M S/S Performance Tee,,01h6zxbj4g16era4ryc0v99zdk,ok
,Ox,Open Trapbar,,01h6zxbkmrhmye8e3t153ptf8s,ok
,Vikafjell,Tølle 2-lags Ullsett - Herre,,01h6zxbjg7j6n5n9b1z1qvy9re,ok
,Heldre,Haust Man,,01h6zxbdp90266vwp45qy05ck0,ok
,Heldre,Hafjell Extreme pant W,,01h6zxbecjvanhc25jpr5rt1pj,ok
,Kari Traa,KT THALE HEADBAND,,01h6zxbm1655smaj90872frj3b,ok
,ProForm,ProForm X-bike,,01h6zxbmtn5ax7n4avapbq786b,ok
,Kinetic,Tool Combo 5pcs,,01h6zxbc5e1df276ry19s8p2p7,ok
,Röhnisch,Essence Logo Singlet,,01h6zxbm0bb7bf5kx9vb3z3ds2,ok
,LMNTS,Kubb,,01h6zxbdct7cqnjrj8fw43veer,ok
,Vikafjell,Vatts Reven jakke,,01h6zxbfqp75ag4555z3r1chvj,ok
,Primus,"Trailbreak Vacuum Bottle 1,0L",,01jaq5tga0savagb5aa879e72g,ok
,Johaug,NOW Knitted Gift Set,,01h6zxbe204mn5nr02a3d47xx5,ok
,Vossatassar,VT ULL BUKSE,,01h6zxbgcvpa6gy1rjq3t7ygx8,ok
,Vertical,Haspono M Long Pro-lite Jacket,,01h6zxbjfmys63b6ejt44b87c6,ok
,Vikafjell,Marken Jakke jr,,01h6zxbh1jhn2vw079xxmt1wxv,ok
,2XU,TRANSIT JACKET-W,,01h6zxbe22skq1qnzkx5g4g17j,ok
,Kinetic,3-Pack swivel w/snap Light #10-8-6,,01h6zxbc5d07q1p78hafqprgya,ok
,Sway,Sway Roman 36-41,,01h6zxbk7k5ede4f52wzkq6kd6,ok
,Elan,Waveflex 12 TI PS,,01h6zxbec363jn4d2gvnccwt3r,ok
,Heldre,Heldre Bryggen Bukse Herre,,01h6zxbd2z7f3dcnd68gg93zh7,ok
,Kote,Stavanger jr,,01h6zxbgp9780qvf2q3gwp2mar,ok
,Vertical,Faden W Bib Ski Pant W-PRO 10000,,01h6zxbkzzxh99pkree356yh1a,ok
,Endurance,Vito M Lite Shoe,,01h6zxbe1pacjb0r3f23m0r8qm,ok
,Mizuno,Mizuno Spark 6 W,,01h6zxbjv7j0pb9y5tcje24v8k,ok
,Endurance,Venue M Performance Tee,,01h6zxbjwd817yvj6xvgbm7rvz,ok
,Endurance,E-Light V10 W Shoe,,01h6zxbe1hpqnvy10gkvysb7ed,ok
,Graffiti,Dunc Knitted Hat,,01h6zxbecazvsc7agm2rhw21z0,ok
,Heldre,Rabben tøffel (M),,01h6zxbhcc37w0s6bj6saebxek,ok
,Ox,Adjustable Weight Bench,,01h6zxbkzqb2fweaf938aa3sjb,ok
,Endurance,Managua waterbelt w/2 bottles,,01h6zxbec45bpy1n49ssjxfg9s,ok
,Kinetic,Norske Silden 60g 5pcs,,01h6zxbjvraza7h8qz83w9m88q,ok
,Vikafjell,Finse Merinoull lue/hals junior,,01h6zxbdp0sa9ejmbqge8p93wg,ok
,MOLS,Embong Kids Winterboot WP,,01h6zxbhcxxbztxksjrvwfe4mc,ok
,Kinetic,Kinetic Tackle System Bag w/Boxes,,01h6zxbk7b2y1n9vt5z2bjqm00,ok
,Vikafjell,Halling fleecegenser Jr,,01h6zxbjfsw785fng5qr5s61qm,ok
,Vertical,Randa M Pro-lite Jacket,,01h6zxbhcynvxnj892nkcttqe1,ok
,Kinetic,Kinetic Sild 300g 2-Pack,,01h6zxbc5cw27mzhrxs9676cwb,ok
,Kote,Acty (28-35),,01h6zxbk89sg85mtda1j8w6144,ok
,Endurance,Jilldana W Balloon Sleeve Sweat,,01h6zxbm12gx3j4fe77t6rhvfn,ok
,CMP,Kinos Snow Boots WP 2.0,,01h6zxbkzxhjtdqnad12mp16vv,ok
,Ticket to The Moon,TTTM Compact Hammock Hengekøye,,01h6zxbj577txr94a0gdz185zz,ok
,Sway,Sway Ogna (22-28),,01h6zxbj46rekadztgr0kdbkq7,ok
,Endurance,Trail Kids WP Outdoor Shoe,,01h6zxbddkehqfnk1d55chtrrw,ok
,Diadora,Mythos Blushield Elite W,,01h6zxbe2hwc0vkprbe14mhw9e,ok
,Athlecia,Julee W Loose Fit Seamless Tee,,01h6zxbjvjd7r7y07qqet51gph,ok
,Kinetic,Kinetic Sabiki Rigs 5-pack Torsk/Makrell,,01h6zxbcgxh8ry2fwpb4jjdn17,ok
,Vikafjell,Marken Jakke M,,01h6zxbh1jhn2vw079xxmt1wxt,ok
,Puma,Ess logo Lab Hoodie,,01h6zxbms4tv90a65xa46mbzb6,ok
,Kari Traa,Liv Headband,,01h6zxbmtdxm25a6ztvte4rezk,ok
,Sway,Kemps,,01h6zxbk8pp9374qx1msvx1tjq,ok
,Heldre,Hedlo Ullsett - Herre,,01h6zxbh13zdqtfbqjcncn09jq,ok
,Move Mountains,BO Men II,,01h6zxbe2bpqdsm7ywar9a25c2,ok
,Puma,Ess logo Lab crew sweat,,01h6zxbmtba1k6vym0qhbfw9xr,ok
,Kinetic,Alt du trenger til havfiske,,01h6zxbe15djsayebce918yvd6,ok
,Heldre,Chert 15L,,01h6zxbe2gt1n6jwyavhttyk7a,ok
,Puma,Active tee M,,01h6zxbmc5whta7egvajhtvtdc,ok
,Röhnisch,Essence Logo LS,,01h6zxbm0bb7bf5kx9vb3z3ds1,ok
,Ox,OX Dumbbell Rack,,01h6zxbkmfgr42y8z13hf9kgg8,ok
,Heldre,Bekkjavik dunjakke dame,,01h6zxbk8184c7snyghx0vpr7f,ok
,LMNTS,Hipster Girl,,01h6zxbctg4xar1eba803rbc04,ok
,Röhnisch,ULLIE PANTS,,01h6zxbdqd07p6tmedvzyw47sw,ok
,Röhnisch,HAZEL TIGHTS,,01h6zxbdqd07p6tmedvzyw47sv,ok
,Sway,Knit Fritidssko M,,01h6zxbed6rmx64sd0m5d14vvn,ok
,Puma,S/S Tee W,,01h6zxbhresgy5w9hdgkbvneh6,ok
,Tufte,Tufte Hipster,,01h6zxbdcx25hm8s7jwdkdj53m,ok
,Skins,DNAmic Men Long Tights,,01h6zxbdd2xv7v46c5k6x9v1pt,ok
,Cruz,Kev M S-S Tee,,01h6zxbj4skv7w8zyxnbf6h87m,ok
,STAUT,Proteinbar uten tilsatt sukker D-pak 18 Salty Caramel,,01h6zxbmdwghf428s8h960bkfb,ok
,Röhnisch,Stripe Puff Tee,,01h6zxbgcx3ycqgqrvaw620zjz,ok
,Nike,Nike Revolution 5 PS,,01h6zxbj4jp9v4f6hpjnggrhss,ok
,Endurance,Caserta M Melange Long Run Tight XQL,,01h6zxbc49596gxzw0bd1dj7tz,ok
,Umbro,Velocita Athl Trn Shorts,,01h6zxbgpkqyp3admbtnxvchar,ok
,Saucony,Saucony Triumph Iso 5 Dame,,01h6zxbgpjpj9mdk1nyxvfks7p,ok
,Bula,LOGO BEANIE,,01h6zxbc5qk5jzw6dmrvv8akwz,ok
,Cruz,Morgan W canvas shoe,,01h6zxbe1fr793xrkr1gy6rarc,ok
,Skins,DNAmic Women Long Tights,,01h6zxbdd3vnjkvejgp89c71t4,ok
,Endurance,Kulon M S/S Performance Tee,,01h6zxbhcsc96nx3aa5mnmq5x1,ok
,Heldre,Jan Mayen Beerenberg Nikkers M,,01h6zxbhc4yxnwn2hsksrg31qt,ok
,Northug,Sunsetter Beachvolley Vikings,,01jhq0q3961tngk4eanksxdsps,ok
,Heldre,Røros varmesåler,,01h6zxbm08549bcgah4v3tvder,ok
,Endurance,Reflective-Run M Tee,,01h6zxbjwd817yvj6xvgbm7rvy,ok
,Heldre,Rakkar M,,01h6zxbe1wyfwjxh8qpen8txz3,ok
,Puma,Ess logo lab tee G,,01h6zxbms4tv90a65xa46mbzbb,ok
,Endurance,Styla W Hybrid Vest – Primaloft,,01h6zxbmd5wn1zw39sxb9f1wfq,ok
,Kinetic,"Kinetic Super Mono 0,45mm 275m 13,7 kg",,01h6zxbc5cw27mzhrxs9676cw0,ok
,Fila,Fila T-shirt Robin Kids,,01h6zxbhceh3696xewpx1paxte,ok
,Sway,Howard Ryggsekk,,01h6zxbkm9dnbw2v4x974j55gr,ok
,Umbro,Stretford sweatpant,,01h6zxbgpe60ttf3n60761rxy7,ok
,Cruz,Truda W Lite Shoe,,01h6zxbe1gd84azjtn220nyaqq,ok
,Kinetic,"Kinetic Super Mono 0,40mm 330m 10,2 kg",,01h6zxbc5cw27mzhrxs9676cvz,ok
,Umbro,Stretford sweatpant W,,01h6zxbgpft6v266r5p2ya6m7c,ok
,Treksta,Bolt Lace GTX Dame,,01hcc4w745nd0qgkqzgsshn70m,ok
,LMNTS,Ottawa Mitten junior,,01h6zxbdq80nnxzqnymacycnzc,ok
,pyttpytt,PyttPytt Skøy (21-30),,01h6zxbjghqs4zkn0zg3082kpt,ok
,Vossatassar,VT LUE,,01h6zxbgcvpa6gy1rjq3t7ygx4,ok
,Daniel Franck,Djerv Sherpa Fleece,,01hkq4y650y5t5n9p7brm0g00c,ok
,Heldre,Jotunheimen 85L,,01h6zxbmskensyqt1d7a51a1z3,ok
,Tiny Trolls of Norway,Frysepinn Ullvott,,01hphbsavdsg21y6jp32r8rd78,ok
,Mizuno,WAVE LIGHTNING Z5(U),,01h6zxbk762a1bpcdtw9cgdapw,ok
,Vertical,Abellanna W Long Padded Jacket,,01h6zxbkzzxh99pkree356yh1e,ok
,Vikafjell,Tokyo Long Jacket (W),,01h6zxbj4133pr2w516qvtd6y7,ok
,Vikafjell,Vilter sweater high neck W,,01h6zxbdpbmsz09b8kv3ej4d3e,ok
,Kinetic,Alt du trænger til kystfiske,,01h6zxbe15djsayebce918yvd5,ok
,Outdoor Research,Women's Sureshot Heated Softshell Gloves,,01h6zxbmcvajye5qrthp4zrb1f,ok
,Bergans,Bergans Oppdal Insulated Pnt H,,01h6zxbeprgaet6rehm81bg54e,ok
,Hestra,isaberg Czone Jr -mitt,,01h6zxbhd7ghastjs0jraeraf3,ok
,Levi's,Levi`s Pool Slippers,,01h6zxbk73xnysyh6c29f3bds7,ok
,Puma,Ess logo Lab sweatpant Fl B,,01h6zxbms5xxmdjs6jbmvssxwj,ok
,Adidas,CRAZYCHAOS SHADOW 2,,01h6zxbm1egfqh2stk9651etw6,ok
,Q,Venee W Running Jacket,,01h6zxbgnn5z4ycq6ycnzywh8r,ok
,ZigZag,Leisham Kids Reflective Boot WP,,01h6zxbm1dzbafmfn48d5kcj11,ok
,Puma,Ess logo power cat woven shorts,,01h6zxbms4tv90a65xa46mbzba,ok
,pyttpytt,Storm regnsett,,01h6zxbdpkdx9j53aw1d7xq0qq,ok
,Cruz,IDRE MEN SKI HELMET,,01h6zxbc44aa0c6fya37mw1wxj,ok
,Vikafjell,Sandviken Jacket Kids,,01h6zxbdpszgvkv9waxebnycz3,ok
,Heldre,Fox Fleeceset,,01h6zxbfqqmhwgx05234kpx73b,ok
,Röhnisch,Essential Logo singlet,,01h6zxbjvy3b7n34nnn8rvw068,ok
,Kote,Tinden WP 37-41,,01h6zxbm0hesg8jx17g5n4a1pg,ok
,North Pro,Camp tee,,01h6zxbm0q2rg48g4rqderczrs,ok
,Kinetic,Kinetic Supra Spin 3pcs Combo 12' 7-50g,,01h6zxbfqe1mwtrvmexw7v0vtj,ok
,Vertical,Ace Jr Ski Jacket W-PRO 10000,,01h6zxbhcynvxnj892nkcttqe6,ok
,Move Mountains,REBEL Junior II,,01h6zxbe2cj73mk5jm307rbb3w,ok
,pyttpytt,Klissklass regnvott,,01h6zxbdpmr67zdry89mzdxe6w,ok
,MTiger,MTiger X10-EVO,,01h6zxbjgwxz9t5nagnxrmbpm0,ok
,Elan,Wingman 78 C,,01h6zxbhr6ezsy9q2fs6wye96a,ok
,GUPPY,Dalia sweat pant kids,,01h6zxbmsf9831bvw7fv53m52n,ok
,Staal,Staal Niste Matboks - Stor,,01h6zxbk83dvfac3nj6zazd78k,ok
,Vikafjell,Vilter Sweater junior,,01h6zxbebqcfxvkajsza621kq7,ok
,Heldre,Vierli Ullsokk - Dame,,01h6zxbh105yjdgd85n5bayysw,ok
,Vertical,Gigia Jr Ski Jacket W-PRO 10000,,01h6zxbkzzxh99pkree356yh1f,ok
,pyttpytt,Lom Vinter Jr,,01h6zxbh0z2y9mrfa9t9ewj0h5,ok
,Endurance,Grosseto M 2 in 1 Shorts,,01h6zxbhcr51r9anc4d09xwt2m,ok
,Twentyfour,Finse Origin Dunjakke D,,01jndtd4cnp1x6g0fhxmjy8r9h,ok
,Zamberlan,Tubetti Crema HYDROB,,01h6zxbdqbnd1pk0jx02re0zmj,ok
,Graffiti,Aquae Ski Jacket W-GUARD 10000,,01h6zxbdq40fc1a1bwrmc6r7v4,ok
,Heldre,Nubben 3-lags Skalljakke - Junior,,01h6zxbjwj70te1kk9m7vdndgm,ok
,Johaug,Sheen tights,,01h6zxbj3zgv88953h5k43wbkb,ok
,Vossatassar,VT ULL BALACLAVA,,01h6zxbgcwex1jqcsneh4989x6,ok
,Karrimor,Refuel 2+2 Drikkesekk,,01h6zxbfqc6qfg314hymxx8rhq,ok
,Endurance,Celandina W Anorak,,01h6zxbhcsc96nx3aa5mnmq5wr,ok
,Heldre,Slumre Pyjamas M,,01h6zxbed21rvr3z9h0aws7zvb,ok
,Heldre,Skarven jakke,,01h6zxbe1wyfwjxh8qpen8txz8,ok
,Puma,KA hooded jacket,,01h6zxbgc8f1a58x2hvsp6p69a,ok
,ASG,Fitness Mat Pro,,01jfaa6xb0hqhg10fq9t517xd3,ok
,Cruz,Harrodsburg M Cork Sandal,,01h6zxbe1fr793xrkr1gy6rarg,ok
,Mizuno,Wave Paradox 5,,01h6zxbh1z8rqzkxvjp9aek2we,ok
,Sway,London løpesokk 2.pk W,,01h6zxbdqbnd1pk0jx02re0zm4,ok
,Wm,Susanne 3i1 Parkas,,01h6zxbecm22b2at3a5kr5x71z,ok
,Comfo,Heimen,,01h6zxbgpft6v266r5p2ya6m7k,ok
,Vertical,Randa Jr. Pro-lite Jacket,,01h6zxbhczps3wfsd0hy8gkdhd,ok
,Endurance,Parbino Jr.Unisex Melange S/S Tee,,01h6zxbhct0r7zm9rrbxtz6t6j,ok
,Endurance,Roland M SS Performance Tee,,01h6zxbkm06s1axfrvp24k4tbr,ok
,Evon,Evon Balansesykkel,,01h6zxbk8cers91w41cpc26hn0,ok
,pyttpytt,Ruskevær Sydvest,,01h6zxbkm24d73734g611xg153,ok
,Flex, Flex Gymsko skinn,,01h6zxbhrcd55xmta61xdz751s,ok
,Endurance,Zaragosa W 3/4 Tights,,01h6zxbjwenkns07526vgx64s4,ok
,Morild,Glitre lue ,,01h6zxbmchg3gd39wcye0bxrzm,ok
,Vikafjell,Ullnikkers - Gutt,,01h6zxbdcx25hm8s7jwdkdj53b,ok
,Endurance,E-Light V10 M Shoe,,01h6zxbe1hpqnvy10gkvysb7ec,ok
,Endurance,Refleksbelte,,01h6zxbm06zzg9zjf9askbnfk8,ok
,Endurance,Vernon Jr. Unisex Performance S/S Tee,,01h6zxbj4jp9v4f6hpjnggrhsr,ok
,Kinetic,Norsk Gummimakk 8/0 Mix 5pcs,,01h6zxbc5d07q1p78hafqprgy3,ok
,Sway,Sevi 28-35,,01h6zxbm0hesg8jx17g5n4a1pk,ok
,Endurance,Helmond W Top w/Bra,,01h6zxbdckzazbtpk8swxx9wt7,ok
,Endurance,Franz W Printed Tights,,01h6zxbe1m2a1hw4b59b3n2e68,ok
,Vikafjell,Stoltzen Pant W,,01h6zxbebyr33ka3ha3j9j02k3,ok
,Cruz,Windermere Neoprene Socks,,01h9g01cbraa73gc4950njnkqy,ok
,Endurance,Franz Glossy Print Waist Tights,,01h6zxbgcpw8rt2yyp37tgay4c,ok
,CMP,Woman Coat Zip Hood,,01h6zxbhd4deadg5e6tehr21xa,ok
,Umbro,Axis TF Jr,,01h6zxbmdrdd8939k2a1v8nd5t,ok
,Elan,U flex Mars QS,,01h6zxbec363jn4d2gvnccwt3n,ok
,Heldre,Heldre Vestlia 2layer Hoodie (W),,01h6zxbjft8vspfxm61b9rnqr2,ok
,Endurance,Govina W Loose Fit S/S Tee,,01h6zxbec6dgq8ebpnk39b7283,ok
,Heldre,Rakkar W,,01h6zxbe1wyfwjxh8qpen8txz2,ok
,Abilica,BalanceBoard Labyrinth,,01hd39s6249jd4c8zk1kd6n79c,ok
,Endurance,Govina W Melange Loose Fit SS Tee,,01h6zxbec7t3hhhhmsey2ptc93,ok
,Vikafjell,Vang Jacket W,,01h6zxbebxrgmbvrk5c6ht8g25,ok
,Kinetic,Kinetic Hi-Tec Spin 3 Combo 9' 3-15 g 3pcs,,01h6zxbc5as1atxvxjrbmtr5ww,ok
,Umbro,Axis AG VE Jr,,01h6zxbmdrdd8939k2a1v8nd5s,ok
,Hike Sport,Lyngen Pant W,,01h6zxbectmyq67t1s5nxet5rk,ok
,Kote,Kratt W,,01h6zxbh0z2y9mrfa9t9ewj0h9,ok
,Missing Link,Svalbard Dunjakke dame,,01jyp2he1r7h1w4yx9fn4z0z31,ok
,Missing Link,Lyngen 3-lags Skibukse dame,,01jyp3d0p0hptsrzk69ged38qw,ok
,Diadora,Mythos Blushield 3,,01h6zxbecxghk01cck0ntec37f,ok
,Heldre,Voss softshell pant M,,01h6zxbdpszgvkv9waxebnycyx,ok
,Endurance,Alec W Printed Tights,,01h6zxbgcmm3gkqbqysj9v9x4x,ok
,MOLS,Sannata Winterboot,,01hnf6bcrbfakjgn6ekqrf99ah,ok
,Puma,Ess logo lab Tee,,01h6zxbms4tv90a65xa46mbzb5,ok
,Vikafjell,Naglabete Tåvarmer 1 par,,01jvpt8pan05j3h8s3xfr1p150,ok
,Move Mountains,HOVIN Junior,,01h6zxbe2bpqdsm7ywar9a25ch,ok
,Puma,Merchant Hoody M,,01h6zxbm0bb7bf5kx9vb3z3ds5,ok
,Sway,Sway Indoor Velcro junior,,01h6zxbdp90266vwp45qy05ck1,ok
,Leki,Leki Sport Vision Jr,,01h6zxbjgf7cecc8xethkbqz0t,ok
,Kote,Garen jr,,01h6zxbgpan2pxa9khypc1c7hq,ok
,Sway,London løpesokk 2pk,,01h6zxbdqbnd1pk0jx02re0zm5,ok
,LMNTS,Jotunheimen Turstav,,01h6zxbdcs2erapwmhsmqpa0px,ok
,Vikafjell,Sørefjell Bukse - Dame,,01h6zxbecrjrw6f2a7b98rjk5z,ok
,Bula,Nite Pajama Pants,,01h9femfx3qgskfhr0wmd0jg6a,ok
,Tørst Energidrikk,Tørst Sukkerfri 500 ml - 24 stk.,,01hxgqh4h2x4k2fnk0wz6a5e7f,ok
,Puma,Merchant shorts M,,01h6zxbm0bb7bf5kx9vb3z3ds7,ok
,Heldre,Svolvær merinoull hanske,,01h6zxbm0gz76na53kc1w8m1a1,ok
,Endurance,Patrick M Sweat Short Pant,,01h6zxbhcv76gh0tntka6yawr2,ok
,LMNTS,Thunder Bay glove junior,,01h6zxbebhdq66sxcd1f0zy8r7,ok
,Evon,Dallas Sparkesykkel,,01h6zxbk88jck14nncs0wsspwx,ok
,Vikafjell,Finse Lue og hals i merinoull - Barn,,01h6zxbdp0sa9ejmbqge8p93wh,ok
,pyttpytt,Vasse 20-30,,01h6zxbm08549bcgah4v3tvdey,ok
,Heldre,Norheimsdalen Pakkbar Dunjakke - Herre,,01h6zxbj42n30qxgb6mqs5rpmw,ok
,Endurance,Ella W SS Melange Tee,,01h6zxbgcnv0934xn4k79bv740,ok
,Scott,Shoe Kinabalu RC W,,01h6zxbj55mbxw4c20vcr76a8a,ok
,Famme,Vortex Leggings,,01h6zxbj51x5semhxr16przepm,ok
,Swew,SWEW Hengekøye,,01h6zxbj4damn0xzfasa7q7xr3,ok
,Daniel Franck,India Padded jacket,,01h6zxbgpzdj53qtfp3nkh7wsb,ok
,Abilica,XC TrainingBand Set ECO,,01h6zxbjfv2zmf8r1dtx9rvs66,ok
,Vikafjell,Vangen Pant M,,01h6zxbhc0e2cjjr8v7pf52h0f,ok
,Endurance,Summia W Printed Midlayer,,01h6zxbjwf4899v3qt86mx0323,ok
,Endurance,Rugen W Top Functional Jacket,,01h6zxbdpz7rvjyt7tbnrnzp46,ok
,Levi's,New Union Sneakers,,01h6zxbm0d9w7dzsf70j2s3hj3,ok
,Röhnisch,Logo Stripe Tights,,01h6zxbkk38ejmp1fyfmzne6zc,ok
,Lars Monsen,Børgefjell bukse,,01h6zxbm19kgr205w2x5pqreqb,ok
,Sway,Kastrup Trillekoffert 35L,,01h6zxbgnrrx9q1pmqydrmc582,ok
,Outdoor Research,Ferrosi Hooded Jacket - Herre,,01h6zxbdd46t95hqe8fzhkptfh,ok
,Endurance,Angusal Cool-Tech Sleeveless Tee,,01h6zxbms92e3rkp8y7g6pft6d,ok
,Puma,Merchant hoodie B,,01h6zxbmc41twhcc6r11rcqxax,ok
,Kinetic,Kinetic Sabiki Torsk 4-pack,,01h6zxbk79r6fhaxs15x2kbt9k,ok
,Endurance,Stolbergen M Light Weight L/S Tee,,01h6zxbjfmys63b6ejt44b87cb,ok
,Vikafjell,Lyngen liggeunderlag,,01h6zxbk89sg85mtda1j8w614a,ok
,STAUT,Staut Sportsdrikke 1 kg,,01h6zxbmcsm0jmc9ka2ky2n5ed,ok
,Heldre,Draum sovepose (sommer),,01h6zxbfqmte58mxz71mc7csd3,ok
,Heldre,Skogen Jakke - Barn,,01h6zxbh1hn5ya9w8sh8f0qcrn,ok
,Kote,Skau 39-46,,01h6zxbmc61bkq21wy33fxnsxa,ok
,Mitchi,Elisabeth Pant,,01h6zxbhs1vrfz6tkyzy9ke834,ok
,Sport Norge,Tekniske løpesokker - 2 par,,01h6zxbk865nwwf08nnqf8jxzv,ok
,Endurance,Nami W Hoody,,01h6zxbjwgp00zapfjrwq14wn9,ok
,Endurance,Onowan M Midlayer,,01h6zxbjgvjj2tf1f5x8r84zsz,ok
,Heldre,Vik regnfrakk,,01h6zxbe1wyfwjxh8qpen8txz0,ok
,Vertical,Jaxa M Pro-Lite Jacket,,01h6zxbhcynvxnj892nkcttqdy,ok
,Diadora,Falcon babysko,,01h6zxbjwj70te1kk9m7vdndgk,ok
,Vikafjell,Glomma bukse junior,,01h6zxbmcp59r1xymn45mjndec,ok
,Ox,OX Armidale Magnetsykkel,,01h6zxbm00jvnc9hkgy59p46n1,ok
,Vertical,Roumatan M Thinsulate Knit Glove,,01h6zxbjfgnj1nh41redeyktrf,ok
,Heldre,Skansen tursekk 40L,,01h6zxbk88jck14nncs0wsspww,ok
,Craft,Core Essence SS Mesh Tee M,,01h6zxbhscwnbr6te3cc3yjbtv,ok
,Kote,Knaus Low M,,01h6zxbh125x49d1fy2cbprfje,ok
,Endurance,Campeche Jr. Embossed Tights,,01h6zxbdq39a56b7fxzedwzssg,ok
,Endurance,Rainer M SS Performance Tee,,01h6zxbkm06s1axfrvp24k4tbs,ok
,Sway,Allroad II 41-46,,01h6zxbm0manmxxkvkvyg5xx88,ok
,CrazySafety,Cool Heart Bicycle Helmet,,01k2ehz3ya97bqz030t689vphs,ok
,Missing Link,Lyngen 3-lags skibukse herre,,01jeznrmd30f1zywtajxbdtvkh,ok
,Alien,Echo Skibriller,,01h6zxbhdrbk0d8da6962tndg7,ok
,Northug,Sunsetter junior,,01jhpzxajefwgf0k2mwz552w39,ok
,Mizuno,Mizuno Wave Ibuki GTX W,,01h6zxbfc8yv3k4ncd085kvpzh,ok
,Endurance,Blaga M Hyper Stretch Training Pant,,01h6zxbhcv76gh0tntka6yawr1,ok
,Sway,Hallingskarvet jakke M,,01h6zxbe19yjmz7bbb2aj9cv35,ok
,Vikafjell,Vikafjell Bavallen Bukse,,01h6zxbjfx0c4v87x9s753j7eb,ok
,Heldre,Jan Mayen Hike downjacket (JR),,01h6zxbjg8ydb7j5e4a84fg6q0,ok
,Endurance,Sterling M Running Shoe,,01h6zxbe1pacjb0r3f23m0r8qg,ok
,pyttpytt,Ruskevær regndress,,01h6zxbkm24d73734g611xg152,ok
,Mizuno,Wave Prodigy 3,,01h6zxbkk38ejmp1fyfmzne6z0,ok
,Kinetic,Little Viking Fun Fishing Kit,,01h6zxbhs4fm1j6rnj4rn70dtq,ok
,Endurance,Bangka M Lite Shoes,,01h6zxbgd1h7bpn7q4qf3ykxv3,ok
,Endurance,Leomig M Midlayer,,01h6zxbjwd817yvj6xvgbm7rw0,ok
,Move Mountains,REGO,,01h6zxbgq1wx9mb1ryr29wr7by,ok
,Kinetic,Beaster CT 8' Tele ML 5-24g 9sec,,01h6zxbk77731b23axs3mpsdww,ok
,Diadora,Mythos Blushield Hip 4 W,,01h6zxbecxghk01cck0ntec37e,ok
,Twentyfour,Finse Softshelljakke D,,01h6zxbmtdxm25a6ztvte4rezh,ok
,Endurance,Snook W Top,,01h6zxbc4bewp6462egf4agbaq,ok
,Vikafjell,Morgedal #norging T-skjorte Junior,,01h6zxbhspqx89ehrxyzjg0269,ok
,Graffiti,Yarmena Kids Shoe,,01h6zxbkzry80d40w7fapm0f8d,ok
,Röhnisch,Ebbis wind pant,,01h6zxbm0bb7bf5kx9vb3z3ds3,ok
,Tufte,Mens Active Shorts,,01h6zxbed3nkcmmfqsyxhmqwky,ok
,DO2,Ardiden Trøye LS,,01jy1chea5v3k9txpwz76j38p5,ok
,Endurance,Napier W Tight,,01h6zxbc4e9s06awmyprbnan2e,ok
,Heldre,Thor Low Neck kontrast,,01h6zxbed0h71gbrfermzfp02m,ok
,Kinetic,Kinetic Finnmark Tele Combo 6` 4-21g,,01h6zxbhs1vrfz6tkyzy9ke831,ok
,Endurance,Coruna W Loose Fit Top,,01h6zxbe1n3n3a4xke7q4qearv,ok
,Heldre,Chert Ryggsekk 22L,,01h6zxbdqaj8vg2cbwnjjkfyme,ok
,Kamik,Torpedo gtx,,01h6zxbe25cgb5baqjkjk9ac4f,ok
,Endurance,Tingstan M Outdoor Shoe WP,,01h6zxbkzry80d40w7fapm0f8b,ok
,Northug,Cotton sportsock 3pk,,01jhqqe3wzwpawwqcpkgvq2an4,ok
,Endurance,Edwardo M Logo Tee,,01h6zxbhcv76gh0tntka6yawqy,ok
,DO2,Ardiden Trøye SS,,01jy0wvw72czxqcrgnqfsxv3xh,ok
,Hike Sport,Skjær turshorts M,,01h6zxbm0fsxmngqk640v36tk9,ok
,DO2,Grimstad Trøye LS Dame,,01jygsda4t4qc7cf4nb2br81eg,ok
,Move Mountains,VARSI sneakers m/borrelås 22-27,,01h6zxbhryryk6jkbn4t2gmesq,ok
,Kinetic,Kinetic Supra Telescopic Combo 9' 15-45g,,01h6zxbfqe1mwtrvmexw7v0vtk,ok
,Endurance,Berne M Waffle Midlayer,,01h6zxbhct0r7zm9rrbxtz6t6w,ok
,Berghaus,Ridgemaster GTX®️ skalljakke - Dame,,01h6zxbdd7q59p7zzhehjkaqaz,ok
,Kinetic,Kinetic Norske Silden 40g 4-pak,,01h6zxbc5cw27mzhrxs9676cwf,ok
,Heldre,Krossbu Thinsulate® Jakke - Herre,,01h6zxbkmceg2ssccm2avdmvzy,ok
,2XU,Compression Tights-M,,01h6zxbcf9t92jxx1vxbw03x7k,ok
,Nike,RACERBACK BIKINI SET,,01hqnckbf8ertp7mw4cd3t4cdc,ok
,Puma,Merchant sweatpant M,,01h6zxbms4tv90a65xa46mbzb9,ok
,Graffiti,Dicaprioana Cap,,01h6zxbmsc8ztkaebgr1dkv435,ok
,Heldre,Bykle Down jacket girl,,01h6zxbdq6smnrmv78w3h768pd,ok
,Sport Norge,Sammenleggbar paraply,,01h6zxbebjrf5n1sd9e4antk2e,ok
,Cruz,Daisee W Ribbed Bikini Top,,01h6zxbjwkpnb2aftc6y6f4fx1,ok
,Vikafjell,Meredith Coat,,01h6zxbe1wyfwjxh8qpen8txz4,ok
,Cruz,Valor W Top,,01h6zxbj4skv7w8zyxnbf6h87k,ok
,Treksta,Junior Boa Trail Low,,01h6zxbe23wybpab5bw3v8jr6k,ok
,Vikafjell,Kvitebekk skalljakke - Dame,,01h6zxbgqd9q1sf9rpmt3k7ymw,ok
,Graffiti,Konakry Kids Waterproof Shoe,,01h6zxbdq0p9kkg9j1kaajd6q4,ok
,Adidas,Adidas Mundial Team,,01h6zxbgqc6x0mtn3qnhynq608,ok
,Stiga,Snowracer Iconic,,01h6zxbk8hs5b5936m0bv355z9,ok
,Graffiti,Chogori shoes 24-35,,01h6zxbe1r5yg22n05mh9ac0vt,ok
,Nike,NIKE 5 Volley Short,,01h6zxbkm6r6ndcc5hxzsjb7qa,ok
,Sway,Sway Høyden,,01h6zxbec0jy0vfmfhyn8msxet,ok
,Johaug,FIT Heavy Compression Tights,,01h6zxbdd2xv7v46c5k6x9v1pe,ok
,LMNTS,LMNTS Boxer Boy,,01h6zxbctg4xar1eba803rbc00,ok
,Tretorn,Grånna støvel,,01h6zxbmds8xvfd7c7e5xyrfrz,ok
,RFX-Care,My Kit Flått fjerner,,01h8466wg0tkapfx2f5nm2mc0s,ok
,Heldre,Twin jacket lady,,01h6zxbed430seaq136q5vmsq7,ok
,Vikafjell,Olav Trøye,,01h6zxbdpmr67zdry89mzdxe6y,ok
,Heldre,Reverso 2-lags ull jakke girl,,01h6zxbdpszgvkv9waxebnycz0,ok
,Vikafjell,Vilter Sweater junior girl,,01h6zxbebqcfxvkajsza621kq6,ok
,Tiny Trolls of Norway,Fjellmusa (26-35),,01h6zxbjgcg99wts6wdg65zrsf,ok
,Kari Traa,NINA TIGHTS,,01h6zxbdqf69ax4e83fv16kezx,ok
,Umbro,Stretford Hoody,,01h6zxbgpe60ttf3n60761rxy6,ok
,Karrimor,Rain Cover 35-50 litres,,01h6zxbfqc6qfg314hymxx8rhn,ok
,Endurance,Karang M Lite Shoes 41-47,,01h6zxbgcmm3gkqbqysj9v9x56,ok
,Adidas,adidas Sport - Deodoriser - 200ml,,01hrpr2kbc7w13zeryhz1zvggr,ok
,Vikafjell,Sandviken Jacket Man,,01h6zxbddcpz5b49x40qb7cy50,ok
,Vikafjell,Camp -5 men,,01h6zxbdde7w52dcycqjhycrtg,ok
,Röhnisch,Logo Tights,,01h6zxbe1ywq1ded1723p48g9d,ok
,Vertical,Trinidad M seamless underwear,,01h6zxbc4wnxefjvkw7615hc9p,ok
,Graffiti,Ulys Kids Shoe,,01h6zxbec9gqam99kdz74fp8av,ok
,Graffiti,Dor Knitted Hat,,01h6zxbecazvsc7agm2rhw21z1,ok
,Vossatassar,ULLRIK PANT,,01h6zxbecedsv6qq7c9jwdzdmv,ok
,Vikafjell,Rauland Ullgenser - Dame,,01h6zxbh0gers109tjxkw29f63,ok
,Endurance,Karang W Lite Shoes 36-41,,01h6zxbgcmm3gkqbqysj9v9x57,ok
,Heldre,Magnus Jacket M,,01h6zxbhsnyr754msmemjwywqc,ok
,Sway,Stroll Man,,01h6zxbg0z372mp0xyzkak4kne,ok
,Bøyekøye,Lauvik Hengekøye,,01h6zxbg1m0yzatxdgfm7g75qc,ok
,Rhapsody,Dubiana W Hi-Cut Boots,,01h6zxbkzv49sqq38s1bv61x14,ok
,CMP,CMP Hoty W Snow Boot,,01h6zxbkzxhjtdqnad12mp16vt,ok
,Puma,Merchant Tee M,,01h6zxbm0bb7bf5kx9vb3z3ds4,ok
,Umbro,Axis TF VE Jr,,01h6zxbmdrdd8939k2a1v8nd5v,ok
,Röhnisch,Leya Logo Tights,,01h6zxbmchg3gd39wcye0bxrzy,ok
,Graffiti,Truen Printed Mittens,,01h6zxbjfgnj1nh41redeyktrd,ok
,Röhnisch,Essential Logo LS,,01h6zxbj560sd3h5a7wbdp7e7z,ok
,Heldre,Liatoppen 1/2 zip fleece Lady,,01h6zxbddcpz5b49x40qb7cy4x,ok
,Sway,Summer Sandal,,01h6zxbdparweacyh7sgnzygn7,ok
,Marmot,Wms Ouray DZ,,01hwqm3css8qc8ahpnfpm80ks6,ok
,Puma,Graphic Sweatpants TR cl B,,01h6zxbjw84vjwk2rydzmp3wjf,ok
,Lars Monsen,Monsens Baligryte,,01h6zxbm0aw3vdnm0m3rvdr0a4,ok
,Sway,Healy Fritidssko - Dame,,01h6zxbk865nwwf08nnqf8jxzz,ok
,Whistler,Kingero Unisex Icepig Boot WP 37-46,,01h6zxbjfeneamnrx1rh9t7b2s,ok
,Endurance,Civita W Melange Seamless Sports Bra,,01h6zxbc4d9ewgb2nkv5fprjyr,ok
,Röhnisch,Logo Sport Bra,,01h6zxbe1xkrkwbtv5f2d93sxt,ok
,Kari Traa,TOVE MIDLAYER,,01h6zxbgq7se4wkzcfcdsfjnsz,ok
,Move on,Kvitfjell pant W,,01h6zxbectmyq67t1s5nxet5rn,ok
,2XU,Pace Compression Shorts,,01h6zxbdcz7k6zqwcdmx1dc52v,ok
,Move on,MoveOn Trysil Dame Anorakk,,01h6zxbdqd07p6tmedvzyw47sr,ok
,pyttpytt,Storm bukse,,01h6zxbk8hs5b5936m0bv355zd,ok
,Ox,OX Bordtennis sett,,01h6zxbkm4471vc4zq7rbmgqdw,ok
,Nike,CROSSBACK SPORT BIKINI,,01hqnh1d6v3869ds4xh56r7wn8,ok
,Helly Hansen,JK MIDSUND,,01h6zxbed1zes6rhkzzvx5dqbg,ok
,Cruz,Peru M Lite Shoe,,01h6zxbe1fr793xrkr1gy6rars,ok
,Cruz,Peru W Lite Shoe,,01h6zxbe1fr793xrkr1gy6rart,ok
,Endurance,Rosemary Sports Bra,,01h6zxbj4v8nt89etmf8fh0p5y,ok
,Kinetic,Kinetic Mosquito Jacket,,01h6zxbhs4fm1j6rnj4rn70dtt,ok
,Primus,Primus Micron Lantern Glass,,01h6zxbeq7xfs2k399cwcz9bf1,ok
,Bula,Camo Merino Wool crew,,01h6zxbgqc6x0mtn3qnhynq60g,ok
,Heldre,Lina Jacket D,,01h6zxbe1wyfwjxh8qpen8txzg,ok
,Heldre,Isdalen termos,,01h6zxbe1ywq1ded1723p48g9f,ok
,Vikafjell,Marken Jakke W,,01h6zxbh1hn5ya9w8sh8f0qcrr,ok
,Vikafjell,Airscape 30L Ryggsekk,,01h6zxbc565xp3na916fr7bfe6,ok
,Kinetic,"Super Mono 0,20mm 500m 3 kg Clear",,01h6zxbcgwdpt5tsce61wv7rrt,ok
,Heldre,Gol Jacket Junior,,01h6zxbdpqc6vc5vgqsb43tj5e,ok
,Heldre,Tora High Neck,,01h6zxbdpx8pcsd1y1z10n2bg1,ok
,Vertical,Sakami W Long Softshell Jacket W-Guard 8000,,01h6zxbdq1a2q24cn3f1bzgwy9,ok
,Snjór,Chamonix Coat (W),,01h6zxbhcjkb0ab071q0g2f829,ok
,Heldre,Besso Ull T-skjorte - Herre,,01h6zxbfqqmhwgx05234kpx73t,ok
,Kari Traa,KT Nora Tights,,01h6zxbeqgb5zp9p87fkcy5qt3,ok
,Vertical,Dandyon W Anorak W-PRO 10000,,01h6zxbm0zjgzz61rdnpht7s2c,ok
,Röhnisch,Roselyn Seamless Tights,,01h6zxbkk43gzvvxyvt3s7kq0q,ok
,Endurance,Reflective-Run M Midlayer,,01h6zxbjwd817yvj6xvgbm7rvs,ok
,Cruz,Nolane M S/S Tee,,01h6zxbjwkpnb2aftc6y6f4fws,ok
,North Pro,Dawson Tee,,01h6zxbk865nwwf08nnqf8jy01,ok
,Vikafjell,Campingstol,,01h6zxbk89sg85mtda1j8w614e,ok
,pyttpytt,Indian Coat W,,01h6zxbebxrgmbvrk5c6ht8g20,ok
,Heldre,Lofoten sovepose - Dame,,01h6zxbj4cn35cs3yp3pjcgg5y,ok
,Snøfall,Snøfall Ullsokk 2pk,,01h6zxbn4d7gm94jgmx0cddpew,ok
,Heldre,Krokavatn Pant W,,01h6zxbdq6smnrmv78w3h768ph,ok
,Endurance,Hugoee M Vest,,01kvf7hp4cthq23gcxkr4hrdph,ok
,Umbro,Furio Hoodie,,01h6zxbe2dvp5vnz95smwc9aww,ok
,Scott,Kinabalu Supertrac W,,01h6zxbdpkdx9j53aw1d7xq0qf,ok
,Endurance,Blags V2 M Hyper Stretch Shorts,,01h6zxbjgvjj2tf1f5x8r84zt0,ok
,Northug,Oppdal Training Jacket Wmn,,01j98ks6djtfpj1m5p00db703b,ok
,Kinetic,Kinetic Supra Spin 3pcs Combo 9' 7-50g,,01h6zxbfqe1mwtrvmexw7v0vth,ok
,Vikafjell,Vandring lakenpose (mummy),,01hhm4yxgsftrhhbsk7gvka4ag,ok
,Endurance,Evolution Smart Watch,,01h6zxbm1cdj5e6w0r1nn0qvh5,ok
,Vikafjell,Småtur termos 1 L,,01h6zxbc5f468d47s519dehvbs,ok
,Staal,Besseggen termoflaske,,01h6zxbjvp1qjgh5jch4p16y01,ok
,Outdoor Research,OR Dry Isolation Pack,,01h6zxbe291ej7qr0k97v0fvrc,ok
,pyttpytt,Lett bris regntøysett,,01h6zxbdpp2142m7x7h256qtzb,ok
,Sway,Sway Puna 36-41,,01h6zxbfqdfawvdgbnbfhcazjv,ok
,Heldre,Etna vott,,01h6zxbebnfn8sm6kmkhy79kf6,ok
,Endurance,Camatonan M Printed Tee,,01h6zxbjgvjj2tf1f5x8r84zst,ok
,Whistler,Muskuan M Goodyear Shoe WP,,01h6zxbkzry80d40w7fapm0f8m,ok
,Outdoor Research,OR Peruvian Hat,,01h6zxbe204mn5nr02a3d47xxd,ok
,Sway,Oxford shape set kids,,01h6zxbebnfn8sm6kmkhy79kf1,ok
,Endurance,Vanilla W Melange Seamless Midlayer,,01h6zxbec5z87dm57hde9nnsdh,ok
,Heldre,Jan Mayen Hike downjacket (M),,01h6zxbjg7j6n5n9b1z1qvy9rn,ok
,LMNTS,Dartpiler,,01h6zxbdct7cqnjrj8fw43veek,ok
,Endurance,Lissabon M Lite shoe,,01h6zxbc4n8maczph9ffzcr5vr,ok
,Move Mountains,SANDE 36-41,,01h6zxbgq2krdekcp1mtt0q4bh,ok
,Endurance,Crockett M Long Compression Tights,,01h6zxbc4chyhg15a9jcrxh22z,ok
,Karrimor,Panther SA2 65+10 liter tursekk,,01h6zxbfqc6qfg314hymxx8rhe,ok
,Outdoor Research,OR Men's Tantrum II Hooded Jacket,,01h6zxbe28497c7sg61qzkhttx,ok
,Heldre,Gol Coat Junior,,01h6zxbdpqc6vc5vgqsb43tj5g,ok
,Vikafjell,Halling fleecegenser M,,01h6zxbfqdfawvdgbnbfhcazjr,ok
,Heldre,Lofthus 2 turbukse - Barn,,01h6zxbhsk3b00vc77957h67mv,ok
,Kinetic,Kinetic Fishing Knife 4,,01h6zxbmsbnrw8eyja9q9f0xjg,ok
,LMNTS,Naglabete Varmepute 3 pk,,01h6zxbg0w3zk2kbqbh2vw8ch5,ok
,Mitchi,Oxford joggebukse - Herre,,01h6zxbm0703cbqjyjtxyn04j6,ok
,Ox,Deluxe Door gym bar,,01h6zxbkmnc36x8nprmespf8ze,ok
,Endurance,Cammeray W Top Functional Jacket,,01h6zxbe1j66a09dwfnmsqadr4,ok
,Puma,MASS Merchant Style Hoodie FL W,,01h6zxbms34kd8k1eq7940qkf7,ok
,Karrimor,Jaguar SA2 Flex Pro 75+15,,01h6zxbfqc6qfg314hymxx8rhd,ok
,Endurance,Tech-Run W Performance Short Tights,,01h6zxbjwf4899v3qt86mx032b,ok
,Vikafjell,Bavallen hals,,01h6zxbkm38fbwx2vhswe5h2m7,ok
,Kinetic,Mosquito Hat,,01h6zxbhs4fm1j6rnj4rn70dtw,ok
,Umbro,Umbro Evo-X-20  ,,01h6zxbdd6rja16j6tdprwb7rr,ok
,Sway,Risør sit on Top kajakk - ink sete og åre,,01h6zxbkm4471vc4zq7rbmgqdt,ok
,Vertical,Lukasa Jr Ski Jacket W-PRO 10000,,01h6zxbjfmys63b6ejt44b87c9,ok
,Graffiti,Messina Cork Size 30-35,,01h6zxbm14kjg4mrp81fasbdhk,ok
,Endurance,Jannie W L/S Tee,,01h6zxbmd3mqhp4a1c98ysd3xg,ok
,Umbro,Street Ball,,01h6zxbkmceg2ssccm2avdmvzn,ok
,Sway,Nice Alu Paddle,,01h6zxbkm6r6ndcc5hxzsjb7q3,ok
,Sway,Allround Sandal,,01h6zxbdparweacyh7sgnzygn8,ok
,Kinetic,"Kinetic Super Mono 0,50mm 225m 17,3 kg",,01h6zxbc5cw27mzhrxs9676cw1,ok
,Twentyfour,Mellow Vattert Parkas D,,01h6zxbkzn6a3jd78pj4hqxagv,ok
,LMNTS,Croquet set,,01h6zxbdct7cqnjrj8fw43vees,ok
,Levi's,Levis New Wave,,01h6zxbkkncg3zxjdymrw08kwd,ok
,Endurance,Grosseto M 2 in 1 Shorts,,01h6zxbc480cdq24ktwyv57206,ok
,LMNTS,Elektrisk Pumpe,,01h6zxbm0s0ps6t9qdjzb9q6n3,ok
,Abilica,Abilica JumpUp Hoppetau,,01h6zxbfbz7es1qcaeaft1t9n8,ok
,Röhnisch,SHAPE ESTER CAPRI TI,,01h6zxbdp532r3df1ck3e3z9df,ok
,Röhnisch,SHAPE NEA LONG T,,01h6zxbdp532r3df1ck3e3z9dg,ok
,Endurance,Blaigerin Kids Lite Shoe size 28-39,,01h6zxbm14kjg4mrp81fasbdhb,ok
,Puma,Ess logo Lab Hoodie B,,01h6zxbmtcd1ns617bxkqy2acy,ok
,Q,Jalon W Long Tights,,01h6zxbhd5h0cx8pbwkxx7pjtk,ok
,Sail Racing,Race Primaloft Hood,,01hea0cjaaatd46kgt1072qm17,ok
,Heldre,Vesoldo bukse dame,,01h6zxbm0p1rksnyqp81kymgnv,ok
,pyttpytt,Cumulus Raincoat W,,01h6zxbhc1dsem0f9ebz02mn7c,ok
,Endurance,Angelo M Midlayer,,01h6zxbhcsc96nx3aa5mnmq5wq,ok
,Adidas,PREDATOR 19.3 LL TF,,01h6zxbhdfhtda192xyh6bha1v,ok
,Vikafjell,Ulriken Bukse 3 jente,,01h6zxbe277q8fkffwk47r1mfa,ok
,Graffiti,Kenosha Kids Cork Sandal,,01h6zxbdcjdxdweezvmvkhq2zk,ok
,Kinetic,"Kinetic Braid 0,38mm 500m 23kg",,01h6zxbc5b9ytg9z6dkx38n06h,ok
,Treksta,Alta GTX II,,01h6zxbdpnxzsc2mzc26qhh57a,ok
,Vertical,Deg W Short Pro-Lite Jacket,,01h6zxbhcxxbztxksjrvwfe4mk,ok
,Endurance,Franza Print W Sports Bra,,01h6zxbj4g16era4ryc0v99zde,ok
,Diadora,Mythos Blushield Vigore 2,,01hp6nh0dx8rasmvd1kn0twrsd,ok
,Endurance,Icon-Run W Jacket,,01h6zxbjwf4899v3qt86mx0328,ok
,Outdoor Research,OR Flex-Tex II Gaiters,,01h6zxbe291ej7qr0k97v0fvrb,ok
,Kinetic,Kinetic Millenium 9' 15-45g Tele,,01h6zxbc5as1atxvxjrbmtr5xa,ok
,Famme,Scrunch Seamless Leggings,,01h6zxbms2ceecxkxvg9wbz7mz,ok
,Lars Monsen,Folldal strikkegenser -  Junior,,01h6zxbm1817ax1ea4q9ktcb1h,ok
,Abilica,PumpSet,,01hd39c2sf4pj849r7ntyq3c2c,ok
,ZigZag,Bassano Kids Sandal,,01h6zxbdcjdxdweezvmvkhq2zj,ok
,Vossatassar,VT VINTERDRESS,,01h6zxbecedsv6qq7c9jwdzdmy,ok
,Alien,Kiro + Skibrille Barn,,01h6zxbdqqt4ctqxazzg2fq8f5,ok
,Tørst Energidrikk,Tørst Energidrikk 500ml 24stk,,01jaqgahqdrz5pnnvrz0jgk8yh,ok
,Q,Flora W S/S Melange Tee,,01h6zxbhd5h0cx8pbwkxx7pjth,ok
,Heldre,Heldre Hamreheia pant (M),,01h6zxbjfv2zmf8r1dtx9rvs6b,ok
,La Sportiva,Piggsett 18stk  m/verktøy La sportiva,,01h6zxber07n9pnvhzkqah4pr6,ok
,Vikafjell,Nuten Regnbukse - Barn,,01h6zxbk84wqs10ex3vyz8hknb,ok
,Move Mountains,Ilo winterboot,,01h6zxbkkx8p11qng9721y2vct,ok
,Birkebeiner,Norefjell WP 41-46,,01h6zxbkm542d85r894chf9b4g,ok
,Graffiti,Cassier Knitted 2-Pack Gloves,,01h6zxbec9gqam99kdz74fp8at,ok
,Treksta,Python Kid GTX,,01hcfngfn53fpe1wvd97ww8f4s,ok
,Heldre,Rauland Alpinstrømpe - Herre,,01h6zxbhckmvwvb183mh85yyb9,ok
,Missing Link,Lyngen 3-lags Skijakke dame,,01jyp2pymf53xhk3wxhtn02x14,ok
,Heldre,Krossbu Thinsulate® Jakke - Junior,,01h6zxbkmdf3mm1f6vd11xvgjt,ok
,Heldre,Norheimsdalen Pakkbar Dunvest - Herre,,01h6zxbkma5rvz1j5y309sc5km,ok
,Lars Monsen,Børgefjell skalljakke - Junior,,01h6zxbm19kgr205w2x5pqreq8,ok
,Vikafjell,Scout 30L,,01h6zxbdqaj8vg2cbwnjjkfymf,ok
,Eska,Eska Scribe Lady Gtx,,01h6zxbgbayz69rk6egy5458c7,ok
,Heldre,Finse tursekk 70L,,01h6zxbk8gm5c8p0mbk5za7rhf,ok
,Levi's,New Union mini,,01h6zxbmsc8ztkaebgr1dkv42z,ok
,pyttpytt,Dråpe regnjakke junior,,01h6zxbddgd79zh2btws1mmnv1,ok
,Endurance,Helgi W Performance S/S tee,,01h6zxbjwf4899v3qt86mx032h,ok
,Tiny Trolls of Norway,Doddi college sett,,01h6zxbmcr7j7x0yzt1gp9f32f,ok
,Vikafjell,Finse Merino Ullsett junior girl,,01h6zxbdp0sa9ejmbqge8p93wb,ok
,Blizzard,BLIZZARD Sheeva IQ jr./IQ 4.5,,01h6zxbdp2tq68wpcktw7fzsns,ok
,Blizzard,BLIZZARD Sheeva IQ jr/IQ 7,,01h6zxbdp2tq68wpcktw7fzsnt,ok
,Blizzard,BLIZZARD Cochise IQ jr/IQ 4.5,,01h6zxbdp2tq68wpcktw7fzsnv,ok
,Blizzard,BLIZZARD Cochise IQ jr/IQ 7.0,,01h6zxbdp3d2xax6wvb1kpttcy,ok
,Blizzard,BLIZZARD Power 7.0/IQ Tip10,,01h6zxbdp3d2xax6wvb1kpttcz,ok
,Blizzard,BLIZZARD Alight 7.3/IQ-TP10 W,,01h6zxbdp3d2xax6wvb1kpttd0,ok
,Tecnica,TECNICA Esprit 60W,,01h6zxbdp3d2xax6wvb1kpttd2,ok
,Tecnica,TECNICA JT 1 Sheeva,,01h6zxbdp3d2xax6wvb1kpttd8,ok
,Vossatassar,Tidelibom vinterdress,,01h6zxbdp532r3df1ck3e3z9d2,ok
,Vossatassar,Tidelibom Mittens Long,,01h6zxbdp532r3df1ck3e3z9d3,ok
,Vossatassar,Monsterull solid trøye,,01h6zxbdp532r3df1ck3e3z9da,ok
,Kinetic,Sabiki Torsk/Sej,,01h6zxbdp87nyjp6aj9tewfgxt,ok
,Bula,2PK WOOL SOCK,,01h6zxbdpj9e3tz88th925tc1s,ok
,Treksta,Sync II GTX W,,01h6zxbdpnxzsc2mzc26qhh57b,ok
,Skins,DNAmic Womens Long Tights,,01h6zxbdpqc6vc5vgqsb43tj58,ok
,Heldre,Skuteviken Down Jacket W,,01h6zxbdprmx1qgm87q4gfe6sj,ok
,Heldre,Sirdal Parkas W,,01h6zxbdprmx1qgm87q4gfe6sm,ok
,LMNTS,Aurora 2000 hodelykt,,01h6zxbdptrs4af6w4da86v583,ok
,LMNTS,Sørlys 1000 lommelykt,,01h6zxbdptrs4af6w4da86v585,ok
,Heldre,Hovden Aktiv Ullsokk,,01h6zxbdptrs4af6w4da86v589,ok
,Vikafjell,Voss Ullstrømpe Junior 3.pk,,01h6zxbdptrs4af6w4da86v58c,ok
,Endurance,Burgeri W HW Long Compression Tight,,01h6zxbdcs2erapwmhsmqpa0pp,ok
,Röhnisch,Warm Tights,,01h6zxbdcwctb3vbgfr4r14ws8,ok
,Vikafjell,Ullnikkers - Pike,,01h6zxbdcx25hm8s7jwdkdj53a,ok
,Playmaker,P7 Poly Bukse Sr,,01h6zxbdd0xpjk9tkctygfqgte,ok
,Outdoor Research,OR Sparkplug Gaiters,,01h6zxbdd46t95hqe8fzhkptfv,ok
,Endurance,Yoga Mat 6mm,,01h6zxbdd5r103gdp7xesd8n7e,ok
,Outdoor Research,MT. baker modular mitt,,01h6zxbdd5r103gdp7xesd8n7p,ok
,Outdoor Research,Arete GTX® Glove - Herre,,01h6zxbdd5r103gdp7xesd8n7q,ok
,Outdoor Research,Stormbound mitt,,01h6zxbdd5r103gdp7xesd8n7r,ok
,Outdoor Research,Backstop sensor mitt Wmns,,01h6zxbdd5r103gdp7xesd8n7s,ok
,LMNTS,"Justerbar Sykkelstøtte (24-28"")",,01h6zxbddd1dqn7npy3cn0fz75,ok
,Heldre,Ultralight Folding Bed,,01h6zxbdde7w52dcycqjhycrta,ok
,Treksta,Domino GTX,,01h6zxbddfj7cq1c0npapzew1t,ok
,Treksta,Proof Mid GTX,,01h6zxbddfj7cq1c0npapzew1w,ok
,Sway,Step In 42-46,,01h6zxbddkehqfnk1d55chtrrs,ok
,Asics,Sport Sock 2pk,,01h6zxbdpw9r3vyvp1xmgx6fdc,ok
,Heldre,Nattis Pyjamas W,,01h6zxbdpw9r3vyvp1xmgx6fdm,ok
,Heldre,Liatoppen Fleece Jacket W,,01h6zxbdpx8pcsd1y1z10n2bfr,ok
,Heldre,Strikkahuo,,01h6zxbdpygq4acmmdaq5mp623,ok
,Incrediwear,HIKING-TALL,,01h6zxbdpygq4acmmdaq5mp626,ok
,Diverse,PRO NO-SHO,,01h6zxbdpygq4acmmdaq5mp627,ok
,Vertical,Hillsbury W Long Jacket W-Guard 10000,,01h6zxbdq1a2q24cn3f1bzgwy7,ok
,LMNTS,Ottawa Glove Man,,01h6zxbdq73htemhq0m50fmgzw,ok
,LMNTS,Ottawa Glove junior,,01h6zxbdq73htemhq0m50fmgzy,ok
,LMNTS,Thunder Bay mitten M,,01h6zxbdq80nnxzqnymacycnze,ok
,LMNTS,Thunder Bay glove M,,01h6zxbdq80nnxzqnymacycnzg,ok
,LMNTS,Thunder Bay glove W,,01h6zxbdq80nnxzqnymacycnzh,ok
,Eska,White NOK Mitten,,01h6zxbdq80nnxzqnymacycnzw,ok
,Eska,GTX Prime Glove lady,,01h6zxbdq80nnxzqnymacycnzx,ok
,Eska,Vooz Glove GTX Man,,01h6zxbdq99gach0jkrh26dc2z,ok
,Eska,Club Pro GTX,,01h6zxbdq99gach0jkrh26dc30,ok
,Eska,Jr NOK Mitten,,01h6zxbdq99gach0jkrh26dc32,ok
,Eska,Voozy glove jr.,,01h6zxbdq99gach0jkrh26dc33,ok
,Eska,Number One Glove jr,,01h6zxbdq99gach0jkrh26dc34,ok
,Eska,Boaz Kids GTX,,01h6zxbdq99gach0jkrh26dc37,ok
,Heldre,Vestlia Alpinsokk,,01h6zxbdqbnd1pk0jx02re0zm7,ok
,Heldre,Hafjell Extreme Alpin jacket M,,01h6zxbdqcnwpkgj8ph3f9bs9z,ok
,Snjór,Delirium pant M,,01h6zxbdqd07p6tmedvzyw47sj,ok
,Snjór,Adrenalina jacket W,,01h6zxbdqd07p6tmedvzyw47sk,ok
,Snjór,Adrenalina pant W,,01h6zxbdqd07p6tmedvzyw47sm,ok
,Snjór,Deltabreen down jacket W,,01h6zxbdqd07p6tmedvzyw47sn,ok
,Sway,London running shorts W,,01h6zxbdqevm3v0c2nwsxeact7,ok
,Bula,STOKE SKI SOCK,,01h6zxbdqg7t7v9meask9mfgpa,ok
,Bula,TOP BEANIE,,01h6zxbdqg7t7v9meask9mfgpg,ok
,Bula,BASIC TEE,,01h6zxbdqg7t7v9meask9mfgpm,ok
,Sway,Bright refleksbånd,,01h6zxbdqh6gr3f4ehyy47a8es,ok
,Mammut,Luina HS Pants Women,,01h6zxbdqkge7xq9erv0xx0rep,ok
,Outdoor Research,OR Men's Verismo Hooded Down Jacket,,01h6zxbdqkge7xq9erv0xx0rew,ok
,Outdoor Research,OR Men's Uberlayer Hooded Jacket,,01h6zxbdqkge7xq9erv0xx0rey,ok
,Outdoor Research,OR Men's Realm Jacket,,01h6zxbdqkge7xq9erv0xx0rez,ok
,Outdoor Research,OR Men's Furio Jacket,,01h6zxbdqkge7xq9erv0xx0rf0,ok
,Outdoor Research,OR Men's Furio Pants,,01h6zxbdqkge7xq9erv0xx0rf1,ok
,Outdoor Research,OR Men's Skyward Pants,,01h6zxbdqkge7xq9erv0xx0rf3,ok
,Outdoor Research,OR Men's White Room Pants,,01h6zxbdqmrs6b82wseg69zgdd,ok
,Outdoor Research,OR Women's Floodlight Down Parkas,,01h6zxbdqmrs6b82wseg69zgde,ok
,Outdoor Research,OR Women's Sonata Ultra Hooded Down Jckt,,01h6zxbdqmrs6b82wseg69zgdf,ok
,Outdoor Research,OR Women's Verismo Hooded Down Jacket,,01h6zxbdqmrs6b82wseg69zgdg,ok
,Outdoor Research,OR Women's Fernie Down Parka,,01h6zxbdqmrs6b82wseg69zgdh,ok
,Outdoor Research,OR Women's Revelation Jacket,,01h6zxbdqmrs6b82wseg69zgdk,ok
,Outdoor Research,OR Women's Revelation Pants,,01h6zxbdqmrs6b82wseg69zgdm,ok
,Alien,Foxtrot Skibrille Junior,,01h6zxbdqpen7bv5p5decgt0h5,ok
,Alien,Beta skibrille,,01h6zxbdqpen7bv5p5decgt0h8,ok
,Storm,Merino and Wool wash 300ML,,01h6zxbcsnhgv9vr8ct730rtfq,ok
,Vossatassar,Tur reflex lue,,01h6zxbct4hje4zz5h3472h48n,ok
,LMNTS,LMNTS T-shirt V-neck Man,,01h6zxbctg4xar1eba803rbc0b,ok
,Storm,Storm Wash in cleaner 300ML,,01h6zxbctjbqj5g91b0qf035zt,ok
,Treksta,Treksta Viper pro II Gtx,,01h6zxbd2x8tbfzwx4fmwksm25,ok
,LMNTS,Teleskopstav Alpin jr,,01h6zxbd3961yz0yxhk5fwg2q9,ok
,LMNTS,LMNTS Ski boot bag,,01h6zxbc59sgbab89we1fardx6,ok
,Kinetic,Kinetic Millenium Spin 3pcs Combo 8' 6-35g,,01h6zxbc5as1atxvxjrbmtr5x7,ok
,Kinetic,Kinetic DF Harpesøkke 300g,,01h6zxbc5d07q1p78hafqprgxz,ok
,Vossatassar,Tur Refleks Hue,,01h6zxbcgysxr36g3h0pwx12ps,ok
,Storm,Storm Merino & Wool cleaner,,01h6zxbcsew4xdqjq93f25kk0e,ok
,LMNTS,Teleskopstav jr 70-105,,01h6zxbcsg019awaaezynyzjbw,ok
,LMNTS,Teleskopstav jr 70-95,,01h6zxbcsh33fvr8gnbyzwvs72,ok
,Endurance,Pueblo W Print Long Tights,,01h6zxbc4kkq6p483hv19qra7t,ok
,Endurance,Shepshed W Printed Long Tights,,01h6zxbc4m998kds83g1km8nxj,ok
,Graffiti,Orange ski sock 2pack,,01h6zxbc4q29ewr41qjybt4sqs,ok
,Graffiti,Sirdal Ski Pants  W-GUARD,,01h6zxbc4s0r3cpp5k9fpfkzma,ok
,Graffiti,Hushville PU Rain Set,,01h6zxbc4t10h6m7j2a4r2cvcj,ok
,Vertical,Walnut ski sock,,01h6zxbc4v599cchvddr09qa2g,ok
,Cruz,Assens W Lite Shoe,,01h6zxbdcgeze9vey5v5hfe2fn,ok
,Endurance,Almeria W Melange Half Zip Pulli Midlayer,,01h6zxbdckzazbtpk8swxx9wt0,ok
,Graffiti,Shuyano Kids Boot WP,,01h6zxbjfcghgghfwewvphs8h1,ok
,Graffiti,Komuran Kids Boot WP 31-39,,01h6zxbjfcghgghfwewvphs8h3,ok
,Graffiti,Taiero Kids WP Boot W/lights 24-32,,01h6zxbjfcghgghfwewvphs8h5,ok
,MOLS,Pordeneo W Winterboot WP 36-41,,01h6zxbjfcghgghfwewvphs8h6,ok
,Rhapsody,Latalia W Boots size 36-41,,01h6zxbjfd0t0xhqwja7k86dw6,ok
,Rhapsody,Tikaero M Boots 41-46,,01h6zxbjfd0t0xhqwja7k86dw7,ok
,Whistler,Detionan W Outdoor Leather Boot WP 36-42,,01h6zxbjfeneamnrx1rh9t7b2r,ok
,Graffiti,Freemonta Hat,,01h6zxbjfffhzj4b8cs7jrqxhs,ok
,Graffiti,Sunnan Coverall Fur W-PRO 10000,,01h6zxbjfffhzj4b8cs7jrqxhv,ok
,Graffiti,Sultanan Hat,,01h6zxbjfffhzj4b8cs7jrqxhy,ok
,Vertical,Stoken Neckgaitor,,01h6zxbjfgnj1nh41redeyktre,ok
,Vertical,Orline W Parka W-PRO 10000,,01h6zxbjfgnj1nh41redeyktrm,ok
,Vertical,Janines W Padded Jacket,,01h6zxbjfgnj1nh41redeyktrp,ok
,Vertical,Johannas W Ski Jacket W-PRO 10000,,01h6zxbjfgnj1nh41redeyktrq,ok
,Heldre,Løv Balaklava barn,,01h6zxbjfhhyr7arf1t895jaxf,ok
,Kappa,"Jr.Sweat Hood, Logo Airiti",,01h6zxbjfjahgzrra080dwrqxt,ok
,Asics,HightWaist Tight,,01h6zxbjfjahgzrra080dwrqxz,ok
,Asics,SEAMLESS SS Texture,,01h6zxbjfjahgzrra080dwrqy1,ok
,Asics,Asics Pant Men,,01h6zxbjfjahgzrra080dwrqy5,ok
,Asics,Lite Show SS Top,,01h6zxbjfk7mvz2ah5gndp28vp,ok
,Vertical,Kamillen W Ski Jacket  W-PRO 10000,,01h6zxbjfk7mvz2ah5gndp28vs,ok
,Vertical,Jadis W Jacket W-PRO 5000,,01h6zxbjfk7mvz2ah5gndp28vv,ok
,Vertical,Jakobsen M Padded Jacket,,01h6zxbjfk7mvz2ah5gndp28vx,ok
,Vertical,Tonnana W Softshell Parka W-PRO 8000,,01h6zxbjfk7mvz2ah5gndp28vy,ok
,Vertical,Lanchera Hat,,01h6zxbjfk7mvz2ah5gndp28w3,ok
,Vertical,Kamillen Jr Ski Jacket  W-PRO 10000,,01h6zxbjfmys63b6ejt44b87c3,ok
,Vertical,Johannan Jr Ski Jacket W-PRO 10000,,01h6zxbjfmys63b6ejt44b87c4,ok
,Vertical,Heniena W Long Pro-lite Jacket,,01h6zxbjfmys63b6ejt44b87c5,ok
,Vikafjell,Vikafjell Kvandalen jacket (Kids),,01h6zxbjfmys63b6ejt44b87cg,ok
,Sway,Sway Malta joggerpant (M),,01h6zxbjfnzgeznm882gfqfcjs,ok
,Snjór,Fenris skibukse - Herre,,01h6zxbjfpqts347hx7v2x345b,ok
,Snjór,Frøx skibukse - Dame,,01h6zxbjfpqts347hx7v2x345d,ok
,Snjór,Snjor Torino Alpinjakke - Herre,,01h6zxbjfpqts347hx7v2x345j,ok
,Snjór,Snjor Torino Alpinjakke - Dame,,01h6zxbjfpqts347hx7v2x345k,ok
,Snjór,Snjor Torino Skibukse - Dame,,01h6zxbjfpqts347hx7v2x345n,ok
,Vikafjell,Vikafjell Basic hat,,01h6zxbjft8vspfxm61b9rnqr5,ok
,Vikafjell,Vikafjell Varm mitten,,01h6zxbjfv2zmf8r1dtx9rvs61,ok
,Heldre,Heldre Viken hat,,01h6zxbjfw95a5wqbe0k85jeet,ok
,Heldre,Vågen lue junior,,01h6zxbjfy8ahe854mecsyxyyy,ok
,Rezo,Hobart Skateboard,,01h6zxbjg1k02qs23a604rw76j,ok
,Snjór,Val Thorens Longs (Kids),,01h6zxbjg1k02qs23a604rw76q,ok
,Snjór,Val Thorens Sweater (JrG),,01h6zxbjg1k02qs23a604rw76r,ok
,Nike,Nike Yoga Layer Tank W,,01h6zxbjg2xwadwbqx5excqygg,ok
,Helly Hansen,HH Sport Inflatable Lifejacket,,01h6zxbjg55tmzeqw1p9kfxqea,ok
,Vikafjell,Marken BIB skallbukse - Dame,,01h6zxbjg6zfks4r7kr9z7ak6q,ok
,Kote,Kote Hopla mid (28-35),,01h6zxbjg8ydb7j5e4a84fg6q4,ok
,Sway,Sway Avior (37-41),,01h6zxbjg8ydb7j5e4a84fg6q5,ok
,Sway,Sway Avior (42-46),,01h6zxbjg8ydb7j5e4a84fg6q6,ok
,Spirale,Solaro kids (20-26),,01h6zxbjgapkrx3atrpwq5s6tq,ok
,Kote, Volla (24-32),,01h6zxbjgapkrx3atrpwq5s6ts,ok
,Spirale,Brione (36-42),,01h6zxbjgapkrx3atrpwq5s6tt,ok
,Spirale,Gytta (28-35),,01h6zxbjgapkrx3atrpwq5s6tw,ok
,Heldre,Slumre pyjamasbukse M,,01h6zxbhc4yxnwn2hsksrg31r1,ok
,Heldre,Slumre pyjamasbukse W,,01h6zxbhc5dhmsqmq8bg66qhcr,ok
,Mitchi,Mary Hoodie Jacket W,,01h6zxbhc5dhmsqmq8bg66qhd3,ok
,Sport Norge,Universalskistropp - 2 stk.,,01h6zxbhc8d44bagn2y1ksqk87,ok
,Staur,Garden snøspade,,01h6zxbhc8d44bagn2y1ksqk8a,ok
,Tiny Trolls of Norway,Trollungen vinterjakke,,01h6zxbhcc37w0s6bj6saebxes,ok
,Tiny Trolls of Norway,Skogstroll vinterjakke,,01h6zxbhcc37w0s6bj6saebxet,ok
,Fjellreven,Vidda Pro Jkt W,,01h6zxbhcds3yhr2vxrhx5cq1q,ok
,Fila,Fila Sweatpant Rocky Kids,,01h6zxbhceh3696xewpx1paxth,ok
,LMNTS,Svartisen Brodder,,01h6zxbhch9vvmpk2d4m6ab4mj,ok
,Zamberlan,331 Amelia GTX,,01h6zxbhcr51r9anc4d09xwt2b,ok
,Endurance,Museu W Vibram Outdoor Boot WP,,01h6zxbhcsc96nx3aa5mnmq5wp,ok
,Endurance,Forget-Me-Never W Printed L/S Tee,,01h6zxbhcsc96nx3aa5mnmq5wz,ok
,Endurance,Forget-Me-Never W Printed Tights,,01h6zxbhcsc96nx3aa5mnmq5x0,ok
,Endurance,Kinn W Sweat shirt,,01h6zxbhct0r7zm9rrbxtz6t6p,ok
,Endurance,Sentana W Functional Jacket,,01h6zxbhct0r7zm9rrbxtz6t6q,ok
,Endurance,Untunu M Hi-Viz Reflective Jacket,,01h6zxbhct0r7zm9rrbxtz6t6v,ok
,Endurance,Franzine W Printed Tights,,01h6zxbhcv76gh0tntka6yawqv,ok
,Fort Lauderdale,Tarim M Leather Boots,,01h6zxbhcwh44d2tfx8aynx3xj,ok
,Graffiti,Sisi Ski Jacket W-PRO 10000,,01h6zxbhcwh44d2tfx8aynx3xr,ok
,Graffiti,Kalidan Kids Winterboot WP,,01h6zxbhcwh44d2tfx8aynx3xy,ok
,Graffiti,Dartento Kids Winterboot WP,,01h6zxbhcxxbztxksjrvwfe4m9,ok
,Vertical,Clute Knitted Hood,,01h6zxbhcxxbztxksjrvwfe4me,ok
,Vertical,Støtvallen Jr. Ski Pant W-Guard 15000,,01h6zxbhcxxbztxksjrvwfe4mf,ok
,Vertical,Queretaro M Functional Ski Pants W-GUARD 15000,,01h6zxbhcxxbztxksjrvwfe4mg,ok
,Vertical,Matil W Jacket,,01h6zxbhcxxbztxksjrvwfe4mj,ok
,Vertical,Saran M Pro-lite Jacket,,01h6zxbhcxxbztxksjrvwfe4mq,ok
,Vertical,Zigg W Hot-fused Pro-Lite Jacket,,01h6zxbhcxxbztxksjrvwfe4mr,ok
,Vertical,Zigg Jr Hot-fused Pro-Lite Jacket,,01h6zxbhcxxbztxksjrvwfe4ms,ok
,Vertical,Lynte M Functional Jacket W-GUARD 15000,,01h6zxbhcynvxnj892nkcttqds,ok
,Vertical,Panco M Melange Jacket W-GUARD 10000,,01h6zxbhcynvxnj892nkcttqdt,ok
,Vertical,Amat W Melange Jacket W-PRO 10000,,01h6zxbhcynvxnj892nkcttqdv,ok
,Vertical,Nay W Pro-Lite Jacket,,01h6zxbhcynvxnj892nkcttqe0,ok
,Vertical,Franni W Functional Jacket W-GUARD 15000,,01h6zxbhcynvxnj892nkcttqe2,ok
,Vertical,Lynters M Melange Functional Ski Jacket W-GUARD 15000,,01h6zxbhcynvxnj892nkcttqe3,ok
,Vertical,Oinau W Quilted Mittens,,01h6zxbhcynvxnj892nkcttqe4,ok
,Vertical,Reita Mittens w/ Inner Glove,,01h6zxbhcynvxnj892nkcttqe5,ok
,Vikafjell,Solheia Pant (W),,01h6zxbj4133pr2w516qvtd6yg,ok
,Outdoor Research,OR Men's Gripper Sensor Gloves,,01h6zxbj46rekadztgr0kdbkpv,ok
,Outdoor Research,OR Women's Gripper Sensor Gloves,,01h6zxbj46rekadztgr0kdbkpw,ok
,Outdoor Research,OR Bennie Insulated Beanie,,01h6zxbj46rekadztgr0kdbkpx,ok
,Outdoor Research,OR Kona Insulated Beanie,,01h6zxbj46rekadztgr0kdbkpy,ok
,Outdoor Research,OR Women's Lodgeside Beanie,,01h6zxbj46rekadztgr0kdbkq1,ok
,Outdoor Research,OR Women's Brioche Beanie,,01h6zxbj46rekadztgr0kdbkq2,ok
,Sway,Sway Hå (29-36),,01h6zxbj4739wy6d9mjrkcyphq,ok
,Vikafjell,Stoltzen multi jacket (W),,01h6zxbj4739wy6d9mjrkcyphr,ok
,Endurance,Koily W Printed Midlayer,,01h6zxbj4g16era4ryc0v99zdc,ok
,Endurance,Parthia W Hoody,,01h6zxbj4jp9v4f6hpjnggrhst,ok
,Endurance,Sadiya Waist Tights,,01h6zxbj4nfnz78cm365057a2b,ok
,Graffiti,Addison swimsuit,,01h6zxbj4rg2qh0exjb0r4kxhw,ok
,Graffiti,Bilko Swim Trunks,,01h6zxbj4rg2qh0exjb0r4kxhz,ok
,Cruz,Elrock M Shorts,,01h6zxbj4rg2qh0exjb0r4kxja,ok
,Endurance,Opala M Melange S/S Logo Tee,,01h6zxbj4skv7w8zyxnbf6h875,ok
,Cruz,Gale M S-S Tee,,01h6zxbj4skv7w8zyxnbf6h87n,ok
,Cruz,All M Tee,,01h6zxbj4ty44kc4bgb08ke3eg,ok
,Endurance,Malin Size 36-41,,01h6zxbj4ty44kc4bgb08ke3eh,ok
,Endurance,Sugari W Lose Fit SS Tee,,01h6zxbj4ty44kc4bgb08ke3ey,ok
,Graffiti,Jocast S-S Tee,,01h6zxbj4v8nt89etmf8fh0p5s,ok
,Graffiti,Henry S/S Tee,,01h6zxbj4v8nt89etmf8fh0p5w,ok
,Graffiti,Anneli S/S Tee,,01h6zxbj4v8nt89etmf8fh0p5x,ok
,Cruz,Hirtshals Size 36-42,,01h6zxbj4v8nt89etmf8fh0p64,ok
,Endurance,Arto WP Size 36-41,,01h6zxbj4v8nt89etmf8fh0p65,ok
,Vossatassar,Monstercamo Merino Hals,,01h6zxbj4y4by6j786r4nfr510,ok
,Vossatassar,Monstercamo Merino Body,,01h6zxbj4y4by6j786r4nfr514,ok
,Bula,Bula Essential glove,,01h6zxbj509rcetpma5qktsres,ok
,Famme,Elevate Vortex Leggings,,01h6zxbj51x5semhxr16przeph,ok
,Daniel Franck,Alpha Lue,,01h6zxbj560sd3h5a7wbdp7e8c,ok
,Polo Sport,USPA Adnan Chinos Shorts,,01h6zxbj577txr94a0gdz18607,ok
,Tufte,Tip & Top Giftbox W,,01h6zxbj577txr94a0gdz1860b,ok
,Diadora,Mythos Blushield 5 W,,01h6zxbj58x3hdfs9jadjrgjrg,ok
,Saucony,Saucony Clarion 2 W,,01h6zxbj5bmkp1emq2y8t45s40,ok
,Comfo,Comfo Snø 28-35,,01h6zxbj5fbf76t4qk8exdx828,ok
,Comfo,Saueskinnstøffel Baby 0-18mnd,,01h6zxbj5fbf76t4qk8exdx82a,ok
,Treksta,Zeke High GTX 32-39,,01h6zxbj5fbf76t4qk8exdx82d,ok
,Treksta,Treksta Fun GTX,,01h6zxbj5fbf76t4qk8exdx82j,ok
,Move Mountains,Baba vintersko 22-27,,01h6zxbj5fbf76t4qk8exdx82p,ok
,Move Mountains,Aste Winterboot m/pels,,01h6zxbj5gwhsr8rm9yce7e2x3,ok
,Move Mountains,Smart Basketsko,,01h6zxbj5gwhsr8rm9yce7e2x5,ok
,Move Mountains,Boros Winterboot,,01h6zxbj5gwhsr8rm9yce7e2x7,ok
,Move Mountains,Kebko vintersko 34-39,,01h6zxbj5gwhsr8rm9yce7e2x9,ok
,Stump,Krova Skolett,,01h6zxbj5htem2tq083rw9cbkm,ok
,Endurance,Mahanas W Windblock Run Tights XQL,,01h6zxbj5phqr50jgdyqp9f3b0,ok
,Endurance,Trannys M Long Windblock Tights XQL,,01h6zxbj5qxg55wh09fnq9b3bn,ok
,Elan,RC RACE QS EL 7.5,,01h6zxbhrv89hcmctd9032nhkh,ok
,Hestra,Hestra CZone Primaloft Jr,,01h6zxbhrwv3gvfecqhs0ab6hd,ok
,Mitchi,Beauty Pant,,01h6zxbhs1vrfz6tkyzy9ke832,ok
,Kinetic,Neoprene Glove Full Finger,,01h6zxbhs4fm1j6rnj4rn70dtv,ok
,Firephant,Firephant brannslukker 1 kg,,01h6zxbhs6d68yda4b81r0r6cc,ok
,HAD Originals,Grimz Hals,,01h6zxbhs7fcpf760mvznvxrv0,ok
,Tiny Trolls of Norway,Jutulen lue,,01h6zxbjgba0m19gddycdn4jvs,ok
,Tiny Trolls of Norway,Hjemmemusa (23-35),,01h6zxbjgcg99wts6wdg65zrsh,ok
,Vikafjell,Smauet hjelmlue,,01h6zxbjgcg99wts6wdg65zrsj,ok
,Bula,JR Ollie Beanie,,01h6zxbjgjjwtmftxxwbc7z3py,ok
,CMP,CMP Man Jacket Fix Hood,,01h6zxbjgmm869f8m37mm39atx,ok
,Endurance,Ricky Unisex Long Running Tight XQL,,01h6zxbjgt469hbn4cn7bd47v8,ok
,Endurance,Thorow M Running Jacket With Hood,,01h6zxbjgt469hbn4cn7bd47vc,ok
,Endurance,Velona W Printed S/S Tee,,01h6zxbjgvjj2tf1f5x8r84zsv,ok
,Under Armour,UA speed stride SS,,01h6zxbjh2r39k844mra2895q3,ok
,Kari Traa,KT Kari Fleece F/Z ,,01h6zxbjh6q53xppm4cmypxp26,ok
,Vertical,Nay Jr Pro-Lite Jacket,,01h6zxbhcynvxnj892nkcttqe8,ok
,Vertical,Lecea Mittens w/ Inner Glove,,01h6zxbhczps3wfsd0hy8gkdhe,ok
,Vertical,Meg Printed Gloves,,01h6zxbhczps3wfsd0hy8gkdhf,ok
,Vertical,Abbo Jr. Melange ski Jacket W-GUARD 10000,,01h6zxbhczps3wfsd0hy8gkdhg,ok
,Endurance,Vanclause Jr. Shorts,,01h6zxbhd5h0cx8pbwkxx7pjtc,ok
,Endurance,Parbin Jr.Unisex Melange S/S Tee,,01h6zxbhd5h0cx8pbwkxx7pjtd,ok
,ZigZag,Zander JR Beanie,,01h6zxbhd6m33zmczkjyff95p0,ok
,ZigZag,Provo Ski Pants W-PRO 10.000 Jr,,01h6zxbhd7ghastjs0jraeraeq,ok
,Superdry,Core sport graphic tee Men,,01h6zxbhd8mpfzf4vy6qgd7f8n,ok
,Sorel,KINETIC SHORT,,01h6zxbhdcnmxb5mmsfr2025vm,ok
,Disney,Tritan Premium drikkeflaske,,01h6zxbhdgy14rkgbcrag35gbv,ok
,Vikafjell,Hurdal Hanske - Junior,,01h6zxbhdpjj9a59crg20h1d2w,ok
,Eska,Lea Glove,,01h6zxbhdpjj9a59crg20h1d33,ok
,Alien,Romeo Alpinbrille - Barn,,01h6zxbhdqhgx5f0h1hw1xv1j6,ok
,Alien,Tango Skibriller,,01h6zxbhdrbk0d8da6962tndg8,ok
,Staur,Sigma Langrennstav Alu,,01h6zxbhdrbk0d8da6962tndga,ok
,Röhnisch,Motion Singlet,,01h6zxbhdvf8s2t1jgv4qrgzr9,ok
,Under Armour,UA Tech SS Tee,,01h6zxbh1nzer2p81n6zbq9whn,ok
,Under Armour,UA STORM SWEATERFLEECE QZ,,01h6zxbh1qeybtkpwgq19skwbz,ok
,Ox,Hex rubber dumbbell 22.5kg,,01h6zxbh212nhph44cgegsws54,ok
,Snjór,Val Thorens Sweater M,,01h6zxbh212nhph44cgegsws5e,ok
,Snjór,Val Thorens Longs M,,01h6zxbh22k8qtn7dccse47zdk,ok
,Snjór,Val Thorens Longs Jr,,01h6zxbh22k8qtn7dccse47zdm,ok
,Alien,Beta+ Skibrille,,01h6zxbhrbyjttbrmtzv7px9pm,ok
,Endurance,Forget-Me-Never Jr. Print L-S Tee,,01h6zxbhrcd55xmta61xdz751z,ok
,LMNTS,Aurora 1000 hodelykt,,01h6zxbhrk6397g3ag9a7tx2wv,ok
,Outdoor Research,OR W`s Fuzzy Sensor Gloves,,01h6zxbhrpnsvmbt6kw841xz64,ok
,Heldre,Smauet Knitted Hat,,01h6zxbhrr0jcwc7xkbm9a8ehj,ok
,Mizuno,WAVE IBUKI 2 GTX W,,01h6zxbhrs1ppf13hnstsxpfap,ok
,Diadora,Flamingo 5 JR,,01h6zxbhrs1ppf13hnstsxpfax,ok
,Endurance,Aiswood W Seamless Hot Pants - 2 pack,,01h6zxbe1m2a1hw4b59b3n2e6h,ok
,Endurance,Alax W Seamless Hot Pants - 2 pack,,01h6zxbe1m2a1hw4b59b3n2e6j,ok
,Endurance,Karimo M Runing Jacket,,01h6zxbe1n3n3a4xke7q4qeas9,ok
,Fort Lauderdale,Eolie W 3/4 Stretch Shorts,,01h6zxbe1pacjb0r3f23m0r8qv,ok
,Graffiti,Inez Kids Sandals,,01h6zxbe1q3vj8zan12e60sp7b,ok
,Graffiti,Village Functional Jacket W-GUARD 15000,,01h6zxbe1r5yg22n05mh9ac0vp,ok
,Vertical,Pointer W Parka Jacket W-GUARD 5000,,01h6zxbe1s8m7ckgka40sharyt,ok
,Bula,2 PK Basic Wool Sock,,01h6zxbe1vf9paysvjwh4h9ykh,ok
,Heldre,Torefjell turbukse - Dame,,01h6zxbe1wyfwjxh8qpen8txz5,ok
,Treksta,STA LACE LOW 103 GTX ,,01h6zxbe1ywq1ded1723p48g9q,ok
,Treksta,SPIKE MID GTX,,01h6zxbe1ywq1ded1723p48g9s,ok
,Treksta,Python High GTX m/Ull,,01h6zxbe1zgjfgkx58c1h71svg,ok
,Treksta,Kobra boa Mid GTX m/ull 25-35,,01h6zxbe1zgjfgkx58c1h71svh,ok
,Outdoor Research,OR Women's Brassy Beanie,,01h6zxbe204mn5nr02a3d47xxf,ok
,Outdoor Research,OR Women's Verglas Gaiters,,01h6zxbe2114zvh216g9cvbwq8,ok
,Outdoor Research,OR Men's Alpine Down Hooded Jacket,,01h6zxbe2114zvh216g9cvbwq9,ok
,Outdoor Research,OR Men's Transcendent Down Hoody,,01h6zxbe2114zvh216g9cvbwqa,ok
,Outdoor Research,OR Men's Ascendant Hoody,,01h6zxbe2114zvh216g9cvbwqb,ok
,Outdoor Research,Hemispheres GTX® Jacket - Herre,,01h6zxbe2114zvh216g9cvbwqc,ok
,Outdoor Research,OR Women's Alpine Down Hooded Jacket,,01h6zxbe2114zvh216g9cvbwqg,ok
,Outdoor Research,OR Women's Transcendent Down Parka,,01h6zxbe2114zvh216g9cvbwqh,ok
,Outdoor Research,OR Women's Transcendent Down Hoody,,01h6zxbe2114zvh216g9cvbwqj,ok
,Outdoor Research,OR Women's Emeralda Down Parka,,01h6zxbe2114zvh216g9cvbwqk,ok
,Outdoor Research,Hemispheres GTX® Bibs - Dame,,01h6zxbe2114zvh216g9cvbwqn,ok
,Outdoor Research,OR Women's Skyward II Jacket,,01h6zxbe2114zvh216g9cvbwqp,ok
,Outdoor Research,OR Women's Skyward II Pant,,01h6zxbe2114zvh216g9cvbwqq,ok
,Outdoor Research,OR Apres Beanie,,01h6zxbe2114zvh216g9cvbwqr,ok
,2XU,Stride 4 Short- W,,01h6zxbe22skq1qnzkx5g4g17h,ok
,Daniel Franck,Djerv 2-lags Jakke                      ,,01h6zxbe22skq1qnzkx5g4g17x,ok
,Daniel Franck,Alpha PL Parkas Dame,,01h6zxbe23wybpab5bw3v8jr6e,ok
,Daniel Franck, Alpha PL Parkas U,,01h6zxbe23wybpab5bw3v8jr6f,ok
,Treksta,Junior BTS Mid,,01h6zxbe23wybpab5bw3v8jr6j,ok
,Treksta,Fresh W 3.0 GTX Surround,,01h6zxbe24eeh15rx7q4ffznnx,ok
,Treksta,Alta Zero GTX W,,01h6zxbe24eeh15rx7q4ffznp2,ok
,Umbro,Furio Woven Pant,,01h6zxbe24eeh15rx7q4ffznpe,ok
,Umbro,Tentra Shin Guard Sleeve,,01h6zxbe25cgb5baqjkjk9ac47,ok
,2XU,MidRisePrintTights-W Storage ,,01h6zxbe277q8fkffwk47r1mfh,ok
,Outdoor Research,OR Men's Optimizer Jacket,,01h6zxbe28497c7sg61qzkhttv,ok
,Outdoor Research,OR Men's Panorama Point Jacket,,01h6zxbe28497c7sg61qzkhttw,ok
,Move Mountains,Juide Junior II,,01h6zxbe2cj73mk5jm307rbb3v,ok
,Move Mountains,WOLF Junior II,,01h6zxbe2cj73mk5jm307rbb3x,ok
,Black Crows,Ventus women's Gore-Tex pant,,01h6zxbe2gt1n6jwyavhttyk77,ok
,Heldre,Vestlia Alpinsokk jr,,01h6zxbecgkv8ge2vt9ew1ca14,ok
,Eska,Pulse Mid Gore Windstopper PrimaLoft,,01h6zxbecjvanhc25jpr5rt1pd,ok
,Eska,Mitt Cover GTX,,01h6zxbecjvanhc25jpr5rt1pf,ok
,Heldre,Hafjell Extreme Alpin jacket junior girl,,01h6zxbecjvanhc25jpr5rt1pk,ok
,Heldre,Hafjell Extreme pant jr girl,,01h6zxbecjvanhc25jpr5rt1pm,ok
,Heldre,Hafjell Extreme Alpin jacket junior,,01h6zxbecjvanhc25jpr5rt1pn,ok
,Heldre,Hafjell Extreme pant junior,,01h6zxbeck7qvaj8146zwd44ve,ok
,Sway,Stockholm Parka,,01h6zxbeck7qvaj8146zwd44vf,ok
,Move Mountains,KOSTO Women,,01h6zxbecm22b2at3a5kr5x72a,ok
,Alien,Orion Alpinhjelm - Junior,,01h6zxbecrjrw6f2a7b98rjk5h,ok
,Alien,Draco skihjelm,,01h6zxbecrjrw6f2a7b98rjk5j,ok
,Daniel Franck,Djerv 2L Jakke,,01h6zxbecsfqcjv35r0g69983f,ok
,Playmaker,P7 Poly Bukse,,01h6zxbectmyq67t1s5nxet5rh,ok
,Heldre,Tora Jacket,,01h6zxbecvfttfsjea8fk9ptzx,ok
,LMNTS,Fun Snow sled,,01h6zxbecvfttfsjea8fk9pv01,ok
,Diadora,Mythos Blushield 3 W,,01h6zxbecxghk01cck0ntec37g,ok
,Vossatassar,VT TUR BUKSE,,01h6zxbed0h71gbrfermzfp02h,ok
,Staur,Staur Alpinstav Junior,,01h6zxbed0h71gbrfermzfp02p,ok
,Staur,Staur Alpinstav,,01h6zxbed0h71gbrfermzfp02q,ok
,Staur,Staur Langrennsstav,,01h6zxbed0h71gbrfermzfp02t,ok
,Staur,Staur Langrennsstav Junior,,01h6zxbed0h71gbrfermzfp02v,ok
,Staur,Staur Fjellskistav,,01h6zxbed0h71gbrfermzfp02w,ok
,Move Mountains,VIKE Junior,,01h6zxbed21rvr3z9h0aws7zv5,ok
,Heldre,Slumre Pyjamas W,,01h6zxbed21rvr3z9h0aws7zva,ok
,Treksta,Oxxy low Boa,,01h6zxbed3nkcmmfqsyxhmqwkp,ok
,Treksta,Mega Wave 3.0 gtx W,,01h6zxbed3nkcmmfqsyxhmqwkr,ok
,Tufte,Tufte Polo Shirt,,01h6zxbed3nkcmmfqsyxhmqwks,ok
,Tufte,Tufte Mens Active Tee,,01h6zxbed3nkcmmfqsyxhmqwkv,ok
,Mizuno,Wave Daichi 3 W,,01h6zxbed6rmx64sd0m5d14vvb,ok
,Sway,Helsinki t-shirt M,,01h6zxbed76cwzgbbk6xfdjdsg,ok
,Kari Traa,KT Kari Fleece F/Z ,,01h6zxbeqgb5zp9p87fkcy5qtd,ok
,Zanier,Budor SR GTX Glove,,01h6zxbebgpcdrh6ge659kv5hf,ok
,LMNTS,Thunder Bay mitten junior,,01h6zxbebhdq66sxcd1f0zy8r6,ok
,Kombi,The Choice GTX Glove,,01h6zxbebhdq66sxcd1f0zy8rc,ok
,Kombi,The Trust GTX Glove,,01h6zxbebhdq66sxcd1f0zy8rd,ok
,Heldre,Etna lue,,01h6zxbebnfn8sm6kmkhy79kf7,ok
,Sport Norge,Sport Norge Ullsokk - 3 par - Junior,,01h6zxbebyr33ka3ha3j9j02k8,ok
,Sway,Ura Mid,,01h6zxbec0jy0vfmfhyn8msxes,ok
,Heldre,Egir Nettingtrøye,,01h6zxbec0jy0vfmfhyn8msxew,ok
,Vikafjell,Dovrefjell Parka junior,,01h6zxbec0jy0vfmfhyn8msxex,ok
,Vikafjell,Meredith warm coat,,01h6zxbec0jy0vfmfhyn8msxey,ok
,Roxa,Kara 85,,01h6zxbec363jn4d2gvnccwt3f,ok
,Roxa,Yeti 3,,01h6zxbec363jn4d2gvnccwt3j,ok
,Roxa,Sky 3,,01h6zxbec363jn4d2gvnccwt3k,ok
,Elan,U Flex Ruby QS,,01h6zxbec363jn4d2gvnccwt3m,ok
,Elan,"Pinball Green QS 4,5",,01h6zxbec363jn4d2gvnccwt3p,ok
,Elan,"Twist Pink QS 4,5",,01h6zxbec363jn4d2gvnccwt3q,ok
,Elan,Ripstick 86 PS,,01h6zxbec363jn4d2gvnccwt3t,ok
,Elan,Ripstick 86 Woman PS,,01h6zxbec363jn4d2gvnccwt3v,ok
,Roxa,Chameleon 2,,01h6zxbec363jn4d2gvnccwt3w,ok
,Endurance,Talent M Melange Running Jacket,,01h6zxbec5z87dm57hde9nnsd6,ok
,Endurance,Vanilla W Melange Seamless S-S Tee,,01h6zxbec5z87dm57hde9nnsdg,ok
,Endurance,Rooy M Top Functional XCS Jacket,,01h6zxbec6dgq8ebpnk39b7285,ok
,Endurance,Chrysan M Melange Performance Midlayer,,01h6zxbec6dgq8ebpnk39b728b,ok
,Endurance,Azalea W XQL Reflective Jacket,,01h6zxbec6dgq8ebpnk39b728e,ok
,Endurance,Clevedon Jr. Running Jacket,,01h6zxbec7t3hhhhmsey2ptc8y,ok
,Endurance,Lesias Jr. Printed Jacket,,01h6zxbec7t3hhhhmsey2ptc90,ok
,Endurance,Kanen M Seamless Midlayer,,01h6zxbec84shx7qf3e8vzv3ez,ok
,Endurance,Zoey Bottle,,01h6zxbec9gqam99kdz74fp8ag,ok
,Graffiti,Orange ski sock 2pack,,01h6zxbec9gqam99kdz74fp8aj,ok
,Graffiti,Sirdal Ski Pants W-Guard 15.000,,01h6zxbec9gqam99kdz74fp8an,ok
,Graffiti,Aurillac Knitted Hat,,01h6zxbec9gqam99kdz74fp8ap,ok
,MOLS,Quakers W Ice Boot (36-42),,01h6zxbecazvsc7agm2rhw21z8,ok
,MOLS,Javanes M Winterboot WP,,01h6zxbecazvsc7agm2rhw21zc,ok
,Rhapsody,Tupat M Outdoor Boots,,01h6zxbecbjc685jp552m7dyam,ok
,Toddler-tdlr,Sadie Pro-lite Coverall,,01h6zxbecbjc685jp552m7dyas,ok
,Toddler-tdlr,Charlie Melange Coverall,,01h6zxbecbjc685jp552m7dyat,ok
,Toddler-tdlr,Bear berber Fleece,,01h6zxbecbjc685jp552m7dyav,ok
,Toddler-tdlr,Woody Mittens,,01h6zxbecbjc685jp552m7dyax,ok
,Vertical,Pagwa Mitten,,01h6zxbeccr0ezhe5wa2sabxv9,ok
,Vertical,Longlac Headband,,01h6zxbeccr0ezhe5wa2sabxva,ok
,Vertical,Peak Hood,,01h6zxbeccr0ezhe5wa2sabxvc,ok
,Vertical,Seo M Functional Jacket W-PRO15000,,01h6zxbecdcxy48nr6x1h3jnqx,ok
,Vertical,Bur M Parka Jacket W-Guard 10000,,01h6zxbecdcxy48nr6x1h3jnr1,ok
,Vertical,Paran W Long down parka jacket,,01h6zxbecdcxy48nr6x1h3jnr4,ok
,Vertical,Nam W Long Softshell Jacket W-GUARD 10000,,01h6zxbecdcxy48nr6x1h3jnr7,ok
,Vertical,Bur Jr Parka Jacket W-Guard 10000,,01h6zxbecedsv6qq7c9jwdzdmd,ok
,Vertical,Jord M Ski Jacket W-GUARD 10000,,01h6zxbecedsv6qq7c9jwdzdmh,ok
,Vertical,Cin knitted Hat,,01h6zxbecedsv6qq7c9jwdzdmj,ok
,Cruz,Alana W Loose Fit Tee,,01h6zxbgcjgmwvhm9d8gg0jmq3,ok
,Cruz,Undana M Cork Sandals,,01h6zxbgcjgmwvhm9d8gg0jmqa,ok
,Endurance,Lovina W Lite Shoes,,01h6zxbgck8jcyhgjm756az9tf,ok
,Endurance,Jamila M Lite Shoes,,01h6zxbgck8jcyhgjm756az9tg,ok
,Endurance,Augustine W Running Jacket,,01h6zxbgck8jcyhgjm756az9tm,ok
,Endurance,Alfred M Running Jacket,,01h6zxbgck8jcyhgjm756az9tn,ok
,Endurance,Romsda M Melange Midlayer,,01h6zxbgck8jcyhgjm756az9tr,ok
,Endurance,Trio W Running Jacket,,01h6zxbgcmm3gkqbqysj9v9x4t,ok
,Endurance,Cisolok M Running Jacket,,01h6zxbgcmm3gkqbqysj9v9x4v,ok
,Endurance,Suriga W Melange Loose Fit SS Tee,,01h6zxbgcpw8rt2yyp37tgay4e,ok
,Endurance,Kasa W Jacket With Hood,,01h6zxbgcpw8rt2yyp37tgay4f,ok
,Endurance,Baleku Bag,,01h6zxbgcpw8rt2yyp37tgay4k,ok
,Endurance,Melasa W But Shape Tights,,01h6zxbgcpw8rt2yyp37tgay4m,ok
,Graffiti,Crissa Swimsuit,,01h6zxbgcqgca6jmcs3acq4c9t,ok
,Graffiti,Luwan Kids Slip-in Shoes,,01h6zxbgcqgca6jmcs3acq4c9z,ok
,Graffiti,Gunung Kids Shoes,,01h6zxbgcqgca6jmcs3acq4ca2,ok
,Sway,TH19 Fotballsokk Pro,,01h6zxbgctzs8wt3k0z6ge3z4s,ok
,Vossatassar,VT JOGGEBUKSE AW19,,01h6zxbgcvpa6gy1rjq3t7ygx1,ok
,Vossatassar,VT GENSER AW19,,01h6zxbgcvpa6gy1rjq3t7ygx2,ok
,Superdry,Core Sport Ziphood,,01h6zxbgnptxs9gpn0mg9xc4xj,ok
,Adidas,Adidas Adilette Aqua K,,01h6zxbgnwjsekmqtmvfmmzb0c,ok
,Bula,PURE BEANIE,,01h6zxbgnx4pkmmaf591p4wpav,ok
,Hestra,Isaberg CZone Jr - 5 finger,,01h6zxbgnzw9c2enaewjpjmcke,ok
,Outdoor Research,OR Men's Refuge Hooded Jacket,,01h6zxbgp64x4krpfhacqt91pd,ok
,Outdoor Research,OR Women's Refuge Hooded Jacket,,01h6zxbgp64x4krpfhacqt91pg,ok
,Kombi,The Praise Gtx Glove,,01h6zxbgp7dacbe8thasw1zz4b,ok
,Outdoor Research,OR Frostline Hat,,01h6zxbgp9780qvf2q3gwp2ma8,ok
,Kote,Tomra M,,01h6zxbgpan2pxa9khypc1c7hv,ok
,Umbro,Stretford hoody jr,,01h6zxbgpe60ttf3n60761rxy8,ok
,Comfo,Play,,01h6zxbgpft6v266r5p2ya6m7j,ok
,Evon,Skåbu sykkelhjelm,,01h6zxbgpjpj9mdk1nyxvfks7h,ok
,Vikafjell,Norefjell Jkt Jr,,01h6zxbe0yg07njrxgrez7ah2n,ok
,Vikafjell,Norefjell Pant Jr,,01h6zxbe0yg07njrxgrez7ah2p,ok
,Kinetic,Blue Ocean Boat Combo 6'6 20-30lbs 2pcs,,01h6zxbe14z51z0dq0vxm7k9g7,ok
,Alpina,Speed 2.0 W,,01h6zxbe16s0peyz0ej2mfsg6q,ok
,Treksta,Phantom Boa GTX,,01h6zxbe16s0peyz0ej2mfsg70,ok
,Zanier,Bando GTX W,,01h6zxbe179rc5gs89xx7pp1zz,ok
,Zanier,Budor GTX JR,,01h6zxbe179rc5gs89xx7pp200,ok
,Treksta,New Cobra GTX,,01h6zxbe179rc5gs89xx7pp203,ok
,Bula,2PK LIGHT WOOL SOCK,,01h6zxbe1bm8p58rzzgx7b1v0f,ok
,Cruz,Cable Beach Junior Swim Goggle,,01h6zxbe1e5r9c9d7kpvmhdfsk,ok
,Cruz,Sally W Sweat Shorts,,01h6zxbe1fr793xrkr1gy6rarn,ok
,Endurance,Ventura W Long Windblock Tight XQL,,01h6zxbe1hpqnvy10gkvysb7e6,ok
,Endurance,Goose Creek W Jacket,,01h6zxbe1j66a09dwfnmsqadqq,ok
,Endurance,Penrith W Light Weight Jacket,,01h6zxbe1k84svqf0v4ejxp89r,ok
,Endurance,Clifden M Running Jacket,,01h6zxbe1k84svqf0v4ejxp8a1,ok
,Kari Traa,KT Græe Jacket,,01h6zxbh0bedaeh90mfmx9tkvr,ok
,Kari Traa,Sundve Tights,,01h6zxbh0bedaeh90mfmx9tkw0,ok
,Vikafjell,Snorosa Hat Kids,,01h6zxbh0f291ytnh0n2yg02cs,ok
,Bula,Bula LOGO BEANIE,,01h6zxbh0gers109tjxkw29f6a,ok
,Longyear,Opera Ullhals,,01h6zxbh0h7thp7bgb3rrn3qhf,ok
,Devold,DAILY SHORTY SOCK 2PK,,01h6zxbh0n6e17z97ewmt5r2ce,ok
,Heldre,Rysta Dunjakke - Junior (Jente),,01h6zxbh0ypc6r6t6thvfyfqzs,ok
,Heldre,Rysta Dunjakke Junior,,01h6zxbh0ypc6r6t6thvfyfqzt,ok
,Kote,Kratt jr,,01h6zxbh0z2y9mrfa9t9ewj0ha,ok
,Vikafjell,Vinje Ullgenser - Junior,,01h6zxbh13zdqtfbqjcncn09jf,ok
,Heldre,Reykjavik Jakke Jr,,01h6zxbh13zdqtfbqjcncn09jh,ok
,Nike,G NSW FAVORITES SWSH TIGHT,,01h6zxbgpp7fc8yh0616v1601h,ok
,Move Mountains,Beck Winterboot,,01h6zxbgq1wx9mb1ryr29wr7c0,ok
,Move Mountains,Stora vintersko 31-37,,01h6zxbgq2krdekcp1mtt0q4b3,ok
,Move Mountains,TURN,,01h6zxbgq2krdekcp1mtt0q4b5,ok
,Move Mountains,CROSS 28-36,,01h6zxbgq2krdekcp1mtt0q4b6,ok
,Move Mountains,Havne Winterboot,,01h6zxbgq2krdekcp1mtt0q4be,ok
,Stump,Humble W,,01h6zxbgq2krdekcp1mtt0q4bk,ok
,Heldre,Berget liggeunderlag,,01h6zxbgq5jb493xq9a6r06qav,ok
,Jak,Fagerlund Duffelbag 30L,,01h6zxbgqaa3e4m99p60yee3kf,ok
,Move Mountains,Clim Vintersko m/pigg W,,01h6zxbgqea4r2bn0btrrt5qhh,ok
,Move Mountains,Clim Vintersko m/pigg,,01h6zxbgqea4r2bn0btrrt5qhj,ok
,Vikafjell,Smauet refleks pant,,01h6zxbgqea4r2bn0btrrt5qhq,ok
,Vikafjell,Smauet refleksdress,,01h6zxbgqea4r2bn0btrrt5qhs,ok
,Snjór,Bulle parkdress barn,,01h6zxbgqea4r2bn0btrrt5qhw,ok
,Sway,Hiker W,,01h6zxbg0y11wtt1tz4704766d,ok
,Ox,OX Trampoline Safety Net,,01h6zxbg0z372mp0xyzkak4knh,ok
,Treksta,Treksta Junior Trail Mid 02,,01h6zxbg13ak8j0qdd0vzszdwt,ok
,Storm,Storm Proofer Spray On 300ml,,01h6zxbg166c5qfwwqhxj7nzde,ok
,Storm,Leather Cream 100ml,,01h6zxbg166c5qfwwqhxj7nzdh,ok
,Treksta,Treksta Trail Low Lace Barn og Jr,,01h6zxbg18k9yeqms6ga0havqv,ok
,Evon,Evon Sykkelhanske,,01h6zxbg1fma71tyc825pdb365,ok
,Assist Sport,SN Ispose Krt 24 stk,,01h6zxbgbfscac2v16chm1a5hx,ok
,Hestra,Isaberg CZone Sr - 5 finger,,01h6zxbeqzpjmdjevsvswkb10p,ok
,Craft,Craft Cool Shftless 2-Pack Sock,,01h6zxbf1ve6xsa1k4nsj5qare,ok
,Salomon,Prolink Access Junior,,01h6zxbf2773vm829hxhhhjwq4,ok
,Anniel,Gymsko skinn gymsokker,,01h6zxbf36nwbwkff7p8q2hxne,ok
,Pedag/Schelchen,Såle Pedag 149 Felt,,01h6zxbfcxnhfg1d0gernfxy6s,ok
,Heldre,Skuteviken sommerdun jkt M,,01h6zxbfqbm110zhjbfcp4gdhw,ok
,Heldre,Torefjell Shorts Herre,,01h6zxbfqe1mwtrvmexw7v0vtd,ok
,Kinetic,"Kinetic Power Striker Combo 6,6 50lbs",,01h6zxbfqe1mwtrvmexw7v0vtn,ok
,Vikafjell,Ulriken 3 bukse junior,,01h6zxbfqnneg8jz83w1qkgyne,ok
,Sway,Helsinki running jacket M,,01h6zxbfqqmhwgx05234kpx73e,ok
,Endurance,Daisilla W Seamless Tights,,01h6zxbkkzbecsaecyqf0k6y5d,ok
,Snjór,Saalbach dunvott,,01h6zxbkm38fbwx2vhswe5h2mj,ok
,Mitchi,Aurora Tights,,01h6zxbkm38fbwx2vhswe5h2mk,ok
,Sway,Dural 26-35,,01h6zxbkm4471vc4zq7rbmgqdz,ok
,Birkebeiner,Finse WP 36-41,,01h6zxbkm542d85r894chf9b4f,ok
,Adidas,X GHOSTED.3 TF,,01h6zxbkm542d85r894chf9b4n,ok
,Snjór,Saalbach skihanske,,01h6zxbkm6r6ndcc5hxzsjb7q4,ok
,Ox,OX Stakemaskin,,01h6zxbkm9dnbw2v4x974j55gj,ok
,Vikafjell,Såtefjell vattert bukse - Dame,,01h6zxbkmb1z0s01jgjd4pjhgn,ok
,Vikafjell,Såtefjell vattert bukse jr,,01h6zxbkmb1z0s01jgjd4pjhgp,ok
,Vikafjell,Kvandalen bukse dame,,01h6zxbkmb1z0s01jgjd4pjhgx,ok
,Treksta,Mitten GTX Kids,,01h6zxbkmceg2ssccm2avdmvzw,ok
,Vikafjell,Marken vattert skalldress - Dame,,01h6zxbkmdf3mm1f6vd11xvgk2,ok
,Heldre,Blunde pyjamas,,01h6zxbkmetd6ve86bd587bdr5,ok
,Heldre,Blunde pyjamas dame,,01h6zxbkmetd6ve86bd587bdr6,ok
,Snjór,Hike Oversized Dunparka,,01h6zxbkmfgr42y8z13hf9kggf,ok
,Snjór,Jostedal ullvott,,01h6zxbkmgmkm32snb0mzpjy15,ok
,Sway,Spider Lit Refleks,,01h6zxbkmhnxx060h76dwgk1qc,ok
,Heldre,Stavanger skallbukse - Barn,,01h6zxbkmksr7bg33g0ksf8xpk,ok
,Heldre,Tana vintersko 36-41,,01h6zxbkmksr7bg33g0ksf8xpp,ok
,Heldre,Tana vintersko 42-46,,01h6zxbkmksr7bg33g0ksf8xpv,ok
,Famme,Vital Leggings,,01h6zxbkmm0fvkysvtmw0530t3,ok
,Famme,Forward Leggings,,01h6zxbkmm0fvkysvtmw0530t4,ok
,Kari Traa,Hygge,,01h6zxbkmpakkrr95re7hwvfkc,ok
,Staur,Jostedalsbreen teleskopstav ALU,,01h6zxbkmvv5ravc4cwe4xqk1s,ok
,Staur,Breheimen Teleskopstav Karbon,,01h6zxbkmvv5ravc4cwe4xqk1t,ok
,Endurance,Pangerano Wool Gloves,,01h6zxbkmwwmt2btxd12avthv2,ok
,Endurance,Leevinga W XCS Windblock Pants,,01h6zxbkmwwmt2btxd12avthv3,ok
,Endurance,Dosmero M XCS Windblock Pants,,01h6zxbkmwwmt2btxd12avthv4,ok
,Endurance,Janinga W Rib Seamless Tights,,01h6zxbkzn6a3jd78pj4hqxah1,ok
,Endurance,Kambellana W Print Tights,,01h6zxbkzp70t7tr06xgkd18b9,ok
,Endurance,Beiniena W S/S Tee,,01h6zxbkzp70t7tr06xgkd18ba,ok
,Endurance,Selja W Pants,,01h6zxbkzp70t7tr06xgkd18bd,ok
,Endurance,Buyongo M Lite Shoe,,01h6zxbkzqb2fweaf938aa3sjk,ok
,Graffiti,Darminton Kids Winterboot WP,,01h6zxbkzry80d40w7fapm0f8e,ok
,Graffiti,Wesenda Kids Winterboot WP,,01h6zxbkzry80d40w7fapm0f8f,ok
,Graffiti,Clementan Kids Boot WP W/lights,,01h6zxbkzry80d40w7fapm0f8g,ok
,Whistler,Mannewu M Goodyear Boot WP,,01h6zxbkzsdghqjjsc05xm049n,ok
,Ox,OX Nelson Winelipse,,01h6zxbkzsdghqjjsc05xm049v,ok
,Graffiti,Kenailon Kids Winterboot WP,,01h6zxbkzth2f7nybrw5c6tctp,ok
,Graffiti,Sanenu Kids Reflective Winterboot WP,,01h6zxbkzth2f7nybrw5c6tctq,ok
,Eska,Bento Shield kids,,01h6zxbkzth2f7nybrw5c6tctr,ok
,Eska,Boaz Pro GTX kids w/wool lining,,01h6zxbkzth2f7nybrw5c6tcts,ok
,Eska,Eska Multi PrimaLoft® X,,01h6zxbkzv49sqq38s1bv61x10,ok
,Whistler,Ferday M Low temperature Polarboot WP,,01h6zxbkzv49sqq38s1bv61x15,ok
,Whistler,Wattuana Ice Winterboot WP,,01h6zxbkzv49sqq38s1bv61x16,ok
,Endurance,Gettia Outdoor Boot WP,,01h6zxbkzv49sqq38s1bv61x17,ok
,CMP,Anthilian Kids Snow Boot WP,,01h6zxbkzwdr7g244rns5gk600,ok
,CMP,Kinos W Snow Boots WP 2.0,,01h6zxbkzxhjtdqnad12mp16vs,ok
,CMP,Woman Parka Light Hybrid Softshell,,01h6zxbkzxhjtdqnad12mp16w3,ok
,CMP,Man Pant,,01h6zxbkzxhjtdqnad12mp16w6,ok
,CMP,Woman Pant,,01h6zxbkzxhjtdqnad12mp16w7,ok
,CMP,Man Knitted Hat,,01h6zxbkzyb3evfwdvdxbjaavk,ok
,Graffiti,Toweren Printed Coverall W-PRO 10000,,01h6zxbkzyb3evfwdvdxbjaavv,ok
,Graffiti,Rizzon Hat,,01h6zxbkzyb3evfwdvdxbjaavy,ok
,Vertical,Hastingson Windstop Glove Sr.,,01h6zxbkzyb3evfwdvdxbjaavz,ok
,Vertical,Buronon M Parka W-PRO 10000,,01h6zxbkzzxh99pkree356yh15,ok
,Vertical,Joanu W Long Puffer Jacket,,01h6zxbkzzxh99pkree356yh16,ok
,Vertical,Gabeono M Stretch CT Ski Jacket W-PRO 15000,,01h6zxbkzzxh99pkree356yh18,ok
,Vertical,Faden W Long Ski Jacket W-PRO 10000,,01h6zxbkzzxh99pkree356yh19,ok
,Vertical,Lizbetha W Parka W-PRO 10000,,01h6zxbkzzxh99pkree356yh1c,ok
,Vertical,Nalana W Melange Parka + W-PRO 10000,,01h6zxbkzzxh99pkree356yh1d,ok
,Vertical,Remeeno Unisex Beanie,,01h6zxbkzzxh99pkree356yh1h,ok
,Vertical,Mulliana W Parka W-PRO 10000,,01h6zxbm00jvnc9hkgy59p46mm,ok
,Ox,OX Melbourne tredemølle,,01h6zxbm00jvnc9hkgy59p46mq,ok
,Saucony,TRIUMPH 19 W,,01h6zxbm017v46gx7b7mza839q,ok
,Ox,R2 Hockeyskøyte Herre,,01h6zxbm02dtkfs0egg1b4a2r3,ok
,Ox,Sonja kunstløpskøyte Dame,,01h6zxbm02dtkfs0egg1b4a2r4,ok
,Ox,Slåtthaug justerbar skøyte Jr,,01h6zxbm02dtkfs0egg1b4a2r5,ok
,Kote,Kløfta 41-46,,01h6zxbm09bb7ncb8z02jf4aeb,ok
,Kote,Gjora 37-41,,01h6zxbm09bb7ncb8z02jf4aec,ok
,Kote,Gjora 42-46,,01h6zxbm09bb7ncb8z02jf4aed,ok
,Kote,Randsverk 40-46,,01h6zxbm09bb7ncb8z02jf4aef,ok
,Kote,Elster 37-41,,01h6zxbm09bb7ncb8z02jf4aeg,ok
,LMNTS,Naglabete håndvarmer 3 pk,,01h6zxbm09bb7ncb8z02jf4aeh,ok
,Sway,Metz bomullsokk - 3 par,,01h6zxbm09bb7ncb8z02jf4aer,ok
,Röhnisch,Essence Logo Tee,,01h6zxbm0bb7bf5kx9vb3z3ds0,ok
,Puma,Merchant sweatpant M,,01h6zxbm0bb7bf5kx9vb3z3ds6,ok
,Puma,Merchant hoodie W,,01h6zxbm0bb7bf5kx9vb3z3dsa,ok
,Puma,Merchant tee B,,01h6zxbm0bb7bf5kx9vb3z3dsd,ok
,Hummel,hmlMover cotton Bee tee JR,,01h6zxbm0cz0gkt0pch5rhqrn1,ok
,Diadora,Mythos Blushield 7 Vortice Hip - Dame,,01h6zxbm0d9w7dzsf70j2s3hjb,ok
,Diadora,Freccia - Herre,,01h6zxbm0d9w7dzsf70j2s3hjd,ok
,Diadora,Freccia - Dame,,01h6zxbm0d9w7dzsf70j2s3hje,ok
,Snowflake,Twister Akebrett,,01h6zxbm0d9w7dzsf70j2s3hjf,ok
,Hike Sport,Helle turjakke M,,01h6zxbm0fsxmngqk640v36tka,ok
,Tufte,Round Neck Sweat Dame,,01h6zxbm0fsxmngqk640v36tkd,ok
,Ox,Lance spinningsykkel,,01h6zxbm0gz76na53kc1w8m19s,ok
,Mitchi,Lauren camo sports-BH,,01h6zxbm0hesg8jx17g5n4a1pc,ok
,Tufte,Tufte Zip Hoodie Jacket,,01h6zxbm0j6xh4vxxwhsqqddbz,ok
,Tufte,Tufte Women Active Tight Pants,,01h6zxbm0j6xh4vxxwhsqqddc3,ok
,Sway,Oxford joggebukse - Barn,,01h6zxbm0j6xh4vxxwhsqqddcb,ok
,Puma,Graphic AOP Tee W,,01h6zxbjw7pyq4g5vghezktbtg,ok
,Famme,Famme Anfrag Tights,,01h6zxbjw84vjwk2rydzmp3wjt,ok
,Endurance,Carbor M S/S Tee,,01h6zxbjwctd6zv93kzzvjfdhj,ok
,Endurance,Leoming M Midlayer,,01h6zxbjwd817yvj6xvgbm7rvp,ok
,Endurance,Icon-Run M Jacket,,01h6zxbjwd817yvj6xvgbm7rvt,ok
,Endurance,Sustainable W S/S Tee,,01h6zxbjwf4899v3qt86mx0329,ok
,Endurance,Linetia W W/Mesh S-S Tee,,01h6zxbjwf4899v3qt86mx032d,ok
,Endurance,Aomai W Sweat Pants,,01h6zxbjwgp00zapfjrwq14wna,ok
,Endurance,Juliette W Embossed Jacket,,01h6zxbjwgp00zapfjrwq14wne,ok
,Cruz,Celinna Bikini Pants,,01h6zxbjwj70te1kk9m7vdndgn,ok
,Cruz,Elmoi M Shorts,,01h6zxbjwkpnb2aftc6y6f4fwz,ok
,Graffiti,Fion Bikini,,01h6zxbjwkpnb2aftc6y6f4fx2,ok
,Graffiti,Budy Swim Trunks,,01h6zxbjwkpnb2aftc6y6f4fx5,ok
,CMP,Mens Hybrid Hooded Jacket,,01h6zxbjwn3k4psd0ec58m4b6v,ok
,Endurance,Urbing Unisex Shoe WP size 36-41,,01h6zxbjwpztdw6vkpbt43a2mw,ok
,Endurance,Ailland M Shoe size 41-46,,01h6zxbjwpztdw6vkpbt43a2mx,ok
,Tufte,Tufte hiking pant W,,01h6zxbjwqms9hvcq1k0r2s40j,ok
,Devold,DUO ACTIVE MERINO 210 SHIRT M,,01h6zxbk6v9wj13pk1shf8brds,ok
,Devold,DUO ACTIVE MERINO 210 LONGS M,,01h6zxbk6xjgcmatex0wqy84jq,ok
,Endurance,Evenand Kids Shoe size 31-39,,01h6zxbk6ydwcjhn1f4e97sw3x,ok
,Heldre,Hovden Fjellstrømpe (39-46),,01h6zxbk78fze63keyca7e47ag,ok
,Diverse,ABD Alcool Gel 100ml,,01h6zxbk7b2y1n9vt5z2bjqkzv,ok
,Kinetic,Kinetic Crystal Box L,,01h6zxbk7crnkkfh1c0kgr8xkp,ok
,Craft,Eaze Sslogo Mesh Tee W,,01h6zxbk7crnkkfh1c0kgr8xkx,ok
,Sway,Sway Naples (36-41),,01h6zxbk7dpr1bdv28hrqdetbj,ok
,Outdoor Research,Flurry Sensor Gloves - Dame,,01h6zxbk7n55grfdab4bvpa3q3,ok
,Seiser,Lue Seiser Alm m/snøkrystall,,01h6zxbk7qysv2hngxsms42t0p,ok
,Vikafjell,Timian dunvest,,01h6zxbk7rx36jvr9p14sdnr88,ok
,Heldre,Norheimsdalen vest (W),,01h6zxbk7zg6whs8cz5gnes1eq,ok
,Heldre,Bekkjavik dunjakke,,01h6zxbk8184c7snyghx0vpr7e,ok
,Heldre,Hamresanden Capri - Dame,,01h6zxbk84wqs10ex3vyz8hkn9,ok
,Mitchi,Janiche Sportsbra,,01h6zxbk84wqs10ex3vyz8hknf,ok
,S.O.L.,Cannes,,01h6zxbk8kq4h7ykhv9w2141hz,ok
,S.O.L.,Sopot Orange,,01h6zxbk8kq4h7ykhv9w2141j1,ok
,Endurance,Vently Unisex Running Hat,,01h6zxbk8pp9374qx1msvx1tjh,ok
,Sway,Duns WP,,01h6zxbk8pp9374qx1msvx1tjp,ok
,Puma,Alpha 7/8 Pants TR op G,,01h6zxbkk679y0j7a9y86p0t25,ok
,Puma,Power Pants FL cl,,01h6zxbkk679y0j7a9y86p0t2d,ok
,Diadora,Mythos blushield 6,,01h6zxbkkfpc3t8mwsey4a5d3z,ok
,Levi's,Levis Peak WP,,01h6zxbkkncg3zxjdymrw08kwc,ok
,Scott,Kinabalu RC 2.0,,01h6zxbkkpz911eqj2ktb7v5nx,ok
,Move Mountains,Nijak winterboot,,01h6zxbkkx8p11qng9721y2vcx,ok
,Move Mountains,Lukka vintersko 36-41,,01h6zxbkkx8p11qng9721y2vcy,ok
,Stump,Solo winterboot,,01h6zxbkkx8p11qng9721y2vd3,ok
,Move Mountains,Wandre vintersko 40-46,,01h6zxbkkx8p11qng9721y2vd4,ok
,Vertical,Lusint M Pro-lite Vest,,01h6zxbkkywsp48cw2hx8fze8g,ok
,Graffiti,Tibet Coverall W-PRO 15000,,01h6zxbkkywsp48cw2hx8fze8k,ok
,Endurance,Landeero M Top,,01h6zxbkkywsp48cw2hx8fze8p,ok
,Move Mountains,Beck II Winterboot,,01h6zxbkkzbecsaecyqf0k6y4y,ok
,Endurance,Merieran W Shorts,,01h6zxbkkzbecsaecyqf0k6y54,ok
,Mizuno,Cyclone Speed 3,,01h6zxbjv896y1mcpj3sv8x8cv,ok
,CMP,Dorado WP - Dame,,01h6zxbjvme3wtkemzx2vsaq32,ok
,Treksta,Torre GTX glove (M),,01h6zxbjvp1qjgh5jch4p16y05,ok
,Treksta,Cona GTX glove (M),,01h6zxbjvp1qjgh5jch4p16y06,ok
,Treksta,Cona GTX glove (W),,01h6zxbjvp1qjgh5jch4p16y07,ok
,Treksta,Mila GTX Mitten (W),,01h6zxbjvp1qjgh5jch4p16y08,ok
,Treksta,Alfa down GX Mitten (Uni),,01h6zxbjvp1qjgh5jch4p16y09,ok
,Treksta,Motive GTX Glove (Jr),,01h6zxbjvp1qjgh5jch4p16y0a,ok
,Treksta,Active GTX Mitten (Jr),,01h6zxbjvp1qjgh5jch4p16y0b,ok
,Tiny Trolls of Norway,Tottil ullsokk 3pk,,01h6zxbjvscsc3bggybq8mqwzp,ok
,Vossatassar,VT Aldri Sur Beanie,,01h6zxbjw0hednzegpvm629t4e,ok
,LMNTS,Fnugg Akebrett,,01h6zxbn4d7gm94jgmx0cddpex,ok
,Champion,Hooded full zip sweatshirt,,01h6zxbn4f24hpbp8j67batfaz,ok
,Vertical,Tauruso M Shirt,,01h6zxbn4rvdrm8hmhyg69esrw,ok
,Endurance,Baremon M Pants,,01h6zxbn4s1e7g8x9xrygc2dca,ok
,Vertical,Gangteno M Casual Shoe,,01h6zxbn4v84gf5825yjsdefhm,ok
,Vertical,Kuyaerom M Casual Shoe,,01h6zxbn4v84gf5825yjsdefhn,ok
,Snjór,Zermatt Alpinhjelm,,01h6zxbn4v84gf5825yjsdefhv,ok
,North Pro,Kiara Dress,,01h6zxbn4ywjr8tqze204dyfgn,ok
,Mizuno,Stealth star junior,,01h7sp81w94rt89k8t2qhj1gxh,ok
,Sway,Hove 41-45,,01h81petgwrd5qwdn07931k6cn,ok
,Endurance,Naurunon M Shoe WP,,01h980jrpcmkhf2xc79jzfd1g3,ok
,Kari Traa,Louise Beanie,,01h9ffprhbvycmx7785y75rxey,ok
,Kari Traa,Louise Headband,,01h9ffzkba4cqm1kt7jqh3ktj6,ok
,Kari Traa,Louise Pyjamasbukse,,01h9fj860qjm56z18ypbvyg56w,ok
,Leki,Leki XC Shield,,01h9j6prmnzpj3xts332gkz3t9,ok
,Inferno,Inferno Superundertøy sett Jente,,01h9q6626anktrzfkfgtayamz8,ok
,Treksta,Alaska Heat GTX,,01hca23dvvy48ecd07rbe9r018,ok
,Peak,Taichi Trail 39-45,,01hcw8wc1aq2wexkt41qt0xhz1,ok
,Treksta,Spike Mid Light  GTX,,01hdrfb5j7y10v2em7f09843j3,ok
,Sail Racing,W Race Down Jacket,,01he9zgmvyg0j2ss2md8xhwz1e,ok
,Sail Racing,W Race Down Coat,,01hea0ycem4zszcfj2e5m3t7ha,ok
,Sail Racing,Race Bonded Zip Hood,,01hea1c8gt495c3xd95ynv1v72,ok
,Sway,Shun 30-39,,01hemdr6nyv02qpypxrpaj13z6,ok
,North Pro,Rough tee,,01h6zxbm0p1rksnyqp81kymgpa,ok
,Ox,Fjærlås 50mm til Olympisk stang 2stk,,01h6zxbm0q2rg48g4rqderczrx,ok
,Outdoor Research,Frittata Beanie,,01h6zxbm0r27y31pzwnhd7xznr,ok
,Outdoor Research,Vigor plus Balaclava,,01h6zxbm0r27y31pzwnhd7xzns,ok
,Tiny Trolls of Norway,Fant boxer,,01h6zxbm0tc6mcpjb76bg5rs0v,ok
,Saucony,EXCURSION TR15 GTX W,,01h6zxbm0vqv19xd5bynwn5h9x,ok
,Graffiti,Carlya Bikini,,01h6zxbm0xs5ayanp2ysgr7yqk,ok
,Vertical,Palmery M Softshell Jacket W-PRO 8000,,01h6zxbm0ys2xs1zbjc8t0t9rp,ok
,Endurance,Airyan W Light Weight Running Shorts,,01h6zxbm102b9r0khfyre8vgjg,ok
,Endurance,Dorhia Jr. Tights,,01h6zxbm12gx3j4fe77t6rhvfg,ok
,Endurance,Jilldana W Pants,,01h6zxbm12gx3j4fe77t6rhvfp,ok
,Cruz,Findelana W Chunky Sandal,,01h6zxbm14kjg4mrp81fasbdh7,ok
,Lars Monsen,Beitostølen Thinsulate-jakke - Junior,,01h6zxbm1817ax1ea4q9ktcb1v,ok
,Umbro,Velocita VI 1.0 TF Jr,,01h6zxbm1gsfrx9stz946e1gj3,ok
,Bula,Move Gloves,,01hm6enf9kq627mqp0x38bnjkc,ok
,Bula,Jr Move Gloves,,01hm6ez1tvwehwvwevx4tfzc69,ok
,Bula,Jr Move Mittens,,01hm6f98ftw6y0nfhjwnctndsk,ok
,Zanier,Trysil GTX Skiglove,,01hmgm6j9fz21w8mvdp1m38yv1,ok
,Zanier,Trysil GTX Mitten,,01hmgmva7hcfevdjn7g9m7w60z,ok
,Zanier,Trysil GTX Jr. Skiglove,,01hmgn0mn8sbmbfak5njrnr774,ok
,Bula,Prima Fleece Neck Gator,,01hmrfv0rfx0x75s4ja1mx1fng,ok
,Endurance,Vibow Jr. Hot Pants 3-Pack,,01hmvd4hcnkgwkk4pde16h7y57,ok
,Zanier,Kids GTX Mitten,,01hn2c07egsr711jtqnzqm7br2,ok
,Graffiti,Amad PU Mittens,,01hnhyxgyz4pgpsegdzwxm3fk0,ok
,Graffiti,Pecae Knit Windproof Balaclava,,01hnj0j2azcy9pncnam44gcxhy,ok
,Graffiti,Merrill Melange Coverall W-PRO 15000,,01hnj0skzfc5ng3a7feq4zps52,ok
,Graffiti,Esraiy Puffer Jacket,,01hnj19pkmbrbq7kfz20xq3dvm,ok
,Graffiti,Bruny Puffer Jacket,,01hnj26vt0ahr4325tf73fzn80,ok
,Graffiti,Ursuley Hat,,01hnj2ezqy14pa3xb5nqphavcr,ok
,Graffiti,Hestnes Coverall W-PRO 10000,,01hnj2kr2n1475bbf149t3ayx7,ok
,Vertical,Walkomen Down Mittens,,01hnj3c8t576mhbdmcz5vxdgh3,ok
,Heldre,Innset 36-41,,01hnmg8zvq237npr6gm996anpv,ok
,Sway,Niva 28-35,,01hnmzfb1xts3yzazfmq10wp72,ok
,Sway,Antora 32-39,,01hp4evmn1yxd61rnfw41r50va,ok
,Heldre,Ebell Thinsulate™ 35-40,,01hperrr6awym065565g5phqhw,ok
,Vikafjell,Toronto hanske jr,,01hpgsq0yqhfxf70ragppjpfp0,ok
,Vikafjell,Ofoten hanske,,01hpgv8qghy7db6rf7evbk5rwn,ok
,Vikafjell,Ofoten hanske jr,,01hpgvfg2smpzashpw2pbd3wpp,ok
,Tiny Trolls of Norway,Totten Vott,,01hph66zfagrztj79cs02ys2g6,ok
,Tiny Trolls of Norway,Bamse Dunjakke,,01hph7amabm4q4q4c4dbt7938y,ok
,Move Mountains,Lukka II vintersko 36-41,,01hppdjbjh8yf1k1waq3egwe4y,ok
,Move Mountains,Wint WP 22-27,,01hppec8rkfmayyb7dtc6hx7hs,ok
,Move Mountains,Katle 36-41,,01hq0pfyj5ex6wa5twvjewk986,ok
,Diadora,Mythos Blushield Volo 2 GLAM,,01hq39e58njafq80dbb9bvkenk,ok
,LMNTS,Joy 36-41,,01hq3rdcbcd07vtr19v2ga7t12,ok
,LMNTS,Joy 42-46,,01hq3rgem0ahbvfd0k5137qrt2,ok
,LMNTS,Rudolf 36-41,,01hq3tnmbv8w234sf37rww9sa7,ok
,LMNTS,Rudolf 42-46,,01hq3tthc815bxt08f300cwz4t,ok
,Tiny Trolls of Norway,Bjørnen Parkdress,,01hq3x52egv0p8zjhb2jyte9dp,ok
,Stump,Vox 40-46,,01hq5w141czbhbdyegb3dt4zzt,ok
,Stump,Alta 36-41,,01hq5wvbz2105g3d2qrcx4q438,ok
,Primus,"Vacuum Bottle 0,5L",,01hq7vm24xms7s8gewah7x4zc1,ok
,Move Mountains,VEO Spikes 41-48,,01hqk5zaapkq69ksnqab6bttnc,ok
,Move Mountains,VEO Spikes 36-41,,01hqk6ac5akh7v4cb9ptv83pfz,ok
,Stump,Nord 36-41,,01hqmqsw4xe86stge2dbvz2jz7,ok
,Nike,RACERBACK BIKINI SET SOLID,,01hqnc7hpkdddw8vyj73980m7c,ok
,Nike,"4"" VOLLEY SHORT",,01hqnh8xfezqfp7c7gyhbn9x1y,ok
,Ergobio,Snøstjerna WP,,01hqqa5y4eb8nvnzan4hx895vw,ok
,Endurance,Cosarama W Color Block Sweat,,01h6zxbms92e3rkp8y7g6pft69,ok
,Graffiti,Marleyna Flannel Shirt,,01h6zxbmsagwv3160c7gtgwck1,ok
,Graffiti,Tarzanu Softshell Jacket W-PRO 8000,,01h6zxbmsagwv3160c7gtgwck2,ok
,Kinetic,Fantastica Mackerel Catcher 10 3-6oz 2sec,,01h6zxbmsc8ztkaebgr1dkv42x,ok
,Levi's,Pool slipper 34-39,,01h6zxbmsc8ztkaebgr1dkv430,ok
,Vertical,Fallonso M Shirt,,01h6zxbmsd43pcs7anzcechkeg,ok
,GUPPY,Dalia sweat crew kids,,01h6zxbmsf9831bvw7fv53m52m,ok
,Lars Monsen,Tursag - 370 mm,,01h6zxbmshphvq5amfg9p6tc5r,ok
,Tiny Trolls of Norway,Sjusoveren bukse,,01h6zxbmsmsznsg5qmvdv7k0cp,ok
,Mizuno,WAVE REVOLT(U),,01h6zxbmsqq3c1hewnymzf947t,ok
,Adidas,SNOWPITCH K,,01h6zxbmss9y3fcz00ypqrejaj,ok
,Adidas,ULTRABOOST 22 X PARLEY W,,01h6zxbmss9y3fcz00ypqrejar,ok
,Adidas,SOLAR GLIDE 4 M,,01h6zxbmsxb4eh724g6sdsx716,ok
,Twentyfour,Mellow Fie Dun Parkas D,,01h6zxbmt0032bdxmahxz1dxme,ok
,Twentyfour,Finse Embla Vott,,01h6zxbmt0032bdxmahxz1dxmh,ok
,Vikafjell,Lyderhorn kåpe dame,,01h6zxbmt0032bdxmahxz1dxmt,ok
,Arcadia,Spree WR 40-46,,01h6zxbmt1vefcm78c10c2x32q,ok
,Move Mountains,Alcor Winterboot,,01h6zxbmt1vefcm78c10c2x32t,ok
,Move Mountains,Jabba Winterboot,,01h6zxbmt1vefcm78c10c2x32v,ok
,Vikafjell,Merlin Jakke Barn,,01h6zxbmt3ft44te434rp2b0wh,ok
,Outdoor Research,Helium Down Hoodie - Herre,,01h6zxbmt487r8gjbca0zvxg0x,ok
,Outdoor Research,Tungsten II GTX® Pants - Dame,,01h6zxbmt487r8gjbca0zvxg11,ok
,Outdoor Research,Tungsten II GTX® Jacket - Herre,,01h6zxbmt487r8gjbca0zvxg12,ok
,Outdoor Research,Tungsten II GTX® Jacket - Dame,,01h6zxbmt487r8gjbca0zvxg13,ok
,Outdoor Research,Liftie VX Beanie - Dame,,01h6zxbmt487r8gjbca0zvxg14,ok
,Outdoor Research,Backstop Sensor Gloves - Dame,,01h6zxbmt59hqdcymbkxewynxf,ok
,Outdoor Research,Revolution II GTX® Gloves - Herre,,01h6zxbmt59hqdcymbkxewynxg,ok
,Rhapsody,Perillan W Boot size 36-41,,01h6zxbmt9bwfk21vprrhhp39d,ok
,MOLS,Sentiana W Winterboot WP,,01h6zxbmt9bwfk21vprrhhp39e,ok
,Whistler,Ferdayana W Polarboot size 36-42,,01h6zxbmt9bwfk21vprrhhp39f,ok
,Treksta,TBC Windstopper Glove,,01h6zxbmtaxe1g08qzsvd1ngzv,ok
,Vertical,Kotokoa W Mittens,,01h6zxbmtba1k6vym0qhbfw9x8,ok
,Vertical,Drifton M Puffer Jacket,,01h6zxbmtba1k6vym0qhbfw9xa,ok
,Vertical,Nevadua M Full Zip Midlayer,,01h6zxbmtba1k6vym0qhbfw9xc,ok
,Vertical,Atlan Boy Puffer Parka,,01h6zxbmtba1k6vym0qhbfw9xf,ok
,CMP,Woman Long Coat Fix Hood,,01h6zxbmtba1k6vym0qhbfw9xj,ok
,Vertical,Ridgewoyon M Parka,,01h6zxbmtba1k6vym0qhbfw9xn,ok
,Raidlight,Raidlight Revolutiv 2.0 ,,01h6zxbmtcd1ns617bxkqy2ad8,ok
,Kari Traa,Liv Beanie,,01h6zxbmtdxm25a6ztvte4rezj,ok
,Kari Traa,Tuva Beanie,,01h6zxbmtfa5qc0ss52p5n805v,ok
,Kari Traa,Tuva Headband,,01h6zxbmtfa5qc0ss52p5n805w,ok
,Kari Traa,Tuva Tube,,01h6zxbmtfa5qc0ss52p5n805x,ok
,Vikafjell,Toronto hanske dame,,01h6zxbmtk28za5y408engrr6e,ok
,Ox,Z3 Hockeyskøyte,,01h6zxbmtma3wsj6djqm6pcafg,ok
,Diadora,Jolly Suede Mesh,,01h6zxbmtr43mas9rs4wenhjen,ok
,Champion,Rib Cuff Pants,,01h6zxbmttmc1d8d1753awq66t,ok
,Snøfall,Snøfall Drikkeflaske,,01h6zxbmtv116zvwwr09n1gtny,ok
,CMP,Knitted M Stripe Wool Hat,,01h6zxbmd2199fa491we6a3t5d,ok
,CMP,Fleece Lining M Hat,,01h6zxbmd2199fa491we6a3t5h,ok
,Endurance,Arram M Muscle Fit Seamless S/S Tee,,01h6zxbmd3mqhp4a1c98ysd3xd,ok
,Endurance,Ofiel W Seamless Bra,,01h6zxbmd4nx7z25ze2b8f705r,ok
,Endurance,Corbi Primaloft Neck Gaiter,,01h6zxbmd6m22ymewy1q8764c0,ok
,MOLS,Nuslogia W Outdoor Boot WP,,01h6zxbmd7d74f33bc94894k5z,ok
,Graffiti,Rincetos Kids Winterboot WP,,01h6zxbmd8cann191edtah8nrc,ok
,MOLS,Hontoa W Winterboot WP,,01h6zxbmd8cann191edtah8nrg,ok
,CMP,Baby Latu,,01h6zxbmd9h4q09mjcm815hnwg,ok
,CMP,Kids Sneewy Snowboot,,01h6zxbmd9h4q09mjcm815hnwh,ok
,Graffiti,Casouen Kids Boot WP Size 28-39,,01h6zxbmd9h4q09mjcm815hnwn,ok
,Endurance,Dumagono M Vibram Shoe WP,,01h6zxbmdgsdbsckvpgfvtgw10,ok
,Outdoor Research,Women's Archangel Jacket,,01h6zxbmdgsdbsckvpgfvtgw13,ok
,Outdoor Research,Women's Vigor Full Zip Hoodie,,01h6zxbmdh8ypjxfrfxjjaq2fg,ok
,Devold,DUO ACTIVE MERINO LONGS JR,,01h6zxbmdj8nzk5fp83rnnjdf0,ok
,Endurance,Dylanto Unisex Lite Shoe,,01h6zxbmdmxr17zv5m04b2f190,ok
,LMNTS,Nissen tøffel 28-35,,01h6zxbmdq3atrmjehxdpve40m,ok
,Umbro,Axis AG Jr,,01h6zxbmdrdd8939k2a1v8nd5r,ok
,CMP,Woman Long Coat,,01h6zxbmdt51zvjhbecyyvyha3,ok
,Graffiti,Kingoro Melange Coverall W-PRO 15000,,01h6zxbmdt51zvjhbecyyvyha4,ok
,Graffiti,Malthana PU Coverall,,01h6zxbmdt51zvjhbecyyvyha5,ok
,Vertical,Feodoro M Parka W-PRO 10000,,01h6zxbmdt51zvjhbecyyvyha9,ok
,Vertical,Quinnon M PU Puffer Jacket W-PRO 5000,,01h6zxbmdt51zvjhbecyyvyhab,ok
,Vertical,Autumana W Long PU Puffer Jacket W-PRO 5000,,01h6zxbmdt51zvjhbecyyvyhac,ok
,Puma,Merchant sweatpant B,,01h6zxbmc41twhcc6r11rcqxay,ok
,Puma,Merchant tee G,,01h6zxbmc41twhcc6r11rcqxb0,ok
,Puma,Heather logo tee w,,01h6zxbmc5whta7egvajhtvtde,ok
,Puma,RTG Active Tights,,01h6zxbmc5whta7egvajhtvtdf,ok
,Kote,Heimdal 36-41,,01h6zxbmc61bkq21wy33fxnsx8,ok
,Kote,Kløfta piggsko 37-41,,01h6zxbmc61bkq21wy33fxnsx9,ok
,Hummel,hmlCORE XK HALF ZIP POLY SWEAT,,01h6zxbmc8e6vf58t0dg26amtm,ok
,Diadora,Mythos Blushield Vigore - Herre,,01h6zxbmcg0kqhegcmqnj4qc38,ok
,Endurance,Kaylana W Vibram Boot WP Size 36-42,,01h6zxbmcg0kqhegcmqnj4qc3f,ok
,Leki,Leki Storm,,01h6zxbmchg3gd39wcye0bxrzx,ok
,Sway,Metz bomullsokk 2pk,,01h6zxbmchg3gd39wcye0bxs00,ok
,Mitchi,Lina Sports-BH,,01h6zxbmcj7eh6dqyc1zjkfsgp,ok
,Snjór,Hike dunvest,,01h6zxbmcn1xt2xr11wcd1t5sg,ok
,Kinetic,Kinetic Ull lue,,01h6zxbmcp59r1xymn45mjnde1,ok
,CMP,Jersey M SS Poly Tee,,01h6zxbmctez9a2f08853x0evg,ok
,Outdoor Research,Stormtracker Sensor Gloves - Dame,,01h6zxbmcvajye5qrthp4zrb1b,ok
,Outdoor Research,Versaliner Sensor Gloves - Herre,,01h6zxbmcvajye5qrthp4zrb1c,ok
,Outdoor Research,Men's Sureshot Heated Softshell Gloves,,01h6zxbmcvajye5qrthp4zrb1e,ok
,Outdoor Research,Liftie VX Beanie,,01h6zxbmcvajye5qrthp4zrb1g,ok
,Outdoor Research,Men's Vigor Full Zip Hoodie,,01h6zxbmcvajye5qrthp4zrb1k,ok
,Outdoor Research,Hemispheres II GTX® Bibs - Herre,,01h6zxbmcw35hh8pnc7wtpjaf1,ok
,Outdoor Research,Hemispheres II GTX® Jacket - Dame,,01h6zxbmcw35hh8pnc7wtpjaf2,ok
,Outdoor Research,Hemispheres II GTX® Bibs - Dame,,01h6zxbmcw35hh8pnc7wtpjaf3,ok
,Outdoor Research,Men's SuperStrand LT Jacket,,01h6zxbmcw35hh8pnc7wtpjaf6,ok
,Outdoor Research,Men's SuperStrand LT Hoodie,,01h6zxbmcw35hh8pnc7wtpjaf7,ok
,Outdoor Research,Women's SuperStrand LT Jacket,,01h6zxbmcw35hh8pnc7wtpjaf8,ok
,Outdoor Research,Women's SuperStrand LT Hoodie,,01h6zxbmcw35hh8pnc7wtpjaf9,ok
,Puma,MASS Merchant Style Tee W,,01h6zxbmcxqz6g2gd1znr246c3,ok
,Kombi,Sapador GTX glove,,01h6zxbmcxqz6g2gd1znr246c7,ok
,LMNTS,Vega 160 sykkellykt,,01h6zxbmd1n9zbttsd7z2pez6c,ok
,Outdoor Research,Liftie VX Beanie - Dame,,01heq690zgbwzz7ks0hnbh6zed,ok
,Outdoor Research,Women's Revolution II GORE-TEX Gloves,,01heqcat7b9p1p3rytxte4w92e,ok
,Outdoor Research,Men's Adrenaline Gloves,,01heqczqex70kgv1nf235ymfbe,ok
,Outdoor Research,Women's Adrenaline Gloves,,01heqd9vaayxft80qpnax2vesq,ok
,Daniel Franck,Djerv Dunparkas D,,01hkmr0m6rvgzvakcarh8hmjs9,ok
,Johaug,Strut Microfiber Pant,,01hkphbsw6a83v5q16t9ky1z5e,ok
,Daniel Franck,Djerv Dunparkas U,,01hkq355kmdn1b4rpcm3b6kcvr,ok
,Puma,MASS Merchant Style Tee W,,01h6zxbms34kd8k1eq7940qkf6,ok
,Diadora,Equipe Nucleo - Herre,,01h6zxbms4tv90a65xa46mbzay,ok
,Puma,Merchant shorts M,,01h6zxbms4tv90a65xa46mbzb8,ok
,Rhapsody,Zowferno M Casual Shoe size 41-46,,01h6zxbms5xxmdjs6jbmvssxwt,ok
,Kari Traa,Røthe mitten,,01h6zxbms7q01hx0x5bb4cmxhw,ok
,Vertical,Freerider W CFT+ Puffer Ski Jacket W-PRO 10000,,01h6zxbmdv37tz2h9dhec89vjh,ok
,Vertical,Freerider M CFT+ Puffer Ski Jacket W-PRO 10000,,01h6zxbmdv37tz2h9dhec89vjj,ok
,Vertical,Cargon M Ski Jacket W-PRO 10000,,01h6zxbmdv37tz2h9dhec89vjk,ok
,Vertical,Paulon M Long Puffer Jacket,,01h6zxbmdv37tz2h9dhec89vjm,ok
,Vertical,Viragoro Jr. 4-way Stretch Ski Jacket W-PRO 10000,,01h6zxbmdv37tz2h9dhec89vjn,ok
,Vertical,Drifteron Jr. Ski Jacket W-PRO 10000,,01h6zxbmdv37tz2h9dhec89vjp,ok
,Vertical,Hollieana W Long Quilted Jacket,,01h6zxbmdv37tz2h9dhec89vjq,ok
,Vertical,Pamer M Down Parka Jacket,,01h6zxbmdv37tz2h9dhec89vjr,ok
,Vertical,Mamaya Mitten,,01h6zxbmdwghf428s8h960bkf5,ok
,STAUT,Proteinbar 80 g Salty Caramel,,01h6zxbmdwghf428s8h960bkfd,ok
,Mizuno,Wave Revolt 3,,01h6zxbmdydqd2re8z3d59m4a4,ok
,CrazySafety,Giraffe Bicycle Helmet,,01k2edxcad9a5102x5wczctg71,ok
,Vikafjell,Fjellheim 2L vattert jakke - Barn,,01k33tp64k5n1jvgvbt3h2k1g6,ok
,Vikafjell,Seim vattert jakke - Barn,,01k3r7cskgrbgkq1ycjht19e8t,ok
,Mizuno,MONARCIDA NEO III SELECT(U),,01k3rch27phcv8n80j5m0j3799,ok
,Vikafjell,Barnebrodder,,01k3rdtrxegwakwtjmzxan4e3z,ok
,Kamik,Ariel F,,01k4ca51e2mavve3175hg6ygec,ok
,Briko,Briko Perla,,01k4vvt241tycxwaa78kak1mdp,ok
,Briko,Briko Zante visor,,01k4vwsqrdeeahhgj2gce12f5z,ok
,Bula,Jr Alex Beanie,,01hr9ws2bhxqcfqt5caybek9ka,ok
,Zanier,Kids GTX Mitten,,01hstsd894a863efm5a23tr7nr,ok
,Zanier,Monster STX Kids Mitten,,01hstt6s41dpm079neg94esqt8,ok
,Zanier,Rauland STX Shell Mitten,,01hsttkdwn1qq7sex6e1dks1zf,ok
,Zanier,Polar Down Mitten STX,,01hsttrvaertxpqd4bhb3rbkd6,ok
,Zanier,Polar Down Jr. Mitten,,01hsttz8fg5b27z3hax2wd5sse,ok
,MOLS,Sentiana W Winterboot WP Size 36-41,,01hv1wrkzea23nrv44qgv5q726,ok
,Heldre,Myrdal ull longs - Herre,,01hv6gehv3zkw6vb37fc1a4hnf,ok
,Lotto,Stadio 705 Jr. AGMR,,01hz43bfbmcb1210tsyp9e74zb,ok
,Ox,X4 Hockeyskøyte,,01j0aykjnj38pq3vk09yjyzgvw,ok
,Diverse,Sjokolade,,01j0ts3wxgv5mtkag3s3exx6jr,ok
,Staal,Stålisen Pro,,01j179v8g4v375q3ky3gfzyxk5,ok
,Staal,Bybrodden,,01j17ab13z9yk0zptp3c2n8b2y,ok
,Vertical,Bandoso M Ski Pants W-PRO 15000,,01j28jps32v17bb48h1ax4jwsn,ok
,Vertical,Palmdalena M Ski Jacket W-PRO 10000,,01j28py5vfkmmr3wwdmmjr5g8w,ok
,Northug,Mosvik langrennsstav - Senior,,01j28qysgsgx8vh5e86g6eqne3,ok
,Northug,Mosvik langrennsstav - Junior,,01j28rmyaz1rkewnbaj2zgncfk,ok
,Alien,Misty Flip alpinstav - Junior,,01j28ssw584re70vchf68b0pze,ok
,Staur,Kvitfjell alpinstav,,01j28tnedyhx2wf3hbybk1dmjy,ok
,Alien,Charlie skibrille,,01j28z16spfnn3tafbg4yyntaj,ok
,Alien,Mike skibrille,,01j28zfyekgys2914rq6ege2a5,ok
,Alien,Enigma skibrille - Junior,,01j28zw7k9wd0g0dg25gc9mkm7,ok
,Alien,Piste skihjelm,,01j2904cwrj0ghvsmqe0yetq92,ok
,Alien,Flatspin skihjelm - Junior,,01j292dan03x33k50pdspn800z,ok
,Alien,Line skihjelm,,01j292qkzrrf2a98tpzj3nr7e5,ok
,Alien,Touring skihjelm,,01j2930668h04e7srnch2z3rnm,ok
,Snjór,Kali dunjakke - Dame,,01j297nnn37cqw8rwqnwr4ztfv,ok
,Vertical,Zukoso M Ski Jacket W-PRO 15000,,01j2dsnh6vqvjg3x9tpsgbmryz,ok
,Vertical,Parriten Winterboot WP,,01j2dvb4pgh2atb91qhz1e55vs,ok
,Vertical,Støtval Jr. Ski Pant W-PRO 15000,,01j2dvynz814dfyn9g58drs0ht,ok
,Vertical,Amareton W Long Puffer Jacket,,01j2dwxabkaat0sy34zx0h4wbe,ok
,Vertical,Kingmana W Ski Jacket W-PRO 10000,,01j5afgmyg0v36y3t9dzt5ppvy,ok
,Vertical,Kingmana M Ski Jacket W-PRO 10000,,01j5afwzh5zdt5rxaetwqv1ae5,ok
,Vertical,Kingmana Jr. Ski Jacket W-PRO 10000,,01j5ag8hgpxar4chfsm19arj2v,ok
,Vertical,Montecanna Jr. Ski Jacket,,01j5agjgx8208bvcbq8271172n,ok
,Vertical,Landen Jr. Puffer Jacket,,01j5aj1nmghkctymy6v3fkar1b,ok
,Vertical,Montecana W Ski Jacket W-PRO 10000,,01j5an8grzc4pv7q760gyhmvg4,ok
,Vertical,Klippana M puffer jacket,,01j5qszswf5jx7zc009ezvk9av,ok
,Vertical,Lewisvillen W CFT+ Stretch Ski Pants W-PRO 10000,,01j5qvw4tp73tvktmy11cvsazv,ok
,Vertical,Lewisvillen M CFT+ Stretch Ski Pants W-PRO 10000,,01j5qw3thm4b3htcpmy9k8xfta,ok
,Vertical,Beanio Unisex Beanie,,01j5swre1np76ykfq4nmfxsz7d,ok
,Vertical,Lunon Unisex Beanie,,01j5sx5a4wfcc2xnhe8b326kk2,ok
,Vertical,Encoren/Volcanna M Parka W-PRO 10000,,01j5syjtq66hs9adat44ptfzr2,ok
,Graffiti,Eleniaja Glitter Hat,,01jmvgr6evnxvxwa427k3ygq3w,ok
,Graffiti,Gelinas V2 Printed Parka,,01jmvhfc21tg5k6pw0g7bw8hm2,ok
,Vertical,Benani JR Puffer Jacket,,01jmvkfxek0w3etmsvw17beqkt,ok
,Vertical,Chacha W Parka W-PRO 10000,,01jmvsn39hdrmhwfh0skbrhj8g,ok
,Vertical,Nahor W CFT+ Puffer Jacket,,01jmvx8b73nm1s0jqzzm89p9yw,ok
,Vertical,Nahor M CFT+ Puffer Jacket,,01jmvxprxb4685saqt95nr8se6,ok
,Vertical,Amazaka Jr. Long Puffer Jacket,,01jmvym2n576vyrbjhxbka0r6t,ok
,Vertical,Vicaty W Ski Pants W-PRO 15000,,01jmw06zad7vncr7mxm9416fbg,ok
,Vertical,Suances Jr Puffer Jacket W-PRO 5000,,01jmw13r8nwtzaejgsjtc493by,ok
,Vertical,Peiter M Long Puffer Jacket,,01jmw1amqb18z3acf1daz53z9b,ok
,Vertical,Boken Jr. Ski Jacket W-PRO 15000,,01jmw1j9vkzb3dz0f9c55whmpy,ok
,Vertical,Boken W Ski Jacket W-PRO 15000,,01jmw40ae0kcdy1b4p4cysyfzk,ok
,Twentyfour,Finse 2.0 2-Lags Bukse D,,01jndt3bhzk7ak0gf3fm7bqjn8,ok
,Ergobio,Cryo WP 36-41,,01jq42sbf0nh3rx8gaxgcxy42e,ok
,Noodles,Nola 36-41,,01jqdz0e7edjnw88whhn9vjdhv,ok
,Ergobio,Remox WR,,01jqe06mwx34yr8svrx43tq2p5,ok
,Snjór,Kvitfjell vattert skibukse - Dame,,01jqnrsbr2pnf1hkeh50tzjsva,ok
,Snjór,Kvitfjell vattert skibukse - Herre,,01jqnsdabcvs4s4v4wy8pyfz0h,ok
,Snjór,Kvitfjell vattert jakke - Herre,,01jqnt8h9j596hy4rp5f4490av,ok
,Monster Energy,Monster Lh44 Zero 500ml,,01jqp5f73n6yc0441b4x2j5jgy,ok
,Graffiti,Towardly Printed Coverall W-PRO 15000,,01jqv1a3xvcxxykdmm4g5tpgq7,ok
,Monster Energy,Monster Lh44 Zero 500ml 24 pk,,01jqxcqk9nv93x7fd0x4zefpdq,ok
,Nordic grip,Veo Zip 36-41,,01jse9n92emt5ds9gn8vdygxnk,ok
,Nordic grip,Hubbard 42-46,,01jsebrap53af29rfpydsvdhw3,ok
,Northug,Polar carbon langrennstav,,01jt01mqms5ncgsrkyf8tdtgcy,ok
,Vikafjell,Skeikampen langrennstav - Junior,,01jt0ezjzb4e9w2tb09sde76gk,ok
,Gulliver,Frost GTX (20-35),,01jv9xx2g8rbx4tjk6sn1rjpy5,ok
,Vertical,Lecca W Boot WP,,01jxcex2db5y4313md330n8vv4,ok
,Vertical,Keliar M Boot WP Size 41-46,,01jxcf71sa2aa086cr0adewb60,ok
,Yikun,Disc Golf Mid-Range SHU - Phoenix Line,,01jxyqx6r9bzy2cd4zsapj5wt7,ok
,Yikun,Yikun Disc Golf Mid-Range YAN - Phoenix Line,,01jxyr0rrbqqe0gqv8h1zn8y68,ok
,Yikun,Disc Golf Putter Mid-Range WINGS - Dragon Line,,01jxyr6b9r5q795g225f2wr7gn,ok
,DO2,Ardiden Bib-shorts,,01jy148wdc5n4brcsx9kazzkj8,ok
,DO2,Grimstad Vindjakke,,01jy1bxe10a54zzegz1f66mbd7,ok
,DO2,Knevarmer,,01jy42nyrcrnks2qdek4jneyqw,ok
,DO2,Driv Trøye SS,,01jygkw6rspn7whmw0sjp3h98p,ok
,DO2,Driv Trøye SS Dame,,01jygm3vd0xsaqrmxfth46qgbf,ok
,Vikafjell,Selhamar m/pigg 42-47,,01jyh3ccwshqt7cr288zgjynvc,ok
,Vikafjell,Selhamar m/pigg 37-41,,01jyh3zhxjb8amqt2py8n0tcz1,ok
,Alien,Alien Akematte M,,01jyp060z59wd2q72jea7762qs,ok
,Alien,Alien Akematte XL,,01jyp0dpqp0zn40rtffgh7dbay,ok
,Missing Link,Hemsedal 3-lags Retrojakke dame,,01jyp31jsb84ytqh63dh6fczzz,ok
,Missing Link,Risenga Turbukse dame,,01jyp3a3dvrx5cda7ry1dnp0dt,ok
,Graffiti,Nowara Pre Walker Boot Size 20-27,,01jz7j14mjwx6meqajajfwae0n,ok
,Graffiti,Alimena Kids Boot WP,,01jz7jwyjh6p2nmz2640vkw39f,ok
,Vertical,Giomi W Leather Boot,,01jz7t9q996rpqezz00nea0gqq,ok
,Vertical,Alvent W Boot,,01jz7x21m9n0w2ds0bm26trw9g,ok
,Vertical,Cocar M Boot WP,,01jz7xbyx9bnb42gknfkgv3j3j,ok
,Northug,Run crew sock light 3pk,,01jhqpgdx3xrq129eac12t0jpm,ok
,Northug,Adventskalender 24pk,,01jhsx9wzn7zt4tqne8zsznev4,ok
,Northug,Spurt tech wool xc sock,,01jhsxgxmwjkyvrf2t8rwyjq1j,ok
,Norge Serien,Norge Sitteunderlag,,01jj6yrkdhshyry2krz025124a,ok
,La Stelle,Firenze 36-42,,01jjkbcytdnnpbb8gst42sb0pp,ok
,Kari Traa,Ellie Pants,,01jjxw1fjpkgvqe6fz3absez81,ok
,Heldre,Tip 28-36,,01jk5dc3ebbg081s5hfqdxhgw7,ok
,Vikafjell,REO Spike Mid 36-40,,01jk7wzb7p31gv30r6tkz9nxh7,ok
,Move Mountains,Smikk  31-39,,01jk80crk52f66szycxms0czdj,ok
,Outdoor Research,Men's Revolution GORE-TEX Gloves,,01jk81p11hvr6hseqnkzgmzkk2,ok
,Outdoor Research,Women's Revolution GORE-TEX Gloves,,01jk81xzbf22sawcxtw25ft1sc,ok
,Outdoor Research,Women's Revolution GORE-TEX Mitts,,01jk82ac958g0gxcmdgnp1fcm1,ok
,Move Mountains,Skaff 32-38,,01jk83nwnars07whkaxpf1bx79,ok
,Move Mountains,Star WP 22-27,,01jk851bz75sqchtkzkvn7m7zh,ok
,Tiny Trolls of Norway,Strand 22-27,,01jk85nw217x558qnzb37vrz26,ok
,Heldre,Kalle Jr 36-41,,01jk866dcat6fmrmf3rswd9j4j,ok
,Snjór,Vala 36-40,,01jk86hbj5f5cd4kwj1b6ekehv,ok
,Vikafjell,REO Spike Low 36-40,,01jk86wg70x04ct9jhdnsgqdeb,ok
,Vikafjell,Reo Spike Low 41-46,,01jk8bhkxxw5m8fgjbbnxmf4en,ok
,Heldre,Tilde 36-41,,01jk8bv5y9jbn5h86g47d2zhbc,ok
,Heldre,Gringo 36-42,,01jk8cbkpaqpttn3t2btesaxfe,ok
,Vikafjell,Reo Spike Mid 41-46,,01jk8d93zgdhmxs8kzfx453dfe,ok
,Heldre,Giljo Mid 36-40,,01jk8dhkfv9amw9qhhfd8d1r5w,ok
,Heldre,Nikka 28-36,,01jk8dsx6m2k6k46qvsprwafxy,ok
,Tiny Trolls of Norway,Terry 20-28,,01jkagddbqkpehkenp43qmyf6q,ok
,Snjór,Storefjell  Softshell Skibukse dame,,01jkdnavnm8zknj2nhm3nbcxvm,ok
,Vikafjell,Nordheim Vattert skalljakke barn,,01jkfq2r08998rgr17e0f1zqff,ok
,Snjór,Hovde Lang Dunjakke,,01jkt95aw741qv8nw394sgjd4x,ok
,Snjór,Hovde Dunkåpe dame,,01jkt9yftqdnwksf69zggp6y2b,ok
,Snjór,Hovde lang dunkåpe dame,,01jktakba4vqb6ptv68nvrm0w9,ok
,Vikafjell,Ytredal teknisk vattert jakke,,01jkwrq4cmh4m9nx4pgw93v2rm,ok
,Vikafjell,Ytredal teknisk vattert jakke dame,,01jkwtckhfmde73mzy0bbsj8dp,ok
,Vikafjell,Hildestad teknisk vattert kåpe,,01jkwxvyxrhn39tsjj4mmk4b97,ok
,Vikafjell,Ytredal  vattert jakke  jr,,01jkwykbv62pvm8hdf1q2rjhb8,ok
,Missing Link,Asker vattert kåpe dame,,01jkwz65kfb73fyk1z1aq0xpen,ok
,Vikafjell,Muen mikrofleece hals jr,,01jkx5npynjjfjd2w49h3nvs0d,ok
,Vikafjell,Muen mikrofleece pannebånd jr,,01jkx6aew26jbbn3magkkdehse,ok
,Snjór,Storefjell vattert skijakke dame,,01jmcm7sg9k78fnbmyetmr7bye,ok
,Snjór,Storefjell vattert skijakke,,01jmcmrg0273jq7p8p5bvndqwy,ok
,Svindland,Rødvinspølse 200g,,01jezgdcw3aa1nwz646wed5gv1,ok
,Svindland,Baconpølse 200g,,01jezh0n5gbe9kj3mdc03phrzt,ok
,Svindland,Vikingpølse 200g,,01jezh90jhzvb1jva6tt5enjp4,ok
,Missing Link,Svalbard dunjakke,,01jezkr9n92wczqawt5wr781bd,ok
,Missing Link,Istind lett dunjakke dame,,01jezmma18rnx1gtbzxfnys2xh,ok
,Missing Link,Kvitfjell lue,,01jeznzrmwrjam1br165eamhm2,ok
,Missing Link,Hafjell lue,,01jezp5hjct9jwesa1f7g2ew2a,ok
,Heldre,Brekkedalen pile fleecejakke,,01j7nhh6dm92esxg3wy24gx22b,ok
,Heldre,Brekkedalen pile fleecegenser dame,,01j7nkna27pyc7t0rncc3594f7,ok
,Northug,Basic training tee men,,01j9949w43gtxwwys912z6wy77,ok
,Vertical,Montecaya M Ski Jacket W-PRO 10000,,01j9x2r9t41gqpy0s4benn0t7e,ok
,Primus,TrailBreak Lunch jug 400,,01jaq363am2m65cm9av968d38e,ok
,Primus,Folding Spork,,01jaq3pyk0bs511fxnfakfkhg9,ok
,Graffiti,Wesenda Kids Winterboot WP size 32-39 V2,,01jaqmtq66jbypnqtdt052fbz2,ok
,Mizuno,Monarcida Neo II Select Jr,,01jat413zsdvjhwsx62fmf6tj6,ok
,LMNTS,Snow Mat XL,,01jb1e5cmgapkpdnyze7mz27dj,ok
,Mizuno,Monarcida Neo II Sel J AS(C),,01jb9919h3rqm6v6nzczv1jqe8,ok
,Primus,"Vacuum Commuter 0,4L",,01jbeympn5y65ge971pemy9w46,ok
,Rezo,Dank Sports Sock w/ Silicone,,01j67cbc575drd1akmz710h0k5,ok
,Graffiti,Daxa Kids Boot Warm WP 28-36,,01j6gzad8jrrya3jnht310pzb2,ok
,Vertical,Gianna W Boot size 36-41,,01j6h125v5p1699z2a3h7csfrk,ok
,Vertical,Daxi W Boot WP 37-42,,01j6hrypwfcyxcx9g2h9wr4knf,ok
,Graffiti,Karlanna Kids Boot w/lights WP,,01j6sac1g4p87a6t4gg22mtv63,ok
,Whistler,ECO Friendly Proofer Spray for Outdoor Clothing 225ml,,01j70swr5p07ak377x3pqnkedc,ok
,House of Hygge,Women's Hiking Pants,,01j72zxnksghrh9qbrxnnc17k0,ok
,Heldre,Kragerø 36-40,,01kd53n4g2kyhmtpadkbz1wmh5,ok
,Heldre,Kragerø 41-46,,01kd54575hmnd5rdhxcwc92qc6,ok
,Heldre,Frøya 36-41,,01kd56z0y108k62bb9c240sxm6,ok
,Lars Monsen,Tolga kobbel mønster,,01kd5s5pb6vmqf65bs8pf8whm0,ok
,Lars Monsen,Tolga Halsbånd,,01kd5sz45267d1v3gy724bwmzg,ok
,Lars Monsen,Orkelbogen Turskål 500ml,,01kdystp1kk907e2bqrssc0vxh,ok
,Lars Monsen,Tolga hundesele,,01kdyvtx39ta40f9vnzwrzh422,ok
,Lars Monsen,Tolga Kobbel,,01kdywdt11n3pbsqskfxqce7q6,ok
,Lars Monsen,Tolga halsbånd mønster,,01kdyz5hbgvjsvj0v5t31bqvws,ok
,Pawfect,Pawfect langline 15m,,01kdyzss8zzsemavpqm7ykcbq4,ok
,Maren,Jippi! valpesele,,01kdz0bq3k6gcdbdt1fpfqe3m8,ok
,Vikafjell,Li Tøffel 22-27,,01kecd3hzg4af2cs08g6b26jzk,ok
,Vikafjell,Li Tøffel 28-35,,01kecfgew7s0szbrjqfvqtj6pk,ok
,Vikafjell,Torvedal WP 36-41,,01keekseq1f1vnjsf1mvs4pr21,ok
,Vikafjell,Torvedal WP 41-46,,01keepjbtybyxd0rb3tj2hpcx4,ok
,Maren,Topp! Slikkebolle,,01kehd3918nk19jcq7e4ah3bb9,ok
,Pawfect,Pawfect Underlag i silikon S,,01kehdjyfwzqe3vetmw76r5dx1,ok
,Pawfect,Pawfect Underlag i silikon  M,,01kehds1755re6caav0rvwapc2,ok
,Maren,Topp! Slikkematte blad,,01kehe6h0z7emt6e14sn9ckpv0,ok
,Maren,Topp! Slikkematte rund,,01kehed01bt4x6hhzdnyabhw5p,ok
,Lars Monsen,Tana 30L,,01kf3d9p1bzwc8801z8vmyk1hs,ok
,Lars Monsen,Tana 20L,,01kf3dhaxvkvrz8rqs6w3aw3tz,ok
,Mizuno,MIZUNO α SELECT(U),,01kh5vbehpqmm3x2wrj9zb74fg,ok
,Mizuno,MONARCIDA NEO III PRO(U),,01kh5ve1vwd2ht10mnt8j9sbxn,ok
,Mizuno,MORELIA SALA PRO TF(U),,01kh5vsyjjw0wpxxn8b7cwvyhr,ok
,Endurance,Maxa StepGo Shoe size 36-48,,01kke7hvgmgr7b516m7c0p7ez1,ok
,Endurance,Maxa StepGo Kids Shoe size 30-39,,01kke89fc8bk9b9x8pt46xyahj,ok
,Endurance,Modon StepGo Shoe size 36-47,,01kkegz59rbf358cg5m403dhje,ok
,Endurance,Endurance Wool Comfort Insole,,01kkej1233kdg486w09r6th52z,ok
,Endurance,Villas Shoe WP Size 36-46,,01kkek77kr8cfwwars11pfarsp,ok
,Pawfect,Pawfect tørket oksemuskel 140g,,01kky6px8gpx5475j2agv0tj4p,ok
,Pawfect,Pawfect tørket storfelunge i biter 100g,,01kkzyy74ywg7645svcc57vqq5,ok
,Pawfect,Pawfect tørket griseøre 200g,,01kkzz6mx75htry2rz57hn7zye,ok
,Pawfect,Pawfect tørket storfestrupe 200g,,01kkzzkn1eqwdj8fqk5s7dhrt7,ok
,Pawfect,Pawfect tørket storfeluftrør 250g,,01kkzztxn5a61ew1zmc8n233bd,ok
,Endurance,Villas W Shoe WP Size 36-42,,01krgbrkgkrhqt8r9v3gxf1cm6,ok
,Rezo,Endenthy Basketball Rim w/ Spring,,01krgqpq0dez9xsvx7c948xth0,ok
,Graffiti,Kaltenborn Kids Neoprene Swim Vest,,01krgr712h98hyb47gwn4y87ke,ok
,Mizuno,Mizuno Fortrush (W),,01kssqrrgjp4xwjkrbwbkrm5e1,ok
,Reebok,Football World Cup Norge,,01kvt9ejrg1dkhfmjwtda9vnt7,ok
